{"type":"FeatureCollection","features":[{"type":"Feature","properties":{},"geometry":{"type":"Polygon","coordinates":[[[-118.837,65.775],[-118.832,65.747],[-118.561,65.68],[-118.434,65.696],[-118.367,65.655],[-118.185,65.688],[-118.044,65.69],[-117.963,65.755],[-118.266,65.856],[-118.113,65.981],[-118.111,66.033],[-117.951,66.062],[-118.031,66.098],[-117.917,66.157],[-117.757,66.152],[-117.613,66.283],[-117.688,66.337],[-117.582,66.367],[-117.596,66.474],[-117.86,66.41],[-117.872,66.483],[-117.764,66.514],[-117.694,66.595],[-117.822,66.631],[-118.052,66.597],[-118.217,66.513],[-118.21,66.45],[-118.321,66.391],[-118.587,66.337],[-118.678,66.353],[-118.833,66.309],[-118.895,66.324],[-119.202,66.319],[-119.376,66.343],[-119.518,66.339],[-119.557,66.302],[-119.764,66.309],[-119.949,66.336],[-120.006,66.38],[-120.14,66.408],[-120.313,66.38],[-120.467,66.388],[-120.435,66.468],[-120.32,66.495],[-120.321,66.549],[-120.207,66.554],[-120.139,66.606],[-119.971,66.663],[-119.806,66.677],[-119.705,66.726],[-119.522,66.731],[-119.302,66.831],[-118.981,66.866],[-119.278,66.933],[-119.486,66.943],[-119.655,66.981],[-119.779,66.977],[-119.784,67.045],[-120.154,67.002],[-120.267,66.957],[-120.536,66.954],[-120.643,66.919],[-120.977,66.858],[-121.163,66.872],[-121.464,66.724],[-121.749,66.694],[-121.997,66.623],[-122.253,66.6],[-122.348,66.616],[-122.619,66.543],[-122.892,66.556],[-122.989,66.475],[-123.27,66.47],[-123.547,66.417],[-123.801,66.389],[-124.048,66.312],[-124.318,66.365],[-124.456,66.26],[-124.758,66.292],[-124.945,66.289],[-125.073,66.266],[-125.124,66.158],[-125.032,66.05],[-124.796,65.912],[-124.805,66.009],[-124.555,66.015],[-124.596,66.152],[-124.185,66.18],[-124.044,66.112],[-123.864,66.106],[-123.772,66.125],[-123.273,66.173],[-123.171,66.085],[-123.055,66.105],[-122.938,66.18],[-123.044,66.253],[-121.907,66.25],[-121.662,66.185],[-121.55,66.093],[-121.369,66.118],[-121.235,66.065],[-121.283,65.987],[-121.395,65.952],[-121.838,65.929],[-122.017,65.982],[-122.231,66.01],[-122.397,66.013],[-122.602,65.981],[-122.511,65.904],[-122.201,65.851],[-122.156,65.775],[-122.334,65.651],[-122.616,65.574],[-122.761,65.566],[-122.89,65.482],[-122.753,65.412],[-122.732,65.343],[-122.85,65.271],[-122.997,65.226],[-123.431,65.202],[-123.493,65.165],[-123.339,65.113],[-122.224,64.998],[-122.167,64.967],[-121.785,65.035],[-121.594,65.172],[-121.619,65.268],[-121.512,65.351],[-121.533,65.39],[-121.355,65.432],[-120.958,65.568],[-120.717,65.618],[-120.388,65.583],[-120.333,65.508],[-120.412,65.378],[-120.704,65.193],[-120.98,65.121],[-120.957,65.042],[-121.084,64.987],[-121.231,65.001],[-121.397,64.993],[-121.499,64.943],[-121.505,64.884],[-121.348,64.816],[-121.205,64.809],[-121.033,64.905],[-120.78,64.984],[-120.67,64.987],[-120.262,65.158],[-120.056,65.193],[-119.985,65.282],[-119.821,65.353],[-119.616,65.348],[-119.477,65.322],[-119.55,65.428],[-119.631,65.474],[-119.83,65.491],[-120.008,65.577],[-119.854,65.679],[-119.717,65.684],[-119.613,65.73],[-119.765,65.748],[-119.703,65.796],[-119.305,65.789],[-119.196,65.81],[-118.837,65.775]]]}},{"type":"Feature","properties":{},"geometry":{"type":"Polygon","coordinates":[[[-118.546,65.713],[-118.318,65.825],[-118.23,65.83],[-118.144,65.767],[-118.498,65.688],[-118.546,65.713]]]}},{"type":"Feature","properties":{},"geometry":{"type":"Polygon","coordinates":[[[-119.45,66.838],[-119.422,66.872],[-119.271,66.905],[-119.114,66.878],[-119.36,66.833],[-119.45,66.838]]]}},{"type":"Feature","properties":{},"geometry":{"type":"Polygon","coordinates":[[[-111.669,62.388],[-111.702,62.4],[-111.932,62.326],[-111.973,62.278],[-112.13,62.222],[-112.206,62.171],[-112.439,62.079],[-112.707,62.068],[-112.882,62.036],[-113.147,62.034],[-113.219,61.999],[-113.358,62.007],[-113.405,62.036],[-113.544,62.01],[-113.564,62.063],[-113.741,62.091],[-113.927,62.219],[-114.066,62.287],[-114.259,62.335],[-114.241,62.404],[-114.341,62.418],[-114.422,62.38],[-114.622,62.355],[-114.803,62.431],[-115.079,62.488],[-115.203,62.539],[-115.232,62.589],[-115.381,62.631],[-115.587,62.646],[-115.925,62.779],[-115.988,62.786],[-116.054,62.711],[-115.948,62.651],[-115.804,62.609],[-115.824,62.568],[-115.69,62.476],[-115.497,62.474],[-115.341,62.493],[-115.302,62.336],[-115.241,62.313],[-115.329,62.247],[-115.036,62.178],[-115.064,62.129],[-114.947,62.052],[-114.79,62.013],[-114.752,61.937],[-114.639,61.934],[-114.634,61.857],[-114.763,61.793],[-114.954,61.752],[-115.196,61.736],[-115.224,61.777],[-115.375,61.779],[-115.544,61.752],[-115.541,61.692],[-115.64,61.664],[-115.66,61.609],[-115.77,61.52],[-115.708,61.455],[-115.851,61.404],[-115.907,61.424],[-116.033,61.393],[-116.002,61.355],[-115.859,61.317],[-115.859,61.288],[-115.994,61.241],[-115.995,61.182],[-116.206,61.273],[-116.42,61.273],[-116.541,61.321],[-116.693,61.334],[-116.798,61.291],[-116.702,61.225],[-117.073,61.151],[-117.493,61.256],[-117.462,61.204],[-117.37,61.174],[-117.304,61.109],[-117.2,61.063],[-117.079,61.047],[-116.746,61.047],[-116.636,61.012],[-116.537,61.033],[-116.414,60.948],[-115.943,60.844],[-115.677,60.862],[-115.543,60.835],[-115.263,60.848],[-115.181,60.871],[-114.881,60.906],[-114.796,60.931],[-114.703,60.9],[-114.432,60.953],[-114.264,60.997],[-114.043,60.97],[-113.762,61.006],[-113.632,61.094],[-113.71,61.263],[-113.666,61.314],[-113.527,61.376],[-113.411,61.399],[-113.338,61.455],[-113.008,61.465],[-112.885,61.444],[-112.703,61.444],[-112.669,61.472],[-112.49,61.518],[-112.218,61.611],[-112.155,61.699],[-112.052,61.763],[-111.826,61.867],[-111.818,61.898],[-111.629,61.951],[-111.476,62.056],[-111.5,62.123],[-111.384,62.207],[-111.248,62.258],[-111.035,62.393],[-110.922,62.406],[-110.658,62.356],[-110.264,62.373],[-110.397,62.411],[-110.319,62.454],[-110.173,62.454],[-110.272,62.523],[-110.491,62.474],[-110.486,62.534],[-110.363,62.568],[-110.172,62.548],[-109.887,62.585],[-109.684,62.671],[-110.096,62.689],[-110.428,62.688],[-110.39,62.746],[-110.202,62.739],[-109.849,62.746],[-109.897,62.776],[-110.418,62.774],[-110.548,62.662],[-110.678,62.673],[-111.26,62.624],[-111.342,62.563],[-111.535,62.478],[-111.669,62.388]]]}},{"type":"Feature","properties":{},"geometry":{"type":"Polygon","coordinates":[[[-116.51,61.109],[-116.554,61.081],[-116.726,61.068],[-116.907,61.122],[-116.844,61.176],[-116.696,61.192],[-116.51,61.109]]]}},{"type":"Feature","properties":{},"geometry":{"type":"Polygon","coordinates":[[[-112.714,61.657],[-112.712,61.727],[-112.581,61.768],[-112.518,61.732],[-112.58,61.667],[-112.714,61.657]]]}},{"type":"Feature","properties":{},"geometry":{"type":"Polygon","coordinates":[[[-112.234,61.806],[-112.288,61.732],[-112.407,61.679],[-112.32,61.647],[-112.474,61.597],[-112.559,61.623],[-112.511,61.705],[-112.453,61.708],[-112.29,61.797],[-112.234,61.806]]]}},{"type":"Feature","properties":{},"geometry":{"type":"Polygon","coordinates":[[[-112.312,61.869],[-112.497,61.798],[-112.905,61.754],[-112.871,61.79],[-112.579,61.84],[-112.459,61.896],[-112.079,61.967],[-112.312,61.869]]]}},{"type":"Feature","properties":{},"geometry":{"type":"Polygon","coordinates":[[[-111.788,62.009],[-111.879,61.928],[-111.961,61.945],[-111.788,62.009]]]}},{"type":"Feature","properties":{},"geometry":{"type":"Polygon","coordinates":[[[-111.993,62.036],[-111.802,62.123],[-111.658,62.129],[-111.893,62.017],[-111.993,62.036]]]}},{"type":"Feature","properties":{},"geometry":{"type":"Polygon","coordinates":[[[-112.774,61.953],[-112.68,62.023],[-112.419,62.04],[-112.333,62.078],[-112.052,62.132],[-112.062,62.092],[-112.186,62.082],[-112.317,62.04],[-112.47,61.956],[-112.753,61.917],[-112.774,61.953]]]}},{"type":"Feature","properties":{},"geometry":{"type":"Polygon","coordinates":[[[-111.839,62.19],[-111.726,62.269],[-111.576,62.253],[-111.668,62.202],[-111.839,62.19]]]}},{"type":"Feature","properties":{},"geometry":{"type":"Polygon","coordinates":[[[-111.702,62.4],[-111.669,62.388],[-111.42,62.628],[-110.817,62.76],[-110.575,62.774],[-110.454,62.833],[-109.945,62.822],[-109.774,62.808],[-109.664,62.767],[-109.307,62.73],[-109.238,62.599],[-109.016,62.685],[-109.013,62.733],[-108.937,62.794],[-109.258,62.862],[-109.496,62.863],[-109.623,62.911],[-109.924,62.951],[-110.128,62.945],[-110.45,62.954],[-110.747,62.918],[-111.192,62.808],[-111.46,62.693],[-111.53,62.562],[-111.614,62.534],[-111.702,62.4]]]}},{"type":"Feature","properties":{},"geometry":{"type":"Polygon","coordinates":[[[-96.28,51.241],[-96.371,51.338],[-96.445,51.359],[-96.542,51.479],[-96.541,51.543],[-96.721,51.692],[-96.783,51.758],[-96.678,51.782],[-96.787,51.864],[-96.863,51.867],[-96.821,51.959],[-96.96,52.07],[-97.089,52.241],[-97,52.276],[-97.06,52.34],[-97.032,52.405],[-97.103,52.45],[-97.198,52.684],[-97.32,52.766],[-97.395,52.856],[-97.377,52.899],[-97.435,52.947],[-97.33,53.01],[-97.423,53.067],[-97.419,53.174],[-97.589,53.3],[-97.605,53.378],[-97.679,53.427],[-97.665,53.481],[-97.836,53.625],[-97.815,53.721],[-97.957,53.874],[-97.969,53.985],[-98.031,53.988],[-98.099,53.929],[-98.234,54.016],[-98.155,54.063],[-98.176,54.098],[-98.149,54.187],[-98,54.214],[-97.865,54.256],[-97.826,54.324],[-97.941,54.309],[-97.923,54.373],[-97.993,54.414],[-98.154,54.259],[-98.228,54.104],[-98.318,53.992],[-98.242,53.886],[-98.09,53.838],[-98.032,53.777],[-97.905,53.749],[-97.885,53.706],[-97.99,53.692],[-98.045,53.752],[-98.277,53.84],[-98.377,53.857],[-98.654,53.851],[-98.744,53.89],[-98.833,53.899],[-98.961,53.857],[-99.005,53.787],[-98.976,53.711],[-99.056,53.604],[-99.027,53.58],[-99.088,53.487],[-99.094,53.43],[-99.193,53.378],[-99.206,53.269],[-99.253,53.208],[-99.083,53.118],[-99.042,53.05],[-98.925,53.07],[-98.819,53.039],[-98.782,53.091],[-98.446,53.041],[-98.522,53.005],[-98.733,52.979],[-98.891,52.924],[-98.891,52.844],[-98.817,52.791],[-98.788,52.702],[-98.662,52.636],[-98.609,52.578],[-98.47,52.504],[-98.437,52.38],[-98.325,52.321],[-98.218,52.306],[-98.15,52.239],[-98.137,52.138],[-98.06,52.11],[-98.032,51.946],[-97.878,51.889],[-97.805,51.914],[-97.774,52.002],[-97.712,52.084],[-97.548,52.138],[-97.479,52.131],[-97.569,51.967],[-97.421,52.041],[-97.336,52.008],[-97.246,51.881],[-97.226,51.783],[-97.296,51.645],[-97.278,51.553],[-97.288,51.474],[-97.204,51.453],[-97.12,51.518],[-97.138,51.59],[-97.096,51.659],[-96.971,51.683],[-96.899,51.725],[-96.825,51.721],[-96.782,51.67],[-96.779,51.6],[-96.726,51.583],[-96.762,51.511],[-96.932,51.343],[-96.989,51.21],[-96.893,51.212],[-96.798,51.293],[-96.774,51.343],[-96.612,51.345],[-96.671,51.261],[-96.738,51.248],[-96.828,51.172],[-96.86,51.1],[-96.921,51.094],[-96.91,50.998],[-96.977,50.888],[-96.946,50.829],[-96.985,50.714],[-96.97,50.559],[-96.905,50.419],[-96.77,50.388],[-96.65,50.4],[-96.567,50.481],[-96.616,50.542],[-96.582,50.583],[-96.597,50.661],[-96.52,50.732],[-96.48,50.662],[-96.424,50.63],[-96.294,50.624],[-96.376,50.703],[-96.35,50.776],[-96.391,51.009],[-96.42,51.101],[-96.28,51.241]]]}},{"type":"Feature","properties":{},"geometry":{"type":"Polygon","coordinates":[[[-96.603,51.186],[-96.692,51.042],[-96.786,51.012],[-96.85,51.042],[-96.768,51.086],[-96.694,51.206],[-96.603,51.186]]]}},{"type":"Feature","properties":{},"geometry":{"type":"Polygon","coordinates":[[[-96.361,51.219],[-96.559,51.177],[-96.548,51.214],[-96.442,51.261],[-96.361,51.219]]]}},{"type":"Feature","properties":{},"geometry":{"type":"Polygon","coordinates":[[[-97.898,52.334],[-97.97,52.317],[-98.055,52.433],[-98.008,52.458],[-98.019,52.517],[-97.959,52.542],[-97.918,52.454],[-97.898,52.334]]]}},{"type":"Feature","properties":{},"geometry":{"type":"Polygon","coordinates":[[[-83.077,42.304],[-83.082,42.309],[-83.146,42.233],[-83.221,41.995],[-83.267,41.983],[-83.421,41.81],[-83.459,41.722],[-83.315,41.709],[-83.219,41.646],[-83.096,41.62],[-83.019,41.554],[-82.885,41.536],[-82.828,41.586],[-82.786,41.544],[-82.822,41.495],[-82.959,41.489],[-82.926,41.432],[-82.829,41.471],[-82.616,41.455],[-82.505,41.396],[-82.438,41.399],[-82.363,41.439],[-82.251,41.45],[-82.173,41.483],[-82.041,41.511],[-81.878,41.49],[-81.743,41.498],[-81.672,41.522],[-81.348,41.729],[-81.026,41.845],[-80.869,41.893],[-80.376,42.024],[-80.163,42.118],[-80.019,42.167],[-79.889,42.23],[-79.752,42.272],[-79.628,42.339],[-79.471,42.407],[-79.368,42.49],[-79.151,42.581],[-79.031,42.714],[-78.916,42.757],[-78.868,42.846],[-78.936,42.98],[-78.893,43.029],[-78.915,43.076],[-79.075,43.089],[-79.032,43.055],[-79.042,43.01],[-78.927,42.946],[-78.965,42.89],[-79.095,42.85],[-79.203,42.88],[-79.447,42.881],[-79.496,42.857],[-79.643,42.845],[-79.717,42.867],[-79.875,42.832],[-80.188,42.792],[-80.232,42.778],[-80.444,42.637],[-80.443,42.6],[-80.341,42.603],[-80.3,42.583],[-80.096,42.571],[-80.11,42.543],[-80.358,42.579],[-80.511,42.572],[-80.704,42.612],[-80.756,42.634],[-80.932,42.667],[-81.229,42.67],[-81.359,42.649],[-81.54,42.572],[-81.657,42.483],[-81.793,42.405],[-81.859,42.301],[-81.924,42.264],[-82.061,42.261],[-82.37,42.137],[-82.549,41.987],[-82.623,42.038],[-82.712,42.035],[-82.829,41.99],[-82.919,41.989],[-83.124,42.072],[-83.102,42.243],[-83.077,42.304]]]}},{"type":"Feature","properties":{},"geometry":{"type":"Polygon","coordinates":[[[-78.982,42.979],[-79.022,43.011],[-79.011,43.065],[-78.959,43.071],[-78.913,43.037],[-78.982,42.979]]]}},{"type":"Feature","properties":{},"geometry":{"type":"Polygon","coordinates":[[[-76.087,43.97],[-76.185,44.013],[-76.133,44.046],[-76.21,44.086],[-76.275,44.062],[-76.361,44.096],[-76.357,44.131],[-76.183,44.223],[-76.054,44.266],[-75.781,44.432],[-75.779,44.482],[-75.845,44.488],[-75.942,44.401],[-76.236,44.332],[-76.452,44.244],[-76.659,44.223],[-76.837,44.164],[-76.974,44.077],[-77.072,44.093],[-77.022,44.144],[-77.066,44.182],[-77.121,44.045],[-76.991,44.013],[-77.004,43.963],[-76.908,43.942],[-77.085,43.887],[-77.116,43.865],[-77.236,43.881],[-77.36,43.968],[-77.492,43.952],[-77.564,43.991],[-77.601,44.045],[-77.803,44.019],[-77.907,43.986],[-78.28,43.959],[-78.501,43.901],[-78.607,43.915],[-78.878,43.86],[-78.953,43.866],[-79.088,43.827],[-79.371,43.645],[-79.471,43.648],[-79.508,43.6],[-79.589,43.571],[-79.617,43.494],[-79.775,43.329],[-79.773,43.292],[-79.692,43.241],[-79.545,43.21],[-79.395,43.21],[-79.33,43.19],[-79.174,43.26],[-78.991,43.287],[-78.689,43.361],[-78.38,43.396],[-78.227,43.38],[-78.107,43.394],[-77.749,43.345],[-77.625,43.271],[-77.538,43.257],[-77.367,43.298],[-76.983,43.284],[-76.713,43.339],[-76.668,43.401],[-76.595,43.447],[-76.49,43.484],[-76.419,43.534],[-76.334,43.521],[-76.246,43.538],[-76.188,43.587],[-76.21,43.623],[-76.168,43.668],[-76.278,43.884],[-76.205,43.874],[-76.087,43.97]]]}},{"type":"Feature","properties":{},"geometry":{"type":"Polygon","coordinates":[[[-76.64,44.176],[-76.703,44.125],[-76.778,44.123],[-76.794,44.163],[-76.66,44.201],[-76.64,44.176]]]}},{"type":"Feature","properties":{},"geometry":{"type":"Polygon","coordinates":[[[-76.409,44.135],[-76.499,44.167],[-76.46,44.206],[-76.351,44.189],[-76.409,44.135]]]}},{"type":"Feature","properties":{},"geometry":{"type":"Polygon","coordinates":[[[-83.082,42.309],[-83.077,42.304],[-82.948,42.343],[-82.773,42.311],[-82.626,42.311],[-82.439,42.339],[-82.408,42.402],[-82.416,42.497],[-82.593,42.51],[-82.644,42.551],[-82.632,42.669],[-82.705,42.702],[-82.814,42.632],[-82.773,42.6],[-82.863,42.558],[-82.89,42.403],[-82.938,42.366],[-83.043,42.341],[-83.082,42.309]]]}},{"type":"Feature","properties":{},"geometry":{"type":"Polygon","coordinates":[[[-80.628,27.012],[-80.679,27.113],[-80.752,27.188],[-80.845,27.173],[-80.976,27.044],[-81.102,26.976],[-81.069,26.897],[-80.988,26.882],[-80.931,26.778],[-80.814,26.703],[-80.742,26.688],[-80.694,26.749],[-80.687,26.814],[-80.636,26.866],[-80.615,26.938],[-80.628,27.012]]]}},{"type":"Feature","properties":{},"geometry":{"type":"Polygon","coordinates":[[[-84.782,11.163],[-84.798,11.278],[-84.886,11.368],[-84.905,11.433],[-85.058,11.58],[-85.066,11.606],[-85.186,11.755],[-85.272,11.795],[-85.296,11.838],[-85.368,11.878],[-85.433,11.865],[-85.563,12.028],[-85.618,12.036],[-85.775,12.118],[-85.871,12.098],[-85.922,12.013],[-85.938,11.947],[-85.904,11.9],[-85.885,11.753],[-85.919,11.718],[-85.857,11.664],[-85.833,11.577],[-85.796,11.509],[-85.75,11.376],[-85.628,11.255],[-85.563,11.241],[-85.497,11.194],[-85.296,11.139],[-85.257,11.105],[-85.153,11.098],[-84.888,11.031],[-84.82,11.049],[-84.768,11.09],[-84.782,11.163]]]}},{"type":"Feature","properties":{},"geometry":{"type":"Polygon","coordinates":[[[-85.878,11.708],[-85.871,11.748],[-85.799,11.769],[-85.782,11.711],[-85.878,11.708]]]}},{"type":"Feature","properties":{},"geometry":{"type":"Polygon","coordinates":[[[-85.453,11.427],[-85.498,11.399],[-85.547,11.419],[-85.566,11.474],[-85.639,11.479],[-85.714,11.509],[-85.652,11.585],[-85.598,11.591],[-85.555,11.557],[-85.55,11.507],[-85.472,11.486],[-85.453,11.427]]]}},{"type":"Feature","properties":{},"geometry":{"type":"Polygon","coordinates":[[[-103.64,58.388],[-103.594,58.366],[-103.688,58.28],[-103.641,58.228],[-103.667,58.14],[-103.568,58.052],[-103.732,58.018],[-103.747,57.953],[-103.633,57.936],[-103.681,57.88],[-103.85,57.79],[-103.734,57.772],[-103.615,57.855],[-103.397,57.874],[-103.335,57.861],[-103.276,57.786],[-103.175,57.836],[-103.305,57.89],[-103.257,57.964],[-103.277,58.045],[-103.236,58.107],[-102.951,58.159],[-103.02,58.199],[-103.017,58.264],[-102.922,58.339],[-102.854,58.307],[-102.767,58.4],[-102.804,58.443],[-102.928,58.463],[-103.063,58.544],[-103.188,58.532],[-103.23,58.464],[-103.387,58.423],[-103.571,58.435],[-103.64,58.388]]]}},{"type":"Feature","properties":{},"geometry":{"type":"Polygon","coordinates":[[[-103.504,58.066],[-103.401,58.023],[-103.532,57.984],[-103.579,58.018],[-103.504,58.066]]]}},{"type":"Feature","properties":{},"geometry":{"type":"Polygon","coordinates":[[[-101.516,57.929],[-101.835,57.851],[-101.771,57.948],[-101.87,57.995],[-101.975,57.943],[-102.063,57.972],[-101.951,58.124],[-102.024,58.128],[-102.15,58.051],[-102.146,57.943],[-102.408,57.854],[-102.569,57.678],[-102.651,57.72],[-102.688,57.655],[-102.696,57.543],[-102.915,57.436],[-102.951,57.363],[-102.783,57.283],[-102.674,57.206],[-102.736,57.187],[-102.747,57.123],[-102.709,57.079],[-102.577,57.075],[-102.544,57.004],[-102.551,56.801],[-102.684,56.776],[-102.699,56.686],[-102.843,56.606],[-102.942,56.596],[-102.959,56.535],[-103.113,56.475],[-103.054,56.763],[-103.054,56.882],[-103.114,56.869],[-103.14,56.791],[-103.116,56.722],[-103.161,56.589],[-103.29,56.586],[-103.298,56.507],[-103.192,56.5],[-103.303,56.391],[-103.298,56.278],[-103.111,56.44],[-103.06,56.362],[-102.946,56.368],[-102.883,56.466],[-102.82,56.514],[-102.751,56.501],[-102.671,56.547],[-102.578,56.559],[-102.346,56.777],[-102.425,56.792],[-102.315,56.856],[-102.196,56.849],[-101.987,57.048],[-102.068,57.119],[-102.067,57.19],[-101.845,57.306],[-102.167,57.347],[-102.086,57.431],[-102.095,57.494],[-101.934,57.504],[-101.903,57.548],[-101.763,57.607],[-101.638,57.758],[-101.531,57.839],[-101.516,57.929]]]}},{"type":"Feature","properties":{},"geometry":{"type":"Polygon","coordinates":[[[-102.15,57.069],[-102.14,56.959],[-102.262,56.89],[-102.283,56.977],[-102.225,57.05],[-102.15,57.069]]]}},{"type":"Feature","properties":{},"geometry":{"type":"Polygon","coordinates":[[[-102.46,57.46],[-102.554,57.398],[-102.588,57.459],[-102.46,57.46]]]}},{"type":"Feature","properties":{},"geometry":{"type":"Polygon","coordinates":[[[-94.331,49.091],[-94.261,49.123],[-94.15,49.096],[-94.012,49.185],[-94.247,49.179],[-94.306,49.28],[-94.443,49.236],[-94.608,49.308],[-94.569,49.348],[-94.702,49.366],[-94.636,49.466],[-94.319,49.487],[-94.249,49.466],[-94.197,49.397],[-94.221,49.324],[-94.075,49.262],[-94.024,49.321],[-94.045,49.365],[-94.177,49.445],[-94.2,49.494],[-94.316,49.512],[-94.402,49.579],[-94.382,49.637],[-94.273,49.692],[-94.445,49.727],[-94.493,49.78],[-94.53,49.887],[-94.529,49.948],[-94.624,49.994],[-94.678,49.983],[-94.694,49.922],[-94.617,49.883],[-94.533,49.781],[-94.561,49.733],[-94.823,49.693],[-94.816,49.623],[-94.883,49.568],[-94.992,49.589],[-95.116,49.654],[-95.179,49.613],[-95.095,49.538],[-95.157,49.48],[-95.112,49.445],[-94.945,49.519],[-94.759,49.623],[-94.663,49.644],[-94.633,49.598],[-94.711,49.537],[-94.843,49.522],[-94.854,49.467],[-94.91,49.417],[-95.024,49.374],[-94.93,49.291],[-94.972,49.193],[-95.118,49.151],[-95.227,49.172],[-95.29,49.112],[-95.232,49.028],[-95.328,48.979],[-95.328,48.931],[-95.252,48.883],[-95.141,48.899],[-95.068,48.962],[-94.965,48.97],[-94.839,48.866],[-94.735,48.854],[-94.65,48.875],[-94.563,48.954],[-94.458,48.967],[-94.321,49.069],[-94.331,49.091]]]}},{"type":"Feature","properties":{},"geometry":{"type":"Polygon","coordinates":[[[-94.515,49.117],[-94.547,49.028],[-94.622,49.084],[-94.515,49.117]]]}},{"type":"Feature","properties":{},"geometry":{"type":"Polygon","coordinates":[[[-94.461,49.151],[-94.544,49.158],[-94.712,49.075],[-94.739,49.178],[-94.67,49.206],[-94.622,49.178],[-94.499,49.218],[-94.461,49.151]]]}},{"type":"Feature","properties":{},"geometry":{"type":"Polygon","coordinates":[[[-88.942,50.05],[-88.85,49.938],[-88.976,49.893],[-88.939,49.846],[-88.986,49.775],[-88.907,49.672],[-88.903,49.553],[-88.818,49.548],[-88.783,49.459],[-88.634,49.41],[-88.539,49.466],[-88.396,49.394],[-88.346,49.474],[-88.177,49.462],[-88.174,49.591],[-88.105,49.658],[-88.105,49.918],[-88.033,49.99],[-88.184,50.026],[-88.242,50.13],[-88.16,50.142],[-88.214,50.221],[-88.293,50.233],[-88.277,50.133],[-88.379,50.162],[-88.411,50.211],[-88.504,50.251],[-88.646,50.286],[-88.818,50.192],[-88.844,50.083],[-88.942,50.05]]]}},{"type":"Feature","properties":{},"geometry":{"type":"Polygon","coordinates":[[[-88.496,49.632],[-88.399,49.7],[-88.39,49.62],[-88.496,49.632]]]}},{"type":"Feature","properties":{},"geometry":{"type":"Polygon","coordinates":[[[-97.946,50.432],[-97.971,50.482],[-98.067,50.529],[-98.116,50.617],[-98.311,50.763],[-98.391,50.836],[-98.602,50.902],[-98.703,50.891],[-98.775,50.973],[-98.766,51.045],[-98.643,51.105],[-98.655,51.172],[-98.557,51.221],[-98.563,51.29],[-98.741,51.317],[-98.777,51.396],[-98.78,51.514],[-98.726,51.573],[-98.775,51.613],[-98.842,51.722],[-98.979,51.687],[-98.991,51.648],[-98.913,51.58],[-98.88,51.383],[-98.982,51.456],[-99.025,51.566],[-99.041,51.688],[-99.193,51.775],[-99.141,51.649],[-99.243,51.637],[-99.326,51.765],[-99.481,51.788],[-99.562,51.683],[-99.553,51.587],[-99.463,51.64],[-99.301,51.635],[-99.284,51.568],[-99.151,51.549],[-99.109,51.493],[-99.104,51.35],[-99.065,51.282],[-98.993,51.229],[-98.846,51.227],[-98.875,51.136],[-98.974,51.061],[-98.913,50.967],[-98.852,50.977],[-98.854,50.874],[-98.708,50.755],[-98.694,50.703],[-98.537,50.459],[-98.517,50.392],[-98.576,50.312],[-98.513,50.211],[-98.417,50.187],[-98.317,50.188],[-98.172,50.22],[-97.941,50.334],[-97.946,50.432]]]}},{"type":"Feature","properties":{},"geometry":{"type":"Polygon","coordinates":[[[-99.635,51.68],[-99.652,51.772],[-99.716,51.743],[-99.802,51.744],[-99.817,51.854],[-99.733,51.963],[-99.749,52.058],[-99.824,52.059],[-99.823,52.176],[-99.856,52.245],[-99.76,52.32],[-99.693,52.41],[-99.698,52.458],[-99.635,52.546],[-99.673,52.598],[-99.666,52.69],[-99.734,52.817],[-99.693,52.878],[-99.744,52.962],[-99.95,52.99],[-100.084,53.066],[-100.368,53.097],[-100.426,53.152],[-100.532,53.176],[-100.556,53.135],[-100.837,53.077],[-100.931,53.098],[-100.934,53.147],[-101.055,53.139],[-101.098,53.063],[-100.986,53.015],[-100.966,52.935],[-101.014,52.9],[-100.933,52.858],[-100.958,52.796],[-100.836,52.822],[-100.827,52.741],[-100.674,52.755],[-100.66,52.84],[-100.6,52.904],[-100.705,52.95],[-100.635,53.001],[-100.51,52.947],[-100.41,52.944],[-100.451,52.874],[-100.406,52.844],[-100.43,52.745],[-100.323,52.714],[-100.365,52.659],[-100.227,52.648],[-100.282,52.727],[-100.265,52.778],[-100.303,52.837],[-100.24,52.895],[-100.195,52.823],[-100.053,52.805],[-100.04,52.753],[-100.067,52.614],[-99.981,52.557],[-100.029,52.508],[-100.016,52.443],[-100.132,52.385],[-100.18,52.285],[-100.152,52.133],[-100.16,52.025],[-100.111,51.974],[-100.145,51.919],[-100.05,51.782],[-99.971,51.827],[-100.029,52.028],[-99.969,52.04],[-99.944,51.927],[-99.886,51.851],[-99.941,51.765],[-99.946,51.708],[-99.803,51.583],[-99.611,51.617],[-99.635,51.68]]]}},{"type":"Feature","properties":{},"geometry":{"type":"Polygon","coordinates":[[[-99.872,52.375],[-99.927,52.347],[-99.969,52.439],[-99.931,52.511],[-99.836,52.537],[-99.872,52.375]]]}},{"type":"Feature","properties":{},"geometry":{"type":"Polygon","coordinates":[[[-109.181,59.09],[-109.054,59.088],[-108.907,59.133],[-108.852,59.101],[-108.602,59.141],[-108.194,59.152],[-108.04,59.204],[-107.95,59.209],[-107.785,59.265],[-107.759,59.34],[-107.626,59.342],[-107.45,59.293],[-107.163,59.309],[-107.09,59.287],[-106.933,59.289],[-106.753,59.258],[-106.018,59.271],[-106.094,59.294],[-106.32,59.271],[-106.64,59.289],[-106.65,59.317],[-106.922,59.345],[-107.189,59.32],[-107.319,59.337],[-107.523,59.412],[-107.663,59.402],[-107.864,59.416],[-108.122,59.47],[-108.334,59.444],[-108.561,59.45],[-108.605,59.412],[-108.816,59.368],[-108.948,59.389],[-108.768,59.487],[-108.835,59.532],[-108.926,59.524],[-109.015,59.479],[-109.119,59.543],[-109.15,59.598],[-109.226,59.615],[-109.486,59.608],[-109.749,59.493],[-109.867,59.395],[-110.171,59.224],[-110.39,59.128],[-110.54,59.112],[-110.668,59.022],[-110.705,58.95],[-110.82,58.881],[-110.814,58.84],[-110.983,58.779],[-111.069,58.731],[-111.215,58.804],[-111.301,58.783],[-111.288,58.697],[-111.175,58.675],[-111.096,58.58],[-111.042,58.559],[-110.945,58.644],[-110.836,58.632],[-110.856,58.488],[-110.761,58.54],[-110.786,58.619],[-110.617,58.618],[-110.598,58.648],[-110.445,58.621],[-110.375,58.629],[-110.345,58.686],[-110.444,58.749],[-110.304,58.857],[-110.212,58.902],[-109.921,59.011],[-109.393,59.087],[-109.277,59.14],[-109.181,59.09]]]}},{"type":"Feature","properties":{},"geometry":{"type":"Polygon","coordinates":[[[-73.396,50.822],[-73.309,50.864],[-72.964,51.134],[-72.768,51.208],[-72.78,51.257],[-72.866,51.248],[-73.038,51.145],[-73.104,51.199],[-72.949,51.274],[-72.787,51.328],[-72.925,51.353],[-73.1,51.283],[-73.1,51.368],[-73.249,51.293],[-73.338,51.267],[-73.564,51.145],[-73.612,51.096],[-73.733,51.027],[-73.819,51.025],[-73.931,50.989],[-73.934,50.877],[-73.898,50.832],[-74,50.655],[-74.023,50.555],[-73.986,50.487],[-73.884,50.591],[-73.845,50.595],[-73.921,50.378],[-73.89,50.282],[-73.831,50.22],[-73.911,50.187],[-73.968,50.201],[-74.096,50.082],[-73.83,50.217],[-73.808,50.252],[-73.827,50.387],[-73.819,50.584],[-73.625,50.836],[-73.584,50.833],[-73.479,50.935],[-73.343,51.033],[-73.174,51.172],[-73.112,51.11],[-73.192,51.081],[-73.242,51.028],[-73.225,50.98],[-73.347,50.935],[-73.462,50.828],[-73.396,50.822]]]}},{"type":"Feature","properties":{},"geometry":{"type":"Polygon","coordinates":[[[-75.777,43.235],[-75.976,43.264],[-76.12,43.264],[-76.069,43.216],[-75.96,43.183],[-75.764,43.185],[-75.777,43.235]]]}},{"type":"Feature","properties":{},"geometry":{"type":"Polygon","coordinates":[[[-154.026,59.781],[-154.191,59.798],[-154.674,59.784],[-154.812,59.765],[-154.983,59.666],[-155.675,59.628],[-155.889,59.526],[-155.929,59.471],[-155.907,59.358],[-155.783,59.32],[-155.566,59.329],[-155.249,59.425],[-155.009,59.418],[-154.803,59.45],[-154.569,59.435],[-154.734,59.518],[-154.607,59.519],[-154.571,59.566],[-154.64,59.617],[-154.371,59.677],[-154.158,59.686],[-153.993,59.731],[-154.026,59.781]]]}},{"type":"Feature","properties":{},"geometry":{"type":"Polygon","coordinates":[[[-155.961,57.912],[-156.104,57.945],[-156.255,58.015],[-156.519,58.06],[-156.607,58.105],[-156.841,58.062],[-156.886,58.004],[-156.804,57.915],[-156.669,57.872],[-156.442,57.86],[-156.344,57.819],[-156.15,57.814],[-156.101,57.692],[-156.005,57.726],[-155.951,57.875],[-155.961,57.912]]]}},{"type":"Feature","properties":{},"geometry":{"type":"Polygon","coordinates":[[[-119.926,39.244],[-119.971,39.262],[-120.077,39.21],[-120.142,39.135],[-120.107,39.07],[-120.079,38.961],[-120.032,38.94],[-119.963,38.958],[-119.935,39.042],[-119.926,39.244]]]}},{"type":"Feature","properties":{},"geometry":{"type":"Polygon","coordinates":[[[-88.304,44.169],[-88.358,44.2],[-88.441,44.172],[-88.516,44.082],[-88.516,43.973],[-88.47,43.89],[-88.472,43.825],[-88.328,43.919],[-88.334,44.091],[-88.304,44.169]]]}},{"type":"Feature","properties":{},"geometry":{"type":"Polygon","coordinates":[[[-71.362,66.558],[-71.289,66.515],[-71.262,66.433],[-71.097,66.33],[-71.169,66.266],[-71.117,66.234],[-71.186,66.14],[-71.097,66.092],[-71.186,66.022],[-71.295,66.019],[-71.336,65.967],[-71.188,65.966],[-70.926,66.097],[-70.841,66.18],[-70.746,66.173],[-70.624,66.289],[-70.459,66.267],[-70.466,66.213],[-70.243,66.19],[-70.082,66.266],[-69.734,66.199],[-69.514,66.213],[-69.514,66.292],[-69.171,66.395],[-69.246,66.464],[-69.428,66.419],[-69.568,66.428],[-69.666,66.473],[-69.455,66.509],[-69.463,66.587],[-69.939,66.666],[-69.993,66.714],[-70.186,66.733],[-70.361,66.73],[-70.514,66.751],[-70.658,66.872],[-70.631,66.896],[-70.837,66.946],[-71.035,67.037],[-71.186,67.033],[-71.158,66.974],[-71.193,66.836],[-71.299,66.794],[-71.309,66.727],[-71.476,66.595],[-71.362,66.558]]]}},{"type":"Feature","properties":{},"geometry":{"type":"Polygon","coordinates":[[[-102.198,63.166],[-102.195,63.11],[-101.989,62.973],[-102.036,62.925],[-101.789,62.875],[-101.77,62.806],[-101.498,62.78],[-101.31,62.884],[-101.335,62.752],[-101.434,62.739],[-101.406,62.651],[-101.261,62.671],[-101.178,62.717],[-101.046,62.736],[-101.038,62.803],[-101.084,62.87],[-100.939,62.902],[-100.846,62.964],[-100.835,63.02],[-101.046,63.053],[-101.143,63.159],[-101.063,63.232],[-101.04,63.317],[-100.833,63.275],[-100.67,63.346],[-100.617,63.505],[-100.685,63.556],[-100.798,63.514],[-100.964,63.511],[-100.984,63.437],[-101.208,63.472],[-101.317,63.506],[-101.518,63.403],[-101.676,63.393],[-101.783,63.321],[-101.797,63.267],[-101.872,63.225],[-102.198,63.166]]]}},{"type":"Feature","properties":{},"geometry":{"type":"Polygon","coordinates":[[[-96.143,64.199],[-96.034,64.141],[-95.821,64.082],[-95.812,64.041],[-95.515,64.048],[-95.293,64.08],[-95.191,64.076],[-95.003,64.124],[-94.896,64.114],[-94.642,64.019],[-94.326,63.985],[-94.197,64.124],[-94.275,64.139],[-94.595,64.135],[-94.656,64.199],[-94.766,64.227],[-95.123,64.234],[-95.306,64.299],[-95.613,64.31],[-95.792,64.288],[-96.014,64.315],[-96.206,64.292],[-96.106,64.23],[-96.143,64.199]]]}},{"type":"Feature","properties":{},"geometry":{"type":"Polygon","coordinates":[[[-73.365,44.208],[-73.289,44.262],[-73.301,44.292],[-73.257,44.441],[-73.224,44.479],[-73.297,44.549],[-73.242,44.573],[-73.173,44.799],[-73.168,45.001],[-73.112,44.981],[-73.079,45.054],[-73.159,45.078],[-73.254,44.965],[-73.365,44.998],[-73.4,44.835],[-73.373,44.802],[-73.435,44.713],[-73.454,44.642],[-73.42,44.497],[-73.377,44.439],[-73.354,44.29],[-73.365,44.208]]]}},{"type":"Feature","properties":{},"geometry":{"type":"Polygon","coordinates":[[[-108.233,55.91],[-108.177,56.038],[-108.114,56.059],[-108.209,56.142],[-108.163,56.25],[-108.084,56.264],[-108.043,56.411],[-108.134,56.436],[-108.19,56.414],[-108.301,56.462],[-108.365,56.415],[-108.441,56.522],[-108.402,56.586],[-108.458,56.675],[-108.598,56.684],[-108.691,56.744],[-108.644,56.801],[-108.835,56.798],[-108.916,56.681],[-108.779,56.702],[-108.677,56.689],[-108.746,56.599],[-108.738,56.49],[-108.554,56.476],[-108.583,56.373],[-108.564,56.326],[-108.467,56.346],[-108.326,56.305],[-108.251,56.252],[-108.246,56.168],[-108.341,56.176],[-108.465,56.107],[-108.458,55.986],[-108.496,55.87],[-108.644,55.86],[-108.593,55.92],[-108.883,56.119],[-109.009,56.115],[-109.151,56.137],[-109.206,56.086],[-109.091,55.958],[-108.983,55.918],[-108.848,55.941],[-108.736,55.912],[-108.738,55.86],[-108.676,55.795],[-108.666,55.721],[-108.691,55.63],[-108.669,55.55],[-108.602,55.565],[-108.632,55.693],[-108.493,55.727],[-108.444,55.83],[-108.376,55.808],[-108.295,55.837],[-108.233,55.91]]]}},{"type":"Feature","properties":{},"geometry":{"type":"Polygon","coordinates":[[[-108.546,56.619],[-108.561,56.558],[-108.628,56.556],[-108.697,56.613],[-108.66,56.652],[-108.546,56.619]]]}},{"type":"Feature","properties":{},"geometry":{"type":"Polygon","coordinates":[[[-117.795,63.137],[-117.782,63.113],[-117.585,63.096],[-117.274,63.137],[-117.388,63.302],[-117.62,63.393],[-117.764,63.404],[-117.953,63.457],[-118.005,63.566],[-118.074,63.588],[-118.319,63.541],[-118.422,63.479],[-118.559,63.457],[-118.545,63.418],[-118.668,63.329],[-118.565,63.306],[-118.335,63.309],[-118.127,63.239],[-118.083,63.195],[-117.962,63.212],[-117.908,63.151],[-117.795,63.137]]]}},{"type":"Feature","properties":{},"geometry":{"type":"Polygon","coordinates":[[[-84.49,46.449],[-84.494,46.481],[-84.589,46.542],[-84.563,46.601],[-84.434,46.694],[-84.494,46.751],[-84.566,46.741],[-84.549,46.827],[-84.478,46.853],[-84.398,46.838],[-84.36,46.893],[-84.437,46.941],[-84.663,46.956],[-84.777,46.988],[-84.787,47.006],[-84.768,47.019],[-84.709,47.109],[-84.727,47.146],[-84.583,47.305],[-84.71,47.43],[-84.796,47.482],[-84.905,47.512],[-84.95,47.569],[-85.02,47.606],[-84.994,47.711],[-84.902,47.788],[-84.936,47.851],[-84.844,47.917],[-84.859,47.961],[-84.929,47.972],[-85.279,47.958],[-85.424,47.927],[-85.533,47.926],[-85.743,47.952],[-85.859,47.985],[-85.945,48.066],[-86.002,48.089],[-86.077,48.163],[-86.228,48.432],[-86.267,48.587],[-86.33,48.63],[-86.4,48.727],[-86.457,48.774],[-86.566,48.739],[-86.618,48.788],[-86.725,48.812],[-86.841,48.762],[-87.042,48.793],[-87.293,48.774],[-87.464,48.849],[-87.544,48.837],[-87.639,48.865],[-87.673,48.9],[-87.79,48.911],[-87.942,48.947],[-88.018,48.991],[-88.124,49.003],[-88.177,48.973],[-88.271,48.99],[-88.214,48.849],[-88.118,48.805],[-88.109,48.711],[-88.203,48.613],[-88.292,48.613],[-88.408,48.549],[-88.439,48.567],[-88.558,48.432],[-88.591,48.492],[-88.5,48.575],[-88.339,48.694],[-88.317,48.753],[-88.364,48.843],[-88.442,48.856],[-88.544,48.784],[-88.561,48.636],[-88.621,48.625],[-88.64,48.52],[-88.687,48.492],[-88.73,48.384],[-88.803,48.351],[-88.866,48.383],[-88.817,48.57],[-89.149,48.484],[-89.216,48.445],[-89.238,48.379],[-89.202,48.342],[-89.27,48.256],[-89.266,48.214],[-89.332,48.122],[-89.52,48.029],[-89.637,47.999],[-89.743,47.931],[-90.085,47.811],[-90.533,47.712],[-90.791,47.616],[-90.949,47.512],[-91.012,47.493],[-91.511,47.122],[-91.582,47.097],[-91.655,47.033],[-91.798,46.95],[-91.898,46.912],[-92.095,46.804],[-92.059,46.724],[-91.963,46.691],[-91.793,46.706],[-91.57,46.764],[-91.415,46.794],[-91.225,46.884],[-91.128,46.859],[-91.099,46.889],[-90.966,46.95],[-90.839,46.964],[-90.762,46.898],[-90.854,46.799],[-90.863,46.701],[-90.956,46.607],[-90.901,46.602],[-90.781,46.637],[-90.73,46.684],[-90.57,46.607],[-90.435,46.576],[-90.362,46.609],[-90.06,46.68],[-89.794,46.83],[-89.398,46.864],[-89.227,46.936],[-89.131,47.006],[-88.969,47.019],[-88.887,47.115],[-88.684,47.228],[-88.626,47.214],[-88.635,47.151],[-88.535,47.125],[-88.518,47.062],[-88.441,46.982],[-88.483,46.848],[-88.386,46.854],[-88.235,46.944],[-88.199,46.912],[-88.064,46.931],[-87.796,46.901],[-87.731,46.855],[-87.63,46.829],[-87.598,46.766],[-87.459,46.626],[-87.393,46.597],[-87.348,46.517],[-87.226,46.502],[-87.111,46.512],[-87.081,46.54],[-86.97,46.54],[-86.882,46.46],[-86.76,46.501],[-86.625,46.444],[-86.488,46.554],[-86.283,46.622],[-86.146,46.691],[-86.091,46.675],[-85.861,46.709],[-85.522,46.684],[-85.2,46.775],[-84.976,46.784],[-85.013,46.724],[-85.056,46.533],[-84.835,46.46],[-84.656,46.502],[-84.57,46.423],[-84.49,46.449]]]}},{"type":"Feature","properties":{},"geometry":{"type":"Polygon","coordinates":[[[-86.604,46.473],[-86.676,46.475],[-86.699,46.554],[-86.645,46.566],[-86.604,46.473]]]}},{"type":"Feature","properties":{},"geometry":{"type":"Polygon","coordinates":[[[-85.611,47.739],[-85.733,47.718],[-85.938,47.727],[-85.859,47.803],[-85.734,47.808],[-85.61,47.773],[-85.611,47.739]]]}},{"type":"Feature","properties":{},"geometry":{"type":"Polygon","coordinates":[[[-87.715,47.417],[-87.773,47.4],[-87.899,47.408],[-87.949,47.355],[-88.061,47.303],[-88.242,47.188],[-88.336,47.1],[-88.424,46.992],[-88.48,47.055],[-88.516,47.136],[-88.619,47.153],[-88.606,47.239],[-88.527,47.283],[-88.431,47.372],[-88.209,47.453],[-88.053,47.484],[-87.82,47.484],[-87.715,47.417]]]}},{"type":"Feature","properties":{},"geometry":{"type":"Polygon","coordinates":[[[-88.636,48.035],[-88.948,47.938],[-88.967,47.891],[-89.138,47.835],[-89.216,47.866],[-89.216,47.917],[-89.124,47.964],[-88.833,48.061],[-88.633,48.15],[-88.575,48.116],[-88.636,48.035]]]}},{"type":"Feature","properties":{},"geometry":{"type":"Polygon","coordinates":[[[-88.087,48.827],[-87.966,48.868],[-87.772,48.859],[-87.773,48.796],[-87.818,48.759],[-87.991,48.753],[-88.068,48.712],[-88.087,48.827]]]}},{"type":"Feature","properties":{},"geometry":{"type":"Polygon","coordinates":[[[-87.67,48.748],[-87.738,48.753],[-87.688,48.842],[-87.606,48.76],[-87.67,48.748]]]}},{"type":"Feature","properties":{},"geometry":{"type":"Polygon","coordinates":[[[-84.775,45.8],[-84.781,45.862],[-84.915,45.937],[-85.021,46.025],[-85.171,46.069],[-85.261,46.075],[-85.34,46.109],[-85.546,46.098],[-85.662,45.985],[-85.898,45.976],[-85.923,45.953],[-86.08,45.974],[-86.252,45.954],[-86.298,45.927],[-86.374,45.807],[-86.524,45.762],[-86.624,45.653],[-86.712,45.674],[-86.629,45.785],[-86.569,45.802],[-86.536,45.868],[-86.57,45.892],[-86.677,45.842],[-86.738,45.868],[-86.857,45.731],[-86.984,45.705],[-86.982,45.786],[-87.056,45.818],[-87.094,45.7],[-87.174,45.669],[-87.282,45.539],[-87.345,45.423],[-87.56,45.191],[-87.604,45.174],[-87.598,45.108],[-87.637,45.007],[-87.688,44.977],[-87.823,44.949],[-87.841,44.894],[-87.972,44.741],[-88.02,44.638],[-88.033,44.568],[-87.922,44.553],[-87.904,44.594],[-87.767,44.657],[-87.66,44.813],[-87.59,44.856],[-87.45,44.886],[-87.328,44.804],[-87.365,44.693],[-87.44,44.607],[-87.485,44.526],[-87.519,44.381],[-87.55,44.313],[-87.496,44.22],[-87.55,44.148],[-87.638,44.1],[-87.724,43.925],[-87.732,43.823],[-87.7,43.778],[-87.7,43.709],[-87.788,43.582],[-87.808,43.466],[-87.872,43.373],[-87.907,43.267],[-87.872,43.096],[-87.896,43.04],[-87.841,42.958],[-87.838,42.877],[-87.783,42.812],[-87.78,42.704],[-87.81,42.653],[-87.804,42.483],[-87.826,42.355],[-87.823,42.279],[-87.752,42.125],[-87.688,42.085],[-87.648,41.945],[-87.578,41.789],[-87.494,41.698],[-87.386,41.64],[-87.202,41.635],[-87.03,41.681],[-86.801,41.777],[-86.657,41.876],[-86.603,41.94],[-86.493,42.13],[-86.379,42.255],[-86.273,42.472],[-86.219,42.709],[-86.222,42.964],[-86.273,43.103],[-86.505,43.54],[-86.543,43.628],[-86.522,43.699],[-86.442,43.785],[-86.453,43.958],[-86.522,44.045],[-86.518,44.083],[-86.413,44.162],[-86.268,44.375],[-86.264,44.496],[-86.234,44.585],[-86.27,44.688],[-86.226,44.731],[-86.103,44.747],[-86.06,44.922],[-86.001,44.915],[-85.937,44.984],[-85.847,44.95],[-85.762,45.063],[-85.693,45.115],[-85.603,45.144],[-85.579,45.061],[-85.623,45.025],[-85.607,44.95],[-85.66,44.854],[-85.587,44.827],[-85.57,44.909],[-85.522,44.998],[-85.485,44.993],[-85.51,44.88],[-85.546,44.844],[-85.535,44.774],[-85.424,44.93],[-85.378,45.101],[-85.399,45.227],[-85.334,45.316],[-85.174,45.377],[-85.042,45.379],[-85.021,45.439],[-85.104,45.527],[-85.082,45.631],[-84.994,45.683],[-84.945,45.737],[-84.823,45.765],[-84.775,45.8]]]}},{"type":"Feature","properties":{},"geometry":{"type":"Polygon","coordinates":[[[-86.995,45.224],[-87.088,45.143],[-87.184,44.986],[-87.232,44.878],[-87.296,44.821],[-87.374,44.845],[-87.406,44.922],[-87.369,45],[-87.29,45.073],[-87.235,45.176],[-87.139,45.197],[-87.111,45.265],[-86.983,45.292],[-86.995,45.224]]]}},{"type":"Feature","properties":{},"geometry":{"type":"Polygon","coordinates":[[[-85.488,45.635],[-85.573,45.592],[-85.625,45.615],[-85.558,45.748],[-85.505,45.753],[-85.488,45.635]]]}},{"type":"Feature","properties":{},"geometry":{"type":"Polygon","coordinates":[[[-86.854,45.387],[-86.872,45.354],[-86.965,45.343],[-86.953,45.423],[-86.854,45.387]]]}},{"type":"Feature","properties":{},"geometry":{"type":"Polygon","coordinates":[[[-81.607,45.252],[-81.302,45.252],[-81.32,45.149],[-81.263,45.089],[-81.266,45.022],[-81.201,44.977],[-81.117,44.965],[-81.149,44.915],[-81.006,44.922],[-81.033,44.806],[-80.935,44.811],[-80.889,44.752],[-80.943,44.629],[-80.763,44.719],[-80.639,44.718],[-80.598,44.624],[-80.512,44.607],[-80.451,44.566],[-80.245,44.525],[-80.109,44.475],[-80.013,44.531],[-79.992,44.693],[-80.108,44.76],[-80.108,44.822],[-79.948,44.869],[-79.942,44.819],[-79.873,44.769],[-79.739,44.755],[-79.783,44.821],[-79.827,44.943],[-79.928,44.961],[-80.054,45.08],[-79.998,45.162],[-80.066,45.218],[-80.128,45.234],[-80.033,45.326],[-80.065,45.39],[-80.114,45.411],[-80.3,45.366],[-80.31,45.416],[-80.389,45.463],[-80.382,45.547],[-80.424,45.588],[-80.506,45.573],[-80.518,45.63],[-80.58,45.662],[-80.643,45.737],[-80.636,45.777],[-80.68,45.852],[-80.893,45.954],[-81.06,45.956],[-81.163,45.978],[-81.261,45.966],[-81.54,46.005],[-81.642,45.956],[-81.586,45.993],[-81.611,46.03],[-81.546,46.098],[-81.638,46.126],[-81.719,46.108],[-82.013,46.115],[-82.109,46.136],[-82.178,46.126],[-82.232,46.155],[-82.321,46.156],[-82.4,46.197],[-82.669,46.169],[-82.708,46.2],[-82.932,46.19],[-82.983,46.177],[-83.244,46.209],[-83.614,46.287],[-83.701,46.277],[-83.833,46.3],[-83.906,46.333],[-84.039,46.33],[-84.224,46.355],[-84.203,46.25],[-84.258,46.213],[-84.028,46.149],[-84.049,46.093],[-83.998,46.048],[-83.891,46.012],[-83.903,45.982],[-84.022,45.964],[-84.223,45.993],[-84.453,46.014],[-84.657,46.056],[-84.73,45.953],[-84.724,45.882],[-84.781,45.862],[-84.775,45.8],[-84.576,45.73],[-84.458,45.671],[-84.318,45.674],[-84.224,45.642],[-84.096,45.504],[-83.943,45.501],[-83.844,45.442],[-83.719,45.423],[-83.675,45.387],[-83.51,45.359],[-83.384,45.279],[-83.409,45.238],[-83.322,45.162],[-83.305,45.096],[-83.435,45.065],[-83.46,44.998],[-83.435,44.953],[-83.342,44.892],[-83.309,44.833],[-83.287,44.703],[-83.315,44.624],[-83.328,44.367],[-83.453,44.285],[-83.532,44.266],[-83.554,44.231],[-83.592,44.063],[-83.678,44.045],[-83.696,44.004],[-83.822,44.004],[-83.89,43.958],[-83.925,43.881],[-83.943,43.728],[-83.904,43.682],[-83.679,43.608],[-83.605,43.651],[-83.538,43.727],[-83.49,43.703],[-83.389,43.854],[-83.267,43.976],[-83.086,44.014],[-83.018,44.058],[-82.924,44.07],[-82.812,44.026],[-82.689,43.921],[-82.637,43.812],[-82.58,43.528],[-82.547,43.451],[-82.526,43.277],[-82.476,43.102],[-82.417,43.017],[-82.152,43.089],[-82.096,43.119],[-82.006,43.212],[-81.88,43.257],[-81.782,43.325],[-81.731,43.382],[-81.699,43.515],[-81.722,43.684],[-81.712,43.942],[-81.743,44.084],[-81.661,44.158],[-81.591,44.28],[-81.594,44.327],[-81.496,44.418],[-81.4,44.457],[-81.379,44.515],[-81.28,44.607],[-81.266,44.645],[-81.28,44.813],[-81.362,44.889],[-81.348,44.977],[-81.434,44.99],[-81.462,45.05],[-81.602,45.182],[-81.719,45.224],[-81.65,45.277],[-81.607,45.252]]]}},{"type":"Feature","properties":{},"geometry":{"type":"Polygon","coordinates":[[[-81.68,45.909],[-81.606,45.806],[-81.605,45.752],[-81.726,45.622],[-81.842,45.526],[-81.931,45.569],[-81.847,45.632],[-81.842,45.687],[-82.016,45.568],[-82.174,45.608],[-82.339,45.695],[-82.453,45.705],[-82.532,45.75],[-82.684,45.795],[-82.766,45.788],[-82.952,45.813],[-83.082,45.868],[-83.225,45.887],[-83.19,45.966],[-83.118,45.953],[-82.952,45.964],[-82.81,45.993],[-82.837,45.931],[-82.76,45.847],[-82.66,45.865],[-82.523,45.806],[-82.507,45.847],[-82.592,45.889],[-82.49,45.953],[-82.31,45.99],[-82.285,45.931],[-82.14,45.855],[-82.088,45.944],[-81.954,45.988],[-81.895,45.953],[-81.91,45.906],[-81.82,45.862],[-81.846,45.792],[-81.808,45.745],[-81.754,45.849],[-81.68,45.909]]]}},{"type":"Feature","properties":{},"geometry":{"type":"Polygon","coordinates":[[[-80.221,45.311],[-80.183,45.334],[-80.097,45.291],[-80.18,45.244],[-80.221,45.311]]]}},{"type":"Feature","properties":{},"geometry":{"type":"Polygon","coordinates":[[[-84.367,45.775],[-84.414,45.733],[-84.488,45.744],[-84.583,45.813],[-84.42,45.827],[-84.367,45.775]]]}},{"type":"Feature","properties":{},"geometry":{"type":"Polygon","coordinates":[[[-83.267,45.961],[-83.281,45.909],[-83.376,45.863],[-83.487,45.892],[-83.46,45.951],[-83.353,46.002],[-83.267,45.961]]]}},{"type":"Feature","properties":{},"geometry":{"type":"Polygon","coordinates":[[[-83.815,46.143],[-83.87,46.162],[-83.926,46.077],[-84.069,46.211],[-84.109,46.293],[-83.986,46.31],[-83.843,46.269],[-83.814,46.236],[-83.815,46.143]]]}},{"type":"Feature","properties":{},"geometry":{"type":"Polygon","coordinates":[[[-83.482,45.994],[-83.563,45.928],[-83.658,45.955],[-83.711,45.937],[-83.833,45.969],[-83.778,46.021],[-83.679,46.077],[-83.624,46.108],[-83.562,46.076],[-83.546,46.03],[-83.482,45.994]]]}},{"type":"Feature","properties":{},"geometry":{"type":"Polygon","coordinates":[[[-82.733,45.935],[-82.63,45.978],[-82.605,45.914],[-82.658,45.902],[-82.733,45.935]]]}},{"type":"Feature","properties":{},"geometry":{"type":"Polygon","coordinates":[[[-81.921,46.01],[-81.941,46.053],[-81.803,46.058],[-81.794,46.002],[-81.921,46.01]]]}},{"type":"Feature","properties":{},"geometry":{"type":"Polygon","coordinates":[[[-84.768,47.019],[-84.787,47.006],[-84.784,47],[-84.768,47.019]]]}},{"type":"Feature","properties":{},"geometry":{"type":"Polygon","coordinates":[[[-84.49,46.449],[-84.494,46.481],[-84.589,46.542],[-84.563,46.601],[-84.434,46.694],[-84.494,46.751],[-84.566,46.741],[-84.549,46.827],[-84.478,46.853],[-84.398,46.838],[-84.36,46.893],[-84.437,46.941],[-84.663,46.956],[-84.777,46.988],[-84.784,47],[-84.976,46.784],[-85.013,46.724],[-85.056,46.533],[-84.835,46.46],[-84.656,46.502],[-84.57,46.423],[-84.49,46.449]]]}},{"type":"Feature","properties":{},"geometry":{"type":"Polygon","coordinates":[[[-83.018,44.058],[-83.328,44.367],[-83.453,44.285],[-83.532,44.266],[-83.554,44.231],[-83.592,44.063],[-83.678,44.045],[-83.696,44.004],[-83.822,44.004],[-83.89,43.958],[-83.925,43.881],[-83.943,43.728],[-83.904,43.682],[-83.679,43.608],[-83.605,43.651],[-83.538,43.727],[-83.49,43.703],[-83.389,43.854],[-83.267,43.976],[-83.086,44.014],[-83.018,44.058]]]}},{"type":"Feature","properties":{},"geometry":{"type":"Polygon","coordinates":[[[-81.921,46.01],[-81.941,46.053],[-81.93,46.055],[-81.951,46.114],[-82.013,46.115],[-82.109,46.136],[-82.178,46.126],[-82.232,46.155],[-82.321,46.156],[-82.4,46.197],[-82.669,46.169],[-82.708,46.2],[-82.932,46.19],[-82.983,46.177],[-83.244,46.209],[-83.614,46.287],[-83.701,46.277],[-83.833,46.3],[-83.814,46.236],[-83.815,46.143],[-83.679,46.077],[-83.624,46.108],[-83.562,46.076],[-83.546,46.03],[-83.482,45.994],[-83.46,45.951],[-83.353,46.002],[-83.267,45.961],[-83.19,45.966],[-83.118,45.953],[-82.952,45.964],[-82.81,45.993],[-82.837,45.931],[-82.76,45.847],[-82.66,45.865],[-82.523,45.806],[-82.507,45.847],[-82.592,45.889],[-82.49,45.953],[-82.31,45.99],[-82.285,45.931],[-82.14,45.855],[-82.088,45.944],[-81.954,45.988],[-81.895,45.953],[-81.921,46.01]]]}},{"type":"Feature","properties":{},"geometry":{"type":"Polygon","coordinates":[[[-82.733,45.935],[-82.63,45.978],[-82.605,45.914],[-82.658,45.902],[-82.733,45.935]]]}},{"type":"Feature","properties":{},"geometry":{"type":"Polygon","coordinates":[[[-81.607,45.252],[-81.302,45.252],[-81.32,45.149],[-81.263,45.089],[-81.266,45.022],[-81.201,44.977],[-81.117,44.965],[-81.149,44.915],[-81.006,44.922],[-81.033,44.806],[-80.935,44.811],[-80.889,44.752],[-80.943,44.629],[-80.763,44.719],[-80.639,44.718],[-80.598,44.624],[-80.512,44.607],[-80.451,44.566],[-80.245,44.525],[-80.109,44.475],[-80.013,44.531],[-79.992,44.693],[-80.108,44.76],[-80.108,44.822],[-79.948,44.869],[-79.942,44.819],[-79.873,44.769],[-79.739,44.755],[-79.783,44.821],[-79.827,44.943],[-79.928,44.961],[-80.054,45.08],[-79.998,45.162],[-80.066,45.218],[-80.128,45.234],[-80.033,45.326],[-80.065,45.39],[-80.114,45.411],[-80.3,45.366],[-80.31,45.416],[-80.389,45.463],[-80.382,45.547],[-80.424,45.588],[-80.506,45.573],[-80.518,45.63],[-80.58,45.662],[-80.643,45.737],[-80.636,45.777],[-80.68,45.852],[-80.893,45.954],[-81.06,45.956],[-81.163,45.978],[-81.261,45.966],[-81.54,46.005],[-81.642,45.956],[-81.68,45.909],[-81.606,45.806],[-81.605,45.752],[-81.726,45.622],[-81.607,45.252]]]}},{"type":"Feature","properties":{},"geometry":{"type":"Polygon","coordinates":[[[-80.221,45.311],[-80.183,45.334],[-80.097,45.291],[-80.18,45.244],[-80.221,45.311]]]}},{"type":"Feature","properties":{},"geometry":{"type":"Polygon","coordinates":[[[30.078,61.243],[29.91,61.307],[29.862,61.265],[29.896,61.165],[30.235,61.044],[30.532,60.826],[30.494,60.728],[30.534,60.63],[30.696,60.587],[30.728,60.537],[30.882,60.397],[30.962,60.237],[31.118,60.129],[31.088,60.069],[31.151,60.041],[31.071,59.933],[31.187,59.916],[31.349,59.94],[31.427,59.901],[31.57,59.951],[31.529,60.053],[31.607,60.129],[31.589,60.167],[31.778,60.246],[32.05,60.24],[32.164,60.216],[32.292,60.134],[32.498,60.165],[32.62,60.238],[32.579,60.343],[32.687,60.403],[32.585,60.519],[32.677,60.544],[32.821,60.515],[32.926,60.601],[32.955,60.657],[32.804,60.746],[32.806,60.861],[32.579,61.006],[32.569,61.081],[32.509,61.137],[31.912,61.312],[31.766,61.377],[31.64,61.468],[31.534,61.514],[31.378,61.623],[31.262,61.636],[31.159,61.612],[31.063,61.639],[31.05,61.711],[30.885,61.739],[30.82,61.776],[30.608,61.625],[30.561,61.54],[30.488,61.492],[30.269,61.515],[30.207,61.424],[30.238,61.301],[30.092,61.308],[30.078,61.243]]]}},{"type":"Feature","properties":{},"geometry":{"type":"Polygon","coordinates":[[[79.053,46.464],[79.079,46.596],[79.222,46.604],[79.259,46.663],[79.226,46.736],[79.119,46.816],[79.032,46.821],[78.987,46.75],[78.888,46.807],[78.796,46.794],[78.755,46.735],[78.591,46.748],[78.448,46.608],[78.38,46.615],[78.365,46.544],[78.258,46.478],[78.232,46.545],[78.149,46.607],[78.038,46.601],[77.894,46.658],[77.767,46.649],[77.635,46.67],[77.619,46.632],[77.463,46.642],[77.264,46.601],[77.228,46.559],[77.16,46.547],[77.101,46.611],[77.019,46.647],[76.833,46.653],[76.851,46.591],[76.73,46.632],[76.702,46.671],[76.597,46.676],[76.49,46.629],[76.373,46.673],[76.371,46.73],[76.229,46.786],[76.044,46.799],[75.988,46.769],[75.925,46.835],[75.822,46.786],[75.75,46.8],[75.49,46.734],[75.286,46.721],[75.098,46.806],[74.947,46.804],[74.861,46.779],[74.611,46.773],[74.56,46.722],[74.537,46.604],[74.414,46.571],[74.378,46.51],[74.249,46.472],[74.201,46.43],[74.101,46.433],[73.941,46.299],[73.997,46.265],[74.002,46.19],[73.783,46.205],[73.669,46.179],[73.661,46.058],[73.735,46.018],[73.605,45.896],[73.574,45.81],[73.488,45.847],[73.424,45.796],[73.523,45.767],[73.506,45.675],[73.447,45.679],[73.425,45.607],[73.471,45.567],[73.617,45.515],[73.728,45.354],[73.824,45.307],[73.813,45.281],[73.896,45.221],[74.007,45.207],[73.988,45.131],[74.029,45.046],[74.002,44.998],[74.081,44.986],[74.075,45.05],[74.174,45.087],[74.14,45.224],[74.168,45.319],[74.095,45.328],[74.07,45.426],[74.098,45.477],[74.085,45.539],[74.236,45.595],[74.271,45.65],[74.339,45.676],[74.276,45.732],[74.322,45.786],[74.231,45.989],[74.302,46.02],[74.424,46.039],[74.511,45.992],[74.633,46.033],[74.812,46.139],[74.793,46.205],[74.853,46.268],[74.896,46.404],[74.995,46.385],[75.084,46.438],[75.227,46.419],[75.278,46.529],[75.341,46.475],[75.46,46.494],[75.402,46.626],[75.471,46.627],[75.521,46.557],[75.576,46.526],[75.577,46.474],[75.678,46.491],[75.725,46.53],[75.784,46.508],[75.874,46.548],[75.969,46.519],[76.057,46.543],[76.199,46.527],[76.304,46.576],[76.397,46.541],[76.752,46.533],[76.912,46.458],[77.045,46.451],[77.157,46.484],[77.244,46.453],[77.387,46.506],[77.595,46.42],[77.801,46.405],[77.871,46.426],[78.043,46.325],[78.164,46.312],[78.307,46.362],[78.405,46.295],[78.477,46.32],[78.418,46.367],[78.472,46.407],[78.547,46.406],[78.655,46.375],[78.731,46.396],[78.884,46.365],[78.953,46.385],[79.053,46.464]]]}},{"type":"Feature","properties":{},"geometry":{"type":"Polygon","coordinates":[[[109.873,55.719],[109.847,55.76],[109.603,55.771],[109.52,55.754],[109.311,55.602],[109.201,55.558],[109.17,55.468],[109.218,55.386],[109.184,55.188],[109.113,55.116],[109.103,55.05],[109.031,55.031],[108.903,54.961],[108.958,54.92],[108.857,54.83],[108.817,54.708],[108.691,54.565],[108.587,54.498],[108.543,54.433],[108.509,54.319],[108.376,54.176],[108.304,54.14],[108.307,54.091],[108.182,53.9],[108.074,53.838],[107.67,53.654],[107.547,53.511],[107.528,53.432],[107.133,53.278],[107.032,53.228],[106.974,53.17],[106.817,53.077],[106.909,52.989],[106.796,52.924],[106.762,52.862],[106.573,52.775],[106.58,52.73],[106.409,52.632],[106.341,52.618],[105.984,52.495],[105.908,52.444],[105.84,52.361],[105.707,52.252],[105.607,52.131],[105.441,52.034],[105.307,51.999],[105.251,51.933],[104.937,51.864],[104.75,51.87],[104.647,51.788],[104.247,51.782],[103.914,51.734],[103.727,51.719],[103.709,51.686],[103.854,51.617],[103.952,51.601],[104.309,51.5],[104.522,51.481],[104.806,51.478],[104.942,51.538],[105.435,51.615],[105.748,51.704],[105.932,51.738],[106.091,51.889],[106.193,51.943],[106.166,51.997],[106.292,52.138],[106.244,52.248],[106.323,52.334],[106.486,52.383],[106.621,52.378],[106.74,52.321],[106.855,52.359],[106.888,52.433],[106.955,52.488],[107.13,52.557],[107.319,52.608],[107.434,52.672],[107.554,52.705],[107.793,52.714],[107.968,52.79],[108.006,52.84],[108.207,52.924],[108.333,53.03],[108.286,53.105],[108.398,53.151],[108.608,53.283],[108.787,53.283],[108.979,53.365],[109.002,53.435],[108.929,53.574],[108.855,53.598],[108.677,53.563],[108.649,53.604],[108.711,53.693],[108.808,53.79],[108.907,53.855],[109.041,53.865],[109.074,53.817],[109.019,53.766],[109.081,53.742],[108.989,53.639],[109.126,53.618],[109.21,53.671],[109.184,53.787],[109.26,53.889],[109.489,54.042],[109.561,54.167],[109.477,54.288],[109.511,54.347],[109.483,54.391],[109.526,54.55],[109.527,54.633],[109.638,54.699],[109.631,54.796],[109.69,54.841],[109.663,54.876],[109.725,54.931],[109.718,54.996],[109.78,55.054],[109.738,55.179],[109.804,55.238],[109.774,55.294],[109.821,55.359],[109.868,55.54],[109.855,55.578],[109.961,55.673],[109.873,55.719]]]}},{"type":"Feature","properties":{},"geometry":{"type":"Polygon","coordinates":[[[107.765,53.317],[107.752,53.245],[107.649,53.228],[107.492,53.146],[107.392,53.077],[107.108,53.043],[106.968,53.011],[106.936,53.075],[107.162,53.162],[107.468,53.245],[107.513,53.278],[107.649,53.31],[107.722,53.388],[107.765,53.317]]]}},{"type":"Feature","properties":{},"geometry":{"type":"Polygon","coordinates":[[[31.366,2.271],[31.325,2.262],[31.294,2.191],[31.237,2.117],[31.161,2.055],[31.067,2.003],[31.005,1.941],[30.913,1.907],[30.816,1.799],[30.745,1.746],[30.725,1.707],[30.654,1.663],[30.621,1.603],[30.549,1.565],[30.491,1.497],[30.477,1.442],[30.422,1.339],[30.408,1.261],[30.486,1.199],[30.488,1.141],[30.536,1.058],[30.578,1.028],[30.714,1.175],[30.731,1.24],[30.898,1.433],[30.947,1.518],[31.184,1.614],[31.282,1.696],[31.31,1.737],[31.331,1.833],[31.395,1.863],[31.404,1.953],[31.386,1.997],[31.404,2.058],[31.378,2.121],[31.389,2.161],[31.36,2.208],[31.366,2.271]]]}},{"type":"Feature","properties":{},"geometry":{"type":"Polygon","coordinates":[[[35.225,-14.385],[35.275,-14.38],[35.288,-14.336],[35.231,-14.231],[35.216,-14.165],[35.177,-14.101],[35.181,-14.052],[35.135,-13.971],[35.113,-13.849],[35.069,-13.749],[35.017,-13.723],[34.88,-13.716],[34.852,-13.667],[34.853,-13.537],[34.866,-13.47],[34.859,-13.374],[34.802,-13.329],[34.812,-13.236],[34.797,-13.136],[34.816,-13.085],[34.757,-12.943],[34.784,-12.798],[34.825,-12.715],[34.754,-12.544],[34.706,-12.47],[34.7,-12.318],[34.714,-12.267],[34.695,-12.188],[34.819,-12.063],[34.869,-12.043],[34.908,-11.914],[34.956,-11.814],[34.967,-11.671],[34.963,-11.513],[34.887,-11.375],[34.8,-11.332],[34.759,-11.337],[34.714,-11.203],[34.621,-11.12],[34.593,-11.016],[34.645,-10.913],[34.672,-10.739],[34.661,-10.687],[34.581,-10.54],[34.593,-10.482],[34.565,-10.41],[34.585,-10.301],[34.566,-10.203],[34.525,-10.095],[34.536,-10.043],[34.483,-9.946],[34.332,-9.769],[34.288,-9.708],[34.103,-9.53],[34.013,-9.477],[33.946,-9.55],[33.964,-9.595],[33.951,-9.674],[33.904,-9.725],[33.907,-9.827],[33.953,-9.89],[33.966,-10.002],[33.995,-10.069],[34.078,-10.187],[34.181,-10.279],[34.239,-10.364],[34.271,-10.441],[34.221,-10.477],[34.229,-10.533],[34.183,-10.578],[34.209,-10.626],[34.233,-10.934],[34.229,-11.06],[34.25,-11.112],[34.215,-11.186],[34.232,-11.272],[34.277,-11.354],[34.284,-11.479],[34.325,-11.64],[34.316,-11.692],[34.202,-11.798],[34.195,-11.9],[34.082,-11.986],[34.062,-12.019],[34.03,-12.188],[34.04,-12.27],[34.085,-12.38],[34.171,-12.397],[34.202,-12.486],[34.182,-12.596],[34.202,-12.668],[34.276,-12.738],[34.264,-12.808],[34.311,-12.873],[34.337,-13.012],[34.343,-13.272],[34.309,-13.33],[34.325,-13.396],[34.401,-13.529],[34.438,-13.574],[34.502,-13.564],[34.635,-13.703],[34.62,-13.784],[34.592,-13.822],[34.583,-13.893],[34.529,-13.979],[34.551,-14.079],[34.634,-14.198],[34.699,-14.224],[34.709,-14.275],[34.806,-14.238],[34.812,-14.169],[34.863,-14.093],[34.84,-14.041],[34.863,-14.002],[34.942,-14.052],[34.942,-14.128],[35.065,-14.186],[35.127,-14.292],[35.225,-14.385]]]}},{"type":"Feature","properties":{},"geometry":{"type":"Polygon","coordinates":[[[30.81,-8.585],[30.858,-8.618],[31.025,-8.799],[31.104,-8.769],[31.149,-8.708],[31.186,-8.74],[31.2,-8.628],[31.135,-8.525],[31.145,-8.426],[31.127,-8.394],[31.031,-8.324],[30.971,-8.262],[30.943,-8.166],[30.947,-8.097],[30.91,-8.074],[30.903,-8.019],[30.799,-7.874],[30.745,-7.72],[30.666,-7.644],[30.583,-7.508],[30.611,-7.371],[30.604,-7.332],[30.522,-7.133],[30.56,-7.102],[30.577,-7.018],[30.565,-6.956],[30.515,-6.925],[30.419,-6.822],[30.396,-6.747],[30.336,-6.646],[30.292,-6.621],[30.19,-6.524],[30.159,-6.469],[30.117,-6.452],[30.03,-6.465],[29.953,-6.507],[29.94,-6.47],[29.857,-6.411],[29.712,-6.247],[29.732,-6.196],[29.734,-6.045],[29.789,-5.986],[29.834,-5.996],[29.9,-5.935],[29.946,-5.918],[29.943,-5.796],[29.836,-5.56],[29.77,-5.492],[29.741,-5.431],[29.778,-5.346],[29.822,-5.12],[29.777,-5.001],[29.611,-4.91],[29.603,-4.761],[29.65,-4.51],[29.657,-4.42],[29.554,-4.266],[29.536,-4.201],[29.501,-4.163],[29.494,-4.107],[29.437,-4.022],[29.439,-3.975],[29.373,-3.887],[29.337,-3.763],[29.343,-3.403],[29.297,-3.341],[29.206,-3.334],[29.165,-3.351],[29.135,-3.427],[29.152,-3.68],[29.096,-3.773],[29.124,-3.83],[29.096,-3.917],[29.089,-4.041],[29.1,-4.232],[29.049,-4.307],[29.138,-4.349],[29.234,-4.047],[29.259,-4.119],[29.218,-4.37],[29.206,-4.496],[29.149,-4.513],[29.113,-4.615],[29.099,-4.77],[29.106,-4.979],[29.096,-5.068],[29.127,-5.13],[29.177,-5.292],[29.258,-5.411],[29.373,-5.61],[29.331,-5.643],[29.35,-5.748],[29.312,-5.827],[29.179,-5.918],[29.193,-6.058],[29.273,-6.126],[29.276,-6.161],[29.326,-6.209],[29.351,-6.31],[29.442,-6.518],[29.487,-6.514],[29.474,-6.61],[29.499,-6.703],[29.549,-6.771],[29.626,-6.827],[29.762,-7.02],[29.825,-7.068],[29.975,-7.111],[30.114,-7.23],[30.183,-7.369],[30.218,-7.543],[30.2,-7.601],[30.232,-7.711],[30.267,-7.765],[30.266,-7.824],[30.303,-7.885],[30.381,-7.934],[30.515,-8.039],[30.584,-8.14],[30.57,-8.303],[30.467,-8.365],[30.442,-8.433],[30.47,-8.508],[30.55,-8.498],[30.583,-8.569],[30.643,-8.524],[30.81,-8.585]]]}},{"type":"Feature","properties":{},"geometry":{"type":"Polygon","coordinates":[[[33.914,-1.532],[33.928,-1.484],[33.867,-1.471],[33.804,-1.429],[33.799,-1.349],[33.821,-1.326],[33.967,-1.316],[33.886,-1.278],[33.886,-1.223],[33.963,-1.173],[34.016,-1.102],[34.072,-1.059],[34.072,-0.97],[34.118,-0.999],[34.14,-0.912],[34.175,-0.847],[34.072,-0.795],[34.037,-0.73],[34.048,-0.641],[34.081,-0.608],[34.103,-0.532],[34.161,-0.518],[34.189,-0.422],[34.244,-0.429],[34.311,-0.477],[34.395,-0.451],[34.436,-0.521],[34.503,-0.477],[34.457,-0.424],[34.449,-0.346],[34.562,-0.318],[34.678,-0.346],[34.754,-0.336],[34.75,-0.287],[34.838,-0.309],[34.795,-0.196],[34.731,-0.138],[34.737,-0.086],[34.548,-0.149],[34.506,-0.181],[34.447,-0.168],[34.36,-0.179],[34.388,-0.265],[34.303,-0.391],[34.236,-0.299],[34.253,-0.265],[34.188,-0.189],[34.122,-0.185],[34.123,-0.058],[33.996,-0.041],[33.982,0.106],[34.004,0.226],[33.982,0.266],[33.894,0.174],[33.805,0.22],[33.777,0.188],[33.722,0.193],[33.743,0.257],[33.668,0.311],[33.62,0.311],[33.626,0.246],[33.566,0.184],[33.489,0.188],[33.44,0.227],[33.434,0.291],[33.508,0.3],[33.442,0.356],[33.377,0.343],[33.349,0.392],[33.346,0.456],[33.25,0.44],[33.271,0.386],[33.239,0.352],[33.154,0.316],[33.167,0.263],[33.105,0.222],[33.078,0.166],[33.008,0.113],[32.901,0.077],[32.845,0.152],[32.682,0.089],[32.657,0.222],[32.563,0.19],[32.572,0.133],[32.54,0.075],[32.501,0.081],[32.452,0.03],[32.386,0.092],[32.369,-0.004],[32.324,0.027],[32.269,-0.029],[32.215,-0.003],[32.17,-0.073],[32.077,-0.036],[31.94,-0.125],[31.927,-0.196],[31.98,-0.189],[32.03,-0.295],[31.978,-0.338],[31.913,-0.436],[31.847,-0.471],[31.796,-0.566],[31.797,-0.645],[31.718,-0.757],[31.701,-0.839],[31.769,-0.864],[31.767,-1.03],[31.84,-1.024],[31.87,-1.15],[31.851,-1.278],[31.821,-1.347],[31.796,-1.484],[31.755,-1.466],[31.742,-1.566],[31.761,-1.597],[31.721,-1.676],[31.712,-1.755],[31.674,-1.895],[31.618,-1.974],[31.611,-2.039],[31.666,-2.025],[31.701,-2.077],[31.694,-2.142],[31.634,-2.316],[31.642,-2.362],[31.725,-2.32],[31.796,-2.463],[31.72,-2.539],[31.755,-2.62],[31.8,-2.608],[31.76,-2.716],[31.79,-2.742],[31.783,-2.815],[31.845,-2.786],[31.827,-2.697],[31.858,-2.678],[31.906,-2.711],[31.96,-2.696],[31.968,-2.752],[32.015,-2.76],[31.941,-2.589],[31.983,-2.591],[31.994,-2.491],[32.087,-2.503],[32.138,-2.56],[32.167,-2.496],[32.068,-2.425],[32.071,-2.375],[32.159,-2.388],[32.224,-2.273],[32.31,-2.272],[32.32,-2.354],[32.371,-2.432],[32.434,-2.457],[32.553,-2.467],[32.549,-2.538],[32.625,-2.467],[32.642,-2.405],[32.695,-2.473],[32.762,-2.5],[32.814,-2.488],[32.821,-2.623],[32.811,-2.669],[32.873,-2.729],[32.847,-2.824],[32.725,-2.863],[32.804,-2.971],[32.841,-2.851],[32.891,-2.822],[32.969,-2.841],[32.955,-2.786],[32.879,-2.705],[32.866,-2.601],[32.901,-2.554],[32.873,-2.495],[32.927,-2.409],[32.999,-2.38],[33.119,-2.4],[33.147,-2.463],[33.234,-2.518],[33.451,-2.527],[33.417,-2.467],[33.522,-2.387],[33.612,-2.347],[33.715,-2.279],[33.838,-2.221],[33.816,-2.123],[33.749,-2.086],[33.642,-2.147],[33.606,-2.183],[33.566,-2.163],[33.449,-2.151],[33.358,-2.168],[33.311,-2.122],[33.208,-2.115],[33.228,-2.046],[33.318,-2.046],[33.4,-1.972],[33.496,-2.025],[33.543,-2.026],[33.573,-1.987],[33.504,-1.954],[33.438,-1.88],[33.314,-1.944],[33.311,-1.884],[33.338,-1.826],[33.388,-1.799],[33.448,-1.8],[33.493,-1.84],[33.55,-1.81],[33.581,-1.761],[33.557,-1.696],[33.585,-1.676],[33.688,-1.675],[33.687,-1.598],[33.647,-1.566],[33.735,-1.489],[33.81,-1.482],[33.825,-1.512],[33.914,-1.532]]]}},{"type":"Feature","properties":{},"geometry":{"type":"Polygon","coordinates":[[[33.947,-0.464],[34.03,-0.432],[34.017,-0.505],[33.947,-0.464]]]}},{"type":"Feature","properties":{},"geometry":{"type":"Polygon","coordinates":[[[31.92,-2.416],[31.875,-2.454],[31.817,-2.334],[31.783,-2.321],[31.791,-2.234],[31.84,-2.216],[31.869,-2.31],[31.92,-2.416]]]}},{"type":"Feature","properties":{},"geometry":{"type":"Polygon","coordinates":[[[32.07,-2.293],[32.05,-2.341],[31.978,-2.367],[31.985,-2.309],[31.951,-2.277],[32.044,-2.231],[32.07,-2.293]]]}},{"type":"Feature","properties":{},"geometry":{"type":"Polygon","coordinates":[[[32.283,-0.353],[32.283,-0.47],[32.187,-0.47],[32.166,-0.442],[32.228,-0.36],[32.144,-0.338],[32.065,-0.255],[32.074,-0.23],[32.157,-0.234],[32.153,-0.312],[32.187,-0.328],[32.297,-0.314],[32.283,-0.353]]]}},{"type":"Feature","properties":{},"geometry":{"type":"Polygon","coordinates":[[[32.531,-2.327],[32.519,-2.383],[32.441,-2.416],[32.408,-2.342],[32.434,-2.266],[32.475,-2.324],[32.531,-2.327]]]}},{"type":"Feature","properties":{},"geometry":{"type":"Polygon","coordinates":[[[33.006,-1.805],[33.083,-1.796],[33.091,-1.849],[33.037,-1.895],[32.997,-1.859],[33.006,-1.805]]]}},{"type":"Feature","properties":{},"geometry":{"type":"Polygon","coordinates":[[[33.187,-2.132],[33.142,-2.167],[33.079,-2.122],[32.929,-2.092],[32.85,-2.042],[32.897,-1.989],[32.851,-1.943],[32.912,-1.896],[32.932,-1.948],[32.992,-1.991],[33.105,-1.967],[33.101,-2.043],[33.187,-2.132]]]}},{"type":"Feature","properties":{},"geometry":{"type":"Polygon","coordinates":[[[33.387,0.251],[33.318,0.211],[33.319,0.119],[33.247,0.165],[33.263,0.199],[33.205,0.256],[33.233,0.294],[33.387,0.251]]]}},{"type":"Feature","properties":{},"geometry":{"type":"Polygon","coordinates":[[[14.734,13.081],[14.675,13.157],[14.651,13.216],[14.599,13.199],[14.537,13.254],[14.374,13.194],[14.356,13.159],[14.363,13.068],[14.285,13.062],[14.258,13.01],[14.319,12.87],[14.407,12.882],[14.433,12.936],[14.509,12.978],[14.599,12.996],[14.681,12.978],[14.734,13.081]]]}},{"type":"Feature","properties":{},"geometry":{"type":"Polygon","coordinates":[[[14.117,59.067],[13.959,59.053],[13.927,59.091],[14.009,59.154],[14.062,59.234],[14.04,59.299],[13.975,59.353],[13.876,59.32],[13.743,59.325],[13.683,59.376],[13.595,59.394],[13.483,59.361],[13.301,59.369],[13.103,59.271],[13.123,59.169],[13.214,59.047],[13.259,58.916],[13.106,58.926],[13.062,59.019],[12.773,59.077],[12.667,58.988],[12.629,58.861],[12.581,58.816],[12.479,58.837],[12.502,58.684],[12.631,58.64],[12.458,58.483],[12.376,58.47],[12.307,58.413],[12.343,58.377],[12.465,58.388],[12.553,58.357],[12.692,58.415],[12.67,58.443],[12.876,58.491],[12.925,58.567],[13.006,58.6],[13.171,58.614],[13.123,58.536],[13.246,58.511],[13.363,58.628],[13.653,58.673],[13.85,58.74],[13.88,58.813],[13.959,58.821],[14.04,59.01],[14.117,59.067]]]}},{"type":"Feature","properties":{},"geometry":{"type":"Polygon","coordinates":[[[13.199,58.634],[13.062,58.645],[13.101,58.693],[13.199,58.68],[13.199,58.634]]]}},{"type":"Feature","properties":{},"geometry":{"type":"Polygon","coordinates":[[[35.86,60.855],[35.928,60.887],[35.931,60.955],[36.038,61.012],[36.078,61.072],[36.21,61.074],[36.294,61.103],[36.395,61.178],[36.333,61.259],[36.432,61.311],[36.436,61.396],[36.343,61.461],[36.223,61.479],[36.213,61.545],[36.021,61.665],[36.042,61.706],[35.958,61.805],[35.847,61.835],[35.854,61.962],[35.713,62.009],[35.66,62.058],[35.761,62.167],[35.844,62.379],[35.839,62.437],[35.716,62.547],[35.463,62.59],[35.377,62.673],[35.044,62.739],[35,62.783],[34.851,62.847],[34.72,62.813],[34.544,62.918],[34.458,62.911],[34.574,62.797],[34.565,62.753],[34.795,62.62],[34.966,62.651],[35.095,62.565],[35.31,62.524],[35.364,62.531],[35.538,62.383],[35.588,62.279],[35.578,62.233],[35.483,62.178],[35.291,62.171],[35.042,62.195],[35.172,62.131],[35.188,62.081],[35.051,62.06],[34.872,62.184],[34.868,62.296],[34.702,62.459],[34.503,62.554],[34.631,62.369],[34.544,62.362],[34.689,62.242],[34.583,62.228],[34.743,62.061],[34.707,62.038],[34.329,62.174],[34.3,62.232],[34.373,62.26],[34.201,62.338],[34.068,62.454],[34.07,62.512],[33.935,62.525],[33.943,62.433],[34.076,62.423],[34.154,62.338],[34.264,62.27],[34.307,62.11],[34.521,62.033],[34.61,61.932],[34.623,61.858],[34.428,61.787],[34.723,61.582],[34.91,61.531],[35.028,61.541],[35.148,61.492],[35.24,61.483],[35.356,61.394],[35.464,61.374],[35.548,61.311],[35.599,61.191],[35.692,61.128],[35.557,61.011],[35.428,61.065],[35.29,61.087],[35.181,61.047],[35.027,61.132],[35.057,61.199],[34.821,61.22],[34.772,61.121],[34.833,61.041],[34.962,61.068],[35.12,61.054],[35.28,61.01],[35.353,61.057],[35.465,61.025],[35.495,60.951],[35.617,60.896],[35.779,60.914],[35.86,60.855]]]}},{"type":"Feature","properties":{},"geometry":{"type":"Polygon","coordinates":[[[35.347,61.998],[35.307,61.896],[35.16,61.859],[35.216,62.047],[35.301,62.092],[35.347,61.998]]]}},{"type":"Feature","properties":{},"geometry":{"type":"Polygon","coordinates":[[[37.302,11.74],[37.294,11.664],[37.327,11.632],[37.387,11.632],[37.45,11.769],[37.457,11.81],[37.506,11.838],[37.491,11.906],[37.549,11.935],[37.598,12.076],[37.592,12.138],[37.499,12.304],[37.327,12.289],[37.276,12.216],[37.176,12.22],[37.137,12.281],[37.068,12.242],[37.015,12.171],[36.991,11.885],[37.039,11.841],[37.102,11.85],[37.167,11.81],[37.259,11.822],[37.302,11.74]]]}},{"type":"Feature","properties":{},"geometry":{"type":"Polygon","coordinates":[[[-69.295,-16.265],[-69.153,-16.256],[-69.101,-16.203],[-69.082,-16.121],[-69.016,-16.112],[-68.979,-16.166],[-68.925,-16.183],[-68.861,-16.236],[-68.883,-16.265],[-68.96,-16.214],[-69.036,-16.313],[-69.043,-16.412],[-69.096,-16.495],[-69.048,-16.546],[-68.96,-16.584],[-68.863,-16.601],[-68.867,-16.471],[-68.853,-16.408],[-68.784,-16.423],[-68.726,-16.368],[-68.732,-16.326],[-68.595,-16.313],[-68.58,-16.243],[-68.618,-16.213],[-68.694,-16.218],[-68.849,-16.182],[-68.911,-16.067],[-68.857,-16.059],[-68.77,-15.977],[-68.797,-15.947],[-68.908,-15.929],[-68.932,-15.944],[-69.02,-15.923],[-69.018,-15.814],[-69.104,-15.729],[-69.164,-15.719],[-69.168,-15.669],[-69.27,-15.669],[-69.301,-15.621],[-69.294,-15.569],[-69.381,-15.512],[-69.439,-15.496],[-69.472,-15.431],[-69.579,-15.354],[-69.643,-15.347],[-69.651,-15.306],[-69.712,-15.289],[-69.786,-15.307],[-69.885,-15.302],[-69.873,-15.352],[-69.934,-15.374],[-69.95,-15.41],[-69.813,-15.641],[-69.86,-15.682],[-69.897,-15.601],[-69.967,-15.666],[-69.97,-15.697],[-70.04,-15.717],[-70.005,-15.793],[-70.015,-15.856],[-69.9,-15.879],[-69.883,-15.927],[-69.809,-15.895],[-69.877,-15.861],[-69.843,-15.79],[-69.785,-15.825],[-69.765,-15.893],[-69.703,-15.926],[-69.685,-15.969],[-69.435,-16.012],[-69.422,-16.09],[-69.511,-16.183],[-69.47,-16.214],[-69.424,-16.183],[-69.372,-16.238],[-69.295,-16.265]]]}},{"type":"Feature","properties":{},"geometry":{"type":"Polygon","coordinates":[[[28.055,61.089],[28.127,61.059],[28.322,61.074],[28.843,61.217],[28.867,61.287],[28.669,61.354],[28.527,61.348],[28.453,61.314],[28.298,61.353],[28.35,61.399],[28.559,61.404],[28.575,61.5],[28.67,61.519],[28.704,61.593],[28.652,61.639],[28.734,61.691],[28.815,61.684],[29.103,61.562],[29.221,61.601],[29.45,61.722],[29.48,61.78],[29.626,61.798],[29.741,61.842],[29.761,61.949],[29.702,62.015],[29.508,62.013],[29.53,62.154],[29.801,62.153],[29.912,62.085],[30.02,62.132],[29.775,62.218],[29.655,62.207],[29.58,62.26],[29.593,62.301],[29.738,62.301],[29.791,62.367],[29.919,62.415],[29.8,62.576],[29.672,62.629],[29.59,62.603],[29.581,62.457],[29.364,62.541],[29.325,62.425],[29.242,62.409],[29.302,62.335],[29.316,62.253],[29.412,62.226],[29.302,62.16],[29.028,62.15],[28.874,62.119],[28.926,62.218],[28.74,62.328],[28.5,62.222],[28.363,62.24],[28.342,62.294],[28.076,62.232],[27.925,62.287],[28.048,62.377],[27.892,62.433],[27.89,62.5],[27.815,62.534],[27.719,62.651],[27.815,62.714],[28.004,62.722],[28.08,62.707],[28.055,62.643],[28.138,62.603],[28.117,62.547],[28.205,62.527],[28.267,62.582],[28.511,62.561],[28.505,62.495],[28.607,62.419],[28.74,62.393],[28.892,62.427],[28.733,62.465],[28.621,62.557],[28.487,62.574],[28.274,62.657],[28.276,62.693],[28.13,62.801],[28.225,62.868],[28.124,62.89],[28.216,62.997],[28.124,62.993],[28.011,63.044],[27.822,63.03],[27.849,63.11],[27.705,63.068],[27.768,63.02],[27.603,62.973],[27.46,62.993],[27.351,63.045],[27.356,63.167],[27.308,63.239],[27.37,63.36],[27.235,63.362],[27.206,63.313],[27.246,63.212],[27.15,63.177],[27.267,63.096],[27.226,63.068],[27.397,62.979],[27.39,62.89],[27.477,62.885],[27.662,62.93],[27.637,62.856],[27.679,62.742],[27.585,62.668],[27.608,62.569],[27.692,62.524],[27.554,62.506],[27.37,62.534],[27.263,62.505],[27.254,62.465],[27.418,62.472],[27.558,62.393],[27.78,62.445],[27.938,62.321],[27.865,62.301],[27.915,62.219],[27.987,62.171],[27.911,62.132],[28.071,62.089],[28.239,62.11],[28.364,62.045],[28.585,61.988],[28.693,61.941],[28.663,61.897],[28.832,61.881],[28.865,61.826],[28.767,61.807],[28.563,61.842],[28.389,61.744],[28.243,61.743],[28.263,61.661],[28.198,61.531],[28.09,61.499],[27.957,61.58],[27.944,61.654],[27.863,61.711],[27.692,61.65],[27.383,61.458],[27.219,61.465],[27.284,61.404],[27.281,61.334],[27.364,61.337],[27.48,61.225],[27.663,61.197],[27.687,61.246],[27.846,61.239],[28.04,61.276],[28.002,61.202],[27.857,61.146],[27.938,61.101],[28.055,61.089]]]}},{"type":"Feature","properties":{},"geometry":{"type":"Polygon","coordinates":[[[27.951,61.484],[27.904,61.437],[27.772,61.438],[27.716,61.495],[27.748,61.544],[27.951,61.484]]]}},{"type":"Feature","properties":{},"geometry":{"type":"Polygon","coordinates":[[[27.67,61.287],[27.517,61.289],[27.412,61.359],[27.301,61.389],[27.453,61.426],[27.637,61.383],[27.67,61.287]]]}},{"type":"Feature","properties":{},"geometry":{"type":"Polygon","coordinates":[[[28.24,61.394],[28.22,61.442],[28.343,61.446],[28.357,61.499],[28.459,61.506],[28.541,61.437],[28.24,61.394]]]}},{"type":"Feature","properties":{},"geometry":{"type":"Polygon","coordinates":[[[28.291,61.694],[28.384,61.718],[28.506,61.676],[28.541,61.623],[28.36,61.608],[28.274,61.642],[28.291,61.694]]]}},{"type":"Feature","properties":{},"geometry":{"type":"Polygon","coordinates":[[[28.858,61.904],[28.877,61.938],[28.688,62.023],[28.699,62.075],[28.878,62.091],[29.004,62.129],[29.226,62.134],[29.364,62.123],[29.45,62.042],[29.46,61.979],[29.37,61.979],[29.292,61.875],[29.302,61.821],[29.18,61.753],[28.986,61.793],[28.921,61.895],[28.858,61.904]]]}},{"type":"Feature","properties":{},"geometry":{"type":"Polygon","coordinates":[[[27.843,62.925],[27.982,62.945],[28.124,62.822],[28.042,62.753],[27.834,62.888],[27.843,62.925]]]}},{"type":"Feature","properties":{},"geometry":{"type":"Polygon","coordinates":[[[35.304,-14.559],[35.257,-14.504],[35.193,-14.558],[35.191,-14.685],[35.278,-14.758],[35.284,-14.675],[35.326,-14.628],[35.304,-14.559]]]}},{"type":"Feature","properties":{},"geometry":{"type":"Polygon","coordinates":[[[-71.179,-46.497],[-71.258,-46.478],[-71.279,-46.427],[-71.438,-46.418],[-71.659,-46.356],[-71.638,-46.308],[-71.951,-46.317],[-71.874,-46.387],[-71.981,-46.424],[-72.162,-46.512],[-72.213,-46.499],[-72.38,-46.552],[-72.446,-46.615],[-72.526,-46.623],[-72.665,-46.574],[-72.674,-46.472],[-72.75,-46.512],[-72.686,-46.623],[-72.629,-46.653],[-72.687,-46.74],[-72.824,-46.774],[-72.821,-46.854],[-72.887,-46.919],[-72.895,-46.99],[-72.841,-47.001],[-72.761,-46.839],[-72.7,-46.849],[-72.625,-46.805],[-72.55,-46.725],[-72.389,-46.658],[-72.324,-46.588],[-72.242,-46.547],[-72.172,-46.569],[-72.009,-46.535],[-71.885,-46.479],[-71.73,-46.532],[-71.659,-46.526],[-71.446,-46.586],[-71.309,-46.595],[-71.21,-46.582],[-71.179,-46.497]]]}},{"type":"Feature","properties":{},"geometry":{"type":"Polygon","coordinates":[[[-72.902,-41.319],[-72.786,-41.259],[-72.725,-41.198],[-72.625,-41.224],[-72.567,-41.199],[-72.653,-41.094],[-72.68,-41.037],[-72.879,-40.966],[-72.963,-41.086],[-73.046,-41.127],[-72.961,-41.155],[-73.012,-41.203],[-72.977,-41.299],[-72.902,-41.319]]]}},{"type":"Feature","properties":{},"geometry":{"type":"Polygon","coordinates":[[[118.669,33.181],[118.668,33.077],[118.744,33.088],[118.744,33.13],[118.877,33.367],[118.782,33.446],[118.633,33.478],[118.579,33.567],[118.575,33.643],[118.469,33.639],[118.47,33.554],[118.557,33.388],[118.397,33.39],[118.409,33.327],[118.305,33.239],[118.229,33.28],[118.233,33.208],[118.485,33.138],[118.439,33.04],[118.394,32.985],[118.291,32.991],[118.26,33.018],[118.229,33.118],[118.237,33.163],[118.173,33.227],[118.116,33.224],[118.051,33.184],[117.941,33.197],[117.878,33.148],[118.043,33.134],[118.135,33.161],[118.205,33.14],[118.243,32.972],[118.334,32.938],[118.47,32.979],[118.563,33.108],[118.579,33.184],[118.669,33.181]]]}},{"type":"Feature","properties":{},"geometry":{"type":"Polygon","coordinates":[[[100.767,51.447],[100.646,51.515],[100.615,51.59],[100.55,51.62],[100.491,51.537],[100.367,51.468],[100.468,51.425],[100.405,51.347],[100.324,51.33],[100.267,51.269],[100.33,51.158],[100.296,51.015],[100.247,50.894],[100.241,50.764],[100.262,50.678],[100.196,50.624],[100.165,50.562],[100.218,50.529],[100.322,50.543],[100.389,50.528],[100.474,50.569],[100.495,50.638],[100.422,50.649],[100.44,50.733],[100.51,50.765],[100.502,50.829],[100.657,50.92],[100.712,50.996],[100.682,51.039],[100.742,51.069],[100.708,51.128],[100.776,51.255],[100.796,51.412],[100.767,51.447]]]}},{"type":"Feature","properties":{},"geometry":{"type":"Polygon","coordinates":[[[26.305,61.414],[26.245,61.35],[26.105,61.283],[26.15,61.211],[25.851,61.284],[25.796,61.256],[25.541,61.327],[25.589,61.384],[25.499,61.451],[25.597,61.472],[25.567,61.561],[25.655,61.635],[25.65,61.698],[25.725,61.726],[25.711,61.78],[25.579,61.759],[25.632,61.986],[25.776,61.943],[25.825,62.018],[25.781,62.054],[25.849,62.205],[25.944,62.273],[25.944,62.356],[26.038,62.372],[26.095,62.273],[26.172,62.288],[26.171,62.368],[26.308,62.308],[26.299,62.409],[26.233,62.431],[26.214,62.522],[26.332,62.597],[26.557,62.561],[26.574,62.478],[26.393,62.424],[26.564,62.382],[26.657,62.478],[26.677,62.568],[26.796,62.563],[26.89,62.603],[26.979,62.599],[26.953,62.684],[26.869,62.794],[26.993,62.774],[27.026,62.839],[26.924,62.877],[26.973,62.911],[26.751,63.009],[26.708,62.925],[26.756,62.838],[26.699,62.819],[26.73,62.742],[26.877,62.692],[26.71,62.622],[26.557,62.637],[26.317,62.605],[26.15,62.547],[26.207,62.43],[26.184,62.39],[25.965,62.424],[25.801,62.548],[25.843,62.575],[25.791,62.636],[25.962,62.695],[26.015,62.804],[26.078,62.818],[26.229,62.78],[26.293,62.715],[26.398,62.748],[26.245,62.856],[26.16,62.872],[26.076,62.94],[26.15,62.973],[25.945,63.059],[25.938,63.11],[25.83,63.146],[25.778,63.089],[25.538,63.182],[25.492,63.059],[25.684,63.068],[25.865,63.002],[25.872,62.96],[25.982,62.908],[25.851,62.831],[25.924,62.771],[25.908,62.702],[25.834,62.703],[25.768,62.64],[25.618,62.641],[25.634,62.593],[25.863,62.486],[25.787,62.445],[25.944,62.411],[25.917,62.287],[25.688,62.205],[25.703,62.131],[25.532,62.123],[25.643,62.056],[25.68,62],[25.512,62.013],[25.485,61.903],[25.345,61.703],[25.465,61.642],[25.175,61.516],[25.273,61.416],[25.261,61.351],[25.409,61.328],[25.395,61.239],[25.492,61.193],[25.395,61.14],[25.467,61.1],[25.553,61.17],[25.685,61.187],[25.624,61.231],[25.665,61.286],[25.785,61.25],[25.883,61.163],[25.985,61.204],[26.153,61.097],[26.211,61.174],[26.13,61.259],[26.269,61.28],[26.305,61.414]]]}},{"type":"Feature","properties":{},"geometry":{"type":"Polygon","coordinates":[[[29.127,-8.621],[28.98,-8.52],[28.909,-8.483],[28.869,-8.495],[28.757,-8.655],[28.614,-8.813],[28.541,-8.878],[28.466,-8.988],[28.342,-9.082],[28.321,-9.149],[28.345,-9.207],[28.315,-9.276],[28.352,-9.458],[28.326,-9.488],[28.397,-9.528],[28.455,-9.524],[28.526,-9.481],[28.483,-9.445],[28.625,-9.391],[28.702,-9.438],[28.727,-9.364],[28.718,-9.304],[28.83,-9.153],[28.891,-9.098],[28.92,-9.037],[29.008,-8.988],[29.086,-8.827],[29.147,-8.676],[29.127,-8.621]]]}},{"type":"Feature","properties":{},"geometry":{"type":"Polygon","coordinates":[[[132.82,45.148],[132.722,45.25],[132.572,45.308],[132.42,45.337],[132.196,45.334],[132.109,45.309],[131.993,45.231],[132.041,45.113],[132.012,45.045],[132.114,44.991],[132.12,44.868],[132.037,44.817],[132.065,44.73],[132.108,44.694],[132.232,44.664],[132.243,44.567],[132.354,44.528],[132.43,44.611],[132.604,44.683],[132.641,44.752],[132.649,44.855],[132.742,44.924],[132.838,45.067],[132.82,45.148]]]}},{"type":"Feature","properties":{},"geometry":{"type":"Polygon","coordinates":[[[104.604,12.433],[104.579,12.5],[104.5,12.529],[104.449,12.605],[104.472,12.703],[104.424,12.752],[104.278,12.736],[104.239,12.745],[104.169,12.902],[104.127,12.962],[104.074,13.109],[103.985,13.198],[103.826,13.249],[103.72,13.268],[103.689,13.229],[103.727,13.078],[103.778,13.037],[103.799,12.934],[103.9,12.872],[104.023,12.783],[104.079,12.804],[104.117,12.761],[104.149,12.663],[104.212,12.581],[104.288,12.563],[104.408,12.509],[104.496,12.511],[104.534,12.458],[104.604,12.433]]]}},{"type":"Feature","properties":{},"geometry":{"type":"Polygon","coordinates":[[[27.507,58.237],[27.467,58.221],[27.558,58.097],[27.594,58.009],[27.674,58.04],[27.774,58.018],[27.876,57.961],[27.961,57.855],[28.127,57.859],[28.162,57.896],[28.157,58.004],[28.045,58.113],[27.946,58.176],[27.799,58.187],[27.604,58.143],[27.592,58.227],[27.507,58.237]]]}},{"type":"Feature","properties":{},"geometry":{"type":"Polygon","coordinates":[[[71.367,67.98],[71.386,68.024],[71.066,68.107],[70.912,68.077],[70.98,68.003],[71.125,68.014],[71.367,67.98]]]}},{"type":"Feature","properties":{},"geometry":{"type":"Polygon","coordinates":[[[30.418,65.11],[30.486,65.072],[30.693,65.03],[30.718,64.931],[30.858,65.001],[30.81,65.062],[31.007,65.095],[31.262,65.104],[31.331,65.134],[31.529,65.062],[31.512,65.015],[31.659,64.939],[31.884,64.948],[31.652,65.015],[31.607,65.051],[31.632,65.117],[31.447,65.172],[31.248,65.193],[31.029,65.159],[30.969,65.096],[30.722,65.106],[30.655,65.065],[30.418,65.11]]]}},{"type":"Feature","properties":{},"geometry":{"type":"Polygon","coordinates":[[[18.095,59.327],[17.923,59.343],[17.79,59.387],[17.76,59.421],[17.819,59.591],[17.753,59.629],[17.606,59.653],[17.671,59.742],[17.568,59.77],[17.563,59.677],[17.611,59.633],[17.74,59.595],[17.789,59.54],[17.668,59.493],[17.525,59.505],[17.407,59.542],[17.344,59.478],[17.23,59.526],[16.944,59.549],[16.806,59.595],[16.742,59.53],[16.675,59.538],[16.56,59.613],[16.534,59.536],[16.395,59.512],[16.299,59.461],[16.59,59.45],[16.666,59.478],[16.916,59.462],[17.036,59.381],[17.307,59.354],[17.511,59.282],[17.637,59.292],[17.772,59.247],[17.867,59.258],[17.97,59.334],[18.095,59.327]]]}},{"type":"Feature","properties":{},"geometry":{"type":"Polygon","coordinates":[[[84.221,47.729],[84.261,47.76],[84.391,47.773],[84.384,47.835],[84.438,47.853],[84.481,47.957],[84.349,48.033],[84.218,48.043],[84.073,48.082],[83.717,48.214],[83.554,48.244],[83.504,48.276],[83.691,48.377],[83.885,48.363],[83.95,48.409],[83.8,48.421],[83.713,48.39],[83.655,48.403],[83.562,48.465],[83.528,48.52],[83.528,48.639],[83.452,48.734],[83.469,48.794],[83.582,48.924],[83.796,48.988],[83.932,49],[83.985,49.047],[84.316,49.123],[84.342,49.19],[84.244,49.222],[84.089,49.315],[83.905,49.459],[83.732,49.494],[83.706,49.568],[83.613,49.617],[83.457,49.599],[83.431,49.541],[83.539,49.535],[83.702,49.452],[83.836,49.437],[83.922,49.38],[84.02,49.343],[84.151,49.239],[84.182,49.162],[84.157,49.135],[83.968,49.074],[83.765,49.046],[83.615,48.971],[83.572,48.969],[83.472,48.892],[83.416,48.757],[83.442,48.614],[83.369,48.561],[83.431,48.427],[83.596,48.369],[83.507,48.335],[83.436,48.258],[83.257,48.273],[83.161,48.259],[83.107,48.225],[83.012,48.21],[83.307,48.054],[83.411,48.061],[83.531,48.026],[83.65,48.019],[83.788,47.951],[83.856,47.875],[84.076,47.828],[84.221,47.729]]]}},{"type":"Feature","properties":{},"geometry":{"type":"Polygon","coordinates":[[[43.3,33.723],[43.467,33.705],[43.495,33.777],[43.469,33.802],[43.507,33.876],[43.495,33.939],[43.447,33.965],[43.439,34.012],[43.371,34.012],[43.323,34.095],[43.258,34.112],[43.191,34.183],[43.124,34.341],[43.051,34.254],[43.075,34.177],[43.064,34.105],[43.096,33.915],[43.261,33.718],[43.3,33.723]]]}},{"type":"Feature","properties":{},"geometry":{"type":"Polygon","coordinates":[[[-68.19,51.328],[-68.261,51.382],[-68.286,51.568],[-68.325,51.631],[-68.404,51.688],[-68.501,51.665],[-68.451,51.816],[-68.394,51.893],[-68.493,51.906],[-68.493,51.82],[-68.531,51.74],[-68.629,51.688],[-68.87,51.678],[-68.951,51.625],[-69.165,51.649],[-69.109,51.543],[-69.144,51.515],[-69.177,51.399],[-69.178,51.306],[-69.126,51.306],[-69,51.176],[-68.903,51.134],[-68.794,51.048],[-68.795,51.013],[-68.703,50.903],[-68.622,51.028],[-68.479,51.124],[-68.325,51.161],[-68.327,51.206],[-68.176,51.286],[-68.19,51.328]]]}},{"type":"Feature","properties":{},"geometry":{"type":"Polygon","coordinates":[[[-68.373,51.266],[-68.502,51.186],[-68.657,51.152],[-68.792,51.16],[-68.815,51.199],[-68.911,51.248],[-69.027,51.255],[-69.102,51.423],[-68.915,51.592],[-68.65,51.659],[-68.452,51.586],[-68.392,51.534],[-68.387,51.35],[-68.491,51.394],[-68.505,51.33],[-68.424,51.314],[-68.373,51.266]]]}},{"type":"Feature","properties":{},"geometry":{"type":"Polygon","coordinates":[[[38.704,58.113],[38.568,58.237],[38.806,58.182],[38.8,58.254],[38.88,58.361],[38.953,58.36],[38.955,58.456],[38.903,58.498],[38.691,58.566],[38.156,58.917],[38.093,58.994],[38.034,58.986],[37.954,59.04],[37.772,59.087],[37.953,59.117],[38.174,59.053],[38.306,59.065],[38.303,59.14],[38.184,59.189],[38.188,59.102],[38.108,59.101],[37.769,59.157],[37.685,59.121],[37.718,59.004],[37.476,58.952],[37.436,58.867],[37.622,58.939],[37.838,58.922],[37.916,58.838],[37.994,58.806],[38.053,58.73],[37.998,58.7],[38.079,58.657],[38.046,58.6],[38.084,58.53],[37.931,58.555],[37.754,58.634],[37.605,58.631],[37.694,58.575],[37.648,58.536],[37.545,58.57],[37.555,58.616],[37.439,58.624],[37.361,58.683],[37.312,58.771],[37.198,58.729],[37.324,58.649],[37.499,58.58],[37.648,58.45],[37.85,58.332],[38.07,58.268],[38.22,58.254],[38.272,58.182],[38.233,58.142],[38.252,58.039],[38.335,58.045],[38.388,58.145],[38.493,58.131],[38.573,58.091],[38.704,58.113]]]}},{"type":"Feature","properties":{},"geometry":{"type":"Polygon","coordinates":[[[137.966,-29.108],[138.044,-29.065],[137.983,-29.032],[137.885,-29.009],[137.83,-29.013],[137.759,-28.805],[137.676,-28.682],[137.616,-28.648],[137.604,-28.549],[137.638,-28.508],[137.705,-28.491],[137.594,-28.366],[137.652,-28.358],[137.76,-28.374],[137.787,-28.327],[137.635,-28.264],[137.602,-28.21],[137.633,-28.112],[137.506,-28.177],[137.456,-28.07],[137.39,-27.984],[137.266,-27.965],[137.126,-27.872],[137.078,-27.853],[136.989,-27.864],[136.886,-27.921],[136.822,-27.936],[136.856,-27.992],[136.942,-28.072],[136.948,-28.168],[136.984,-28.206],[136.991,-28.399],[136.899,-28.477],[136.893,-28.63],[136.949,-28.729],[136.897,-28.746],[136.906,-28.9],[136.992,-29.006],[137.045,-29.024],[137.105,-29.004],[137.135,-28.951],[137.115,-28.885],[137.172,-28.878],[137.183,-28.821],[137.273,-28.909],[137.307,-28.994],[137.36,-28.983],[137.323,-28.841],[137.273,-28.799],[137.254,-28.72],[137.327,-28.682],[137.315,-28.78],[137.435,-28.911],[137.495,-28.929],[137.489,-29.007],[137.586,-29.041],[137.68,-29.018],[137.763,-28.974],[137.799,-29.041],[137.912,-29.074],[137.966,-29.108]]]}},{"type":"Feature","properties":{},"geometry":{"type":"Polygon","coordinates":[[[122.851,-23.675],[122.949,-23.56],[122.941,-23.46],[122.947,-23.294],[122.917,-23.261],[122.786,-23.279],[122.723,-23.248],[122.703,-23.341],[122.617,-23.411],[122.595,-23.498],[122.698,-23.562],[122.716,-23.614],[122.784,-23.669],[122.851,-23.675]]]}},{"type":"Feature","properties":{},"geometry":{"type":"Polygon","coordinates":[[[128.749,-22.673],[128.878,-22.687],[128.916,-22.622],[128.971,-22.573],[129.079,-22.554],[129.107,-22.521],[129.101,-22.432],[129.176,-22.439],[129.247,-22.387],[129.195,-22.34],[129.115,-22.337],[129.072,-22.313],[129.031,-22.212],[129.098,-22.152],[129.121,-22.085],[129.198,-22.066],[129.188,-22.014],[129.064,-21.983],[128.937,-22.035],[128.93,-22.093],[128.887,-22.148],[128.702,-22.293],[128.589,-22.324],[128.524,-22.314],[128.459,-22.364],[128.439,-22.45],[128.39,-22.462],[128.363,-22.4],[128.31,-22.432],[128.329,-22.508],[128.316,-22.573],[128.454,-22.623],[128.625,-22.642],[128.749,-22.673]]]}},{"type":"Feature","properties":{},"geometry":{"type":"Polygon","coordinates":[[[135.937,-32.355],[135.892,-32.296],[136.026,-32.142],[136.059,-32.124],[136.155,-32.129],[136.149,-32.215],[136.119,-32.263],[136.25,-32.244],[136.266,-32.15],[136.256,-32.053],[136.32,-31.963],[136.304,-31.89],[136.245,-31.8],[136.237,-31.607],[136.178,-31.565],[136.112,-31.444],[136.108,-31.387],[136.058,-31.383],[136.101,-31.273],[136.088,-31.242],[135.971,-31.239],[135.899,-31.211],[135.832,-31.237],[135.649,-31.225],[135.556,-31.184],[135.528,-31.104],[135.439,-31.058],[135.419,-31.2],[135.459,-31.265],[135.575,-31.294],[135.586,-31.364],[135.644,-31.34],[135.727,-31.364],[135.722,-31.42],[135.645,-31.437],[135.6,-31.513],[135.597,-31.57],[135.645,-31.605],[135.704,-31.602],[135.717,-31.533],[135.777,-31.55],[135.819,-31.613],[135.806,-31.724],[135.899,-31.762],[135.934,-31.812],[136.013,-31.825],[136.051,-31.883],[136.066,-31.955],[136.031,-32.017],[135.915,-32.115],[135.926,-32.185],[135.86,-32.28],[135.868,-32.322],[135.937,-32.355]]]}},{"type":"Feature","properties":{},"geometry":{"type":"Polygon","coordinates":[[[137.876,-31.636],[137.926,-31.573],[138.027,-31.506],[138.13,-31.375],[138.138,-31.314],[138.085,-31.162],[137.967,-31.08],[137.989,-31.021],[138.05,-30.968],[138.008,-30.918],[137.995,-30.83],[137.868,-30.613],[137.808,-30.545],[137.684,-30.442],[137.643,-30.423],[137.519,-30.411],[137.446,-30.356],[137.426,-30.291],[137.351,-30.224],[137.249,-30.177],[137.198,-30.204],[137.219,-30.265],[137.294,-30.312],[137.363,-30.419],[137.404,-30.524],[137.376,-30.604],[137.42,-30.637],[137.556,-30.62],[137.634,-30.592],[137.698,-30.619],[137.698,-30.656],[137.623,-30.746],[137.62,-30.784],[137.665,-30.879],[137.633,-30.941],[137.677,-31.02],[137.698,-31.095],[137.643,-31.129],[137.586,-31.094],[137.516,-31.125],[137.633,-31.196],[137.658,-31.264],[137.78,-31.28],[137.776,-31.332],[137.723,-31.413],[137.745,-31.482],[137.712,-31.54],[137.691,-31.647],[137.718,-31.676],[137.693,-31.789],[137.653,-31.824],[137.728,-31.912],[137.788,-31.864],[137.783,-31.798],[137.829,-31.692],[137.876,-31.636]]]}},{"type":"Feature","properties":{},"geometry":{"type":"Polygon","coordinates":[[[139.966,-30.896],[139.998,-30.811],[139.998,-30.627],[140.027,-30.574],[140.054,-30.463],[140.041,-30.381],[139.955,-30.266],[139.896,-30.349],[139.824,-30.488],[139.631,-30.621],[139.592,-30.716],[139.542,-30.772],[139.486,-30.89],[139.61,-30.951],[139.628,-31.026],[139.691,-31.039],[139.762,-31.013],[139.797,-31.044],[139.861,-31.011],[139.913,-31.013],[139.966,-30.896]]]}},{"type":"Feature","properties":{},"geometry":{"type":"Polygon","coordinates":[[[-111.95,40.978],[-112.01,41.032],[-112.097,41.055],[-112.257,41.265],[-112.325,41.271],[-112.253,41.348],[-112.098,41.336],[-112.066,41.41],[-112.277,41.388],[-112.285,41.448],[-112.391,41.457],[-112.383,41.331],[-112.346,41.232],[-112.43,41.207],[-112.472,41.238],[-112.473,41.317],[-112.516,41.419],[-112.611,41.426],[-112.724,41.502],[-112.74,41.558],[-112.7,41.635],[-112.775,41.681],[-112.858,41.636],[-113.011,41.615],[-112.977,41.545],[-113.022,41.512],[-112.952,41.381],[-112.942,41.333],[-112.843,41.271],[-112.772,41.19],[-112.78,41.142],[-112.744,40.997],[-112.692,40.97],[-112.591,40.875],[-112.477,40.934],[-112.447,40.815],[-112.409,40.775],[-112.395,40.699],[-112.34,40.689],[-112.184,40.774],[-112.12,40.876],[-111.945,40.947],[-111.95,40.978]]]}},{"type":"Feature","properties":{},"geometry":{"type":"Polygon","coordinates":[[[-112.167,40.917],[-112.244,40.957],[-112.245,41.037],[-112.194,41.043],[-112.167,40.917]]]}},{"type":"Feature","properties":{},"geometry":{"type":"Polygon","coordinates":[[[-97.438,25.426],[-97.501,25.413],[-97.569,25.317],[-97.624,25.365],[-97.691,25.368],[-97.718,25.261],[-97.685,25.159],[-97.716,25.029],[-97.697,24.963],[-97.623,24.92],[-97.725,24.823],[-97.69,24.726],[-97.679,24.625],[-97.715,24.519],[-97.771,24.557],[-97.85,24.523],[-97.83,24.433],[-97.724,24.386],[-97.736,24.201],[-97.761,23.939],[-97.742,23.821],[-97.708,24.248],[-97.665,24.556],[-97.617,24.721],[-97.594,24.849],[-97.537,24.992],[-97.542,25.057],[-97.487,25.179],[-97.421,25.29],[-97.438,25.426]]]}},{"type":"Feature","properties":{},"geometry":{"type":"Polygon","coordinates":[[[-115.63,33.319],[-115.667,33.345],[-115.79,33.376],[-115.929,33.511],[-116.022,33.523],[-116.061,33.502],[-116.031,33.412],[-115.875,33.292],[-115.824,33.184],[-115.766,33.129],[-115.709,33.11],[-115.598,33.239],[-115.63,33.319]]]}},{"type":"Feature","properties":{},"geometry":{"type":"Polygon","coordinates":[[[-52.601,-32.459],[-52.695,-32.366],[-52.711,-32.329],[-52.694,-32.247],[-52.773,-32.245],[-52.828,-32.349],[-52.808,-32.409],[-52.927,-32.451],[-52.986,-32.497],[-53.004,-32.58],[-53.047,-32.616],[-53.159,-32.644],[-53.181,-32.704],[-53.264,-32.745],[-53.331,-32.952],[-53.448,-32.945],[-53.497,-32.971],[-53.579,-33.076],[-53.637,-33.109],[-53.646,-33.188],[-53.609,-33.257],[-53.566,-33.274],[-53.593,-33.335],[-53.56,-33.363],[-53.586,-33.451],[-53.497,-33.533],[-53.444,-33.521],[-53.434,-33.404],[-53.465,-33.301],[-53.462,-33.236],[-53.424,-33.157],[-53.311,-33.09],[-53.217,-33.061],[-53.161,-32.96],[-53.124,-32.799],[-52.996,-32.825],[-52.879,-32.921],[-52.816,-32.922],[-52.736,-32.858],[-52.691,-32.746],[-52.622,-32.655],[-52.592,-32.58],[-52.601,-32.459]]]}},{"type":"Feature","properties":{},"geometry":{"type":"Polygon","coordinates":[[[5.87,52.54],[5.809,52.613],[5.66,52.612],[5.598,52.67],[5.612,52.775],[5.656,52.82],[5.411,52.857],[5.414,53.02],[5.372,53.077],[5.288,53.045],[5.065,52.923],[5.115,52.861],[5.123,52.775],[5.236,52.762],[5.304,52.707],[5.227,52.653],[5.137,52.625],[5.035,52.625],[5.091,52.501],[5.092,52.439],[5.031,52.348],[5.205,52.31],[5.268,52.312],[5.447,52.255],[5.533,52.268],[5.654,52.372],[5.779,52.408],[5.861,52.478],[5.87,52.54]]]}},{"type":"Feature","properties":{},"geometry":{"type":"Polygon","coordinates":[[[5.858,52.506],[5.781,52.426],[5.544,52.358],[5.546,52.302],[5.423,52.274],[5.236,52.337],[5.153,52.344],[5.133,52.385],[5.284,52.455],[5.454,52.515],[5.479,52.553],[5.654,52.612],[5.839,52.57],[5.858,52.506]]]}},{"type":"Feature","properties":{},"geometry":{"type":"Polygon","coordinates":[[[35.388,45.307],[35.338,45.34],[35,45.675],[34.911,45.83],[34.813,45.828],[34.848,45.913],[34.813,45.945],[34.795,46.029],[34.716,46.036],[34.683,46.102],[34.771,46.142],[34.652,46.184],[34.616,46.141],[34.633,46.084],[34.576,45.997],[34.411,46.005],[34.449,46.108],[34.485,46.146],[34.38,46.19],[34.331,46.177],[34.182,46.279],[34.115,46.189],[34.138,46.124],[34.04,46.137],[33.982,46.201],[33.894,46.231],[33.756,46.246],[33.688,46.203],[33.732,46.146],[33.838,46.115],[33.965,46.02],[33.952,46.102],[34.037,46.087],[34.167,45.998],[34.308,45.997],[34.35,46.026],[34.411,45.956],[34.378,45.925],[34.5,45.879],[34.546,45.793],[34.648,45.859],[34.765,45.784],[34.737,45.728],[34.851,45.735],[34.915,45.665],[34.966,45.669],[35.067,45.561],[35.088,45.458],[35.022,45.434],[35.052,45.375],[35.123,45.332],[35.193,45.337],[35.35,45.285],[35.388,45.307]]]}},{"type":"Feature","properties":{},"geometry":{"type":"Polygon","coordinates":[[[78.255,42.6],[78.111,42.6],[78.111,42.659],[78.169,42.675],[78.205,42.746],[77.983,42.713],[77.798,42.723],[77.579,42.676],[77.528,42.647],[77.325,42.68],[77.206,42.647],[77.058,42.634],[76.976,42.61],[76.675,42.565],[76.6,42.514],[76.497,42.51],[76.443,42.468],[76.333,42.483],[76.226,42.469],[76.196,42.44],[76.24,42.337],[76.293,42.314],[76.397,42.346],[76.562,42.28],[76.744,42.264],[76.82,42.22],[77.048,42.161],[77.137,42.153],[77.289,42.181],[77.481,42.162],[77.687,42.215],[77.792,42.294],[77.893,42.392],[77.829,42.435],[77.996,42.466],[78.056,42.493],[78.151,42.574],[78.255,42.6]]]}},{"type":"Feature","properties":{},"geometry":{"type":"Polygon","coordinates":[[[36.698,2.769],[36.699,2.85],[36.658,2.899],[36.532,2.902],[36.401,3.011],[36.376,3.123],[36.292,3.243],[36.223,3.322],[36.24,3.394],[36.206,3.54],[36.211,3.659],[36.264,3.743],[36.219,3.88],[36.185,3.943],[36.243,4.124],[36.216,4.2],[36.215,4.286],[36.188,4.339],[36.208,4.443],[36.198,4.547],[36.167,4.66],[36.107,4.638],[35.988,4.635],[35.956,4.594],[35.915,4.423],[35.923,4.118],[35.854,3.959],[35.861,3.805],[35.833,3.72],[35.841,3.63],[35.936,3.497],[35.948,3.339],[36.028,3.253],[36.106,3.216],[36.143,3.22],[36.148,3.117],[36.121,3.008],[36.258,2.943],[36.381,2.846],[36.437,2.724],[36.443,2.631],[36.518,2.552],[36.532,2.423],[36.558,2.394],[36.636,2.409],[36.691,2.467],[36.7,2.646],[36.698,2.769]]]}},{"type":"Feature","properties":{},"geometry":{"type":"Polygon","coordinates":[[[19.793,54.543],[19.84,54.471],[19.943,54.513],[19.991,54.573],[20.079,54.561],[20.28,54.629],[20.407,54.688],[20.177,54.696],[20.086,54.656],[20.04,54.717],[19.982,54.718],[19.894,54.618],[19.793,54.543]]]}},{"type":"Feature","properties":{},"geometry":{"type":"Polygon","coordinates":[[[19.84,54.471],[19.793,54.543],[19.741,54.505],[19.442,54.372],[19.229,54.338],[19.274,54.282],[19.396,54.263],[19.435,54.297],[19.72,54.391],[19.743,54.434],[19.84,54.471]]]}},{"type":"Feature","properties":{},"geometry":{"type":"Polygon","coordinates":[[[92.325,50.226],[92.348,50.156],[92.434,50.071],[92.563,50.027],[92.576,50],[92.743,49.997],[92.931,50.053],[93.054,50.17],[93.083,50.227],[93.239,50.266],[93.28,50.235],[93.381,50.264],[93.382,50.309],[93.28,50.305],[93.231,50.356],[93.138,50.371],[93.09,50.429],[92.998,50.477],[92.955,50.536],[93.007,50.625],[92.901,50.693],[92.751,50.573],[92.642,50.548],[92.544,50.554],[92.41,50.492],[92.283,50.468],[92.227,50.415],[92.244,50.377],[92.349,50.302],[92.325,50.226]]]}},{"type":"Feature","properties":{},"geometry":{"type":"Polygon","coordinates":[[[100.717,36.853],[100.593,36.864],[100.56,36.887],[100.47,37.017],[100.258,37.199],[100.079,37.191],[99.984,37.228],[99.777,37.178],[99.755,37.142],[99.781,37.082],[99.833,37.038],[99.842,36.981],[99.782,36.938],[99.662,36.967],[99.619,36.908],[99.702,36.842],[99.78,36.811],[99.798,36.724],[99.908,36.72],[99.926,36.689],[100.022,36.644],[100.159,36.624],[100.385,36.666],[100.44,36.644],[100.498,36.578],[100.659,36.541],[100.704,36.555],[100.742,36.684],[100.699,36.744],[100.766,36.804],[100.717,36.853]]]}},{"type":"Feature","properties":{},"geometry":{"type":"Polygon","coordinates":[[[43.826,32.725],[43.732,32.775],[43.616,32.99],[43.555,33.04],[43.487,33.026],[43.458,32.977],[43.495,32.944],[43.455,32.889],[43.426,32.8],[43.445,32.679],[43.499,32.612],[43.584,32.608],[43.793,32.536],[43.873,32.588],[43.898,32.704],[43.826,32.725]]]}},{"type":"Feature","properties":{},"geometry":{"type":"Polygon","coordinates":[[[35.559,31.766],[35.477,31.731],[35.413,31.624],[35.393,31.514],[35.406,31.345],[35.442,31.322],[35.491,31.367],[35.545,31.354],[35.572,31.468],[35.555,31.538],[35.586,31.753],[35.559,31.766]]]}},{"type":"Feature","properties":{},"geometry":{"type":"Polygon","coordinates":[[[-84.49,46.449],[-84.383,46.516],[-84.277,46.482],[-84.199,46.547],[-84.123,46.525],[-84.179,46.454],[-84.099,46.419],[-84.073,46.494],[-84.109,46.538],[-84.18,46.553],[-84.302,46.519],[-84.434,46.521],[-84.49,46.449]]]}},{"type":"Feature","properties":{},"geometry":{"type":"Polygon","coordinates":[[[58.312,45.062],[58.281,44.964],[58.221,44.847],[58.238,44.766],[58.316,44.63],[58.303,44.56],[58.237,44.524],[58.26,44.431],[58.364,44.425],[58.417,44.444],[58.524,44.569],[58.579,44.756],[58.623,44.855],[58.569,44.93],[58.547,45.008],[58.644,45.072],[58.684,45.149],[58.629,45.264],[58.638,45.354],[58.672,45.46],[58.766,45.563],[58.869,45.596],[58.902,45.689],[58.91,45.791],[58.987,45.82],[59.105,45.897],[59.173,45.875],[59.244,45.892],[59.31,45.977],[59.24,45.994],[59.165,45.942],[59.079,45.943],[59.065,45.899],[58.862,45.921],[58.818,45.896],[58.838,45.834],[58.727,45.846],[58.653,45.722],[58.639,45.595],[58.574,45.532],[58.549,45.408],[58.417,45.291],[58.372,45.131],[58.312,45.062]]]}},{"type":"Feature","properties":{},"geometry":{"type":"Polygon","coordinates":[[[60.783,46.086],[60.946,46.14],[60.977,46.17],[61.095,46.192],[61.232,46.251],[61.3,46.385],[61.28,46.48],[61.45,46.584],[61.528,46.677],[61.409,46.673],[61.315,46.648],[61.233,46.581],[61.268,46.514],[61.244,46.476],[61.134,46.45],[60.947,46.46],[60.839,46.509],[60.776,46.593],[60.819,46.712],[60.811,46.747],[60.58,46.784],[60.526,46.751],[60.635,46.715],[60.764,46.647],[60.671,46.589],[60.559,46.566],[60.454,46.574],[60.395,46.544],[60.333,46.669],[60.237,46.696],[60.103,46.614],[60.036,46.601],[59.99,46.551],[59.995,46.428],[60.133,46.357],[60.287,46.382],[60.331,46.405],[60.471,46.331],[60.58,46.293],[60.685,46.34],[60.706,46.375],[60.81,46.234],[60.817,46.171],[60.752,46.118],[60.783,46.086]]]}},{"type":"Feature","properties":{"name":"Rawa Pening","rank":2},"geometry":{"type":"Polygon","coordinates":[[[110.415,-7.265],[110.428,-7.255],[110.445,-7.258],[110.455,-7.272],[110.45,-7.288],[110.435,-7.295],[110.42,-7.285],[110.415,-7.265]]]}},{"type":"Feature","properties":{"name":"Segara Anakan","rank":2},"geometry":{"type":"Polygon","coordinates":[[[108.83,-7.66],[108.92,-7.64],[108.96,-7.67],[108.95,-7.7],[108.88,-7.71],[108.83,-7.69],[108.83,-7.66]]]}}]}