{"type":"FeatureCollection","features":[{"type":"Feature","properties":{"name":"Irrawaddy Delta","rank":1},"geometry":{"type":"LineString","coordinates":[[95.451,17.821],[95.388,17.824],[95.305,17.75],[95.255,17.748],[95.161,17.609],[95.167,17.542],[95.067,17.43],[95.089,17.407],[95.023,17.341],[94.945,17.343],[94.93,17.279],[94.955,17.239],[94.876,17.148],[94.837,17.039],[94.788,17.028],[94.741,16.971],[94.725,16.785],[94.745,16.72],[94.732,16.659],[94.677,16.532]]}},{"type":"Feature","properties":{"name":"Irrawaddy Delta","rank":1},"geometry":{"type":"LineString","coordinates":[[95.45,17.791],[95.493,17.844],[95.486,17.894],[95.558,17.929],[95.61,17.885],[95.602,17.824],[95.663,17.686],[95.727,17.599],[95.725,17.532],[95.778,17.5],[95.855,17.28],[95.908,17.228],[95.956,17.144],[95.938,17.107],[95.972,17.025],[96.05,16.981],[96.084,16.916],[96.129,16.777],[96.171,16.772]]}},{"type":"Feature","properties":{"name":"Irrawaddy Delta","rank":1},"geometry":{"type":"LineString","coordinates":[[95.465,17.707],[95.386,17.722],[95.369,17.635],[95.275,17.516],[95.342,17.457],[95.302,17.416],[95.328,17.34],[95.261,17.339],[95.213,17.296],[95.252,17.251],[95.246,17.163],[95.191,17.114],[95.211,17.049],[95.156,16.929],[95.232,16.826],[95.188,16.702],[95.122,16.621],[95.116,16.569],[95.051,16.565],[94.993,16.495],[94.934,16.316],[94.82,16.217],[94.794,16.162]]}},{"type":"Feature","properties":{"name":"Irrawaddy Delta","rank":1},"geometry":{"type":"LineString","coordinates":[[95.607,16.858],[95.667,16.816],[95.656,16.757],[95.742,16.724],[95.783,16.644],[95.859,16.662],[95.89,16.614],[95.883,16.535],[95.842,16.507],[95.878,16.421],[96.007,16.387]]}},{"type":"Feature","properties":{"name":"Irrawaddy Delta","rank":1},"geometry":{"type":"LineString","coordinates":[[95.479,16.806],[95.481,16.75],[95.417,16.679],[95.413,16.589],[95.376,16.453],[95.321,16.391],[95.282,16.304],[95.272,16.169],[95.185,16.045],[95.132,16.025]]}},{"type":"Feature","properties":{"name":"Araguaia","rank":4},"geometry":{"type":"LineString","coordinates":[[-53.115,-17.855],[-53.129,-17.684],[-53.217,-17.527],[-53.221,-17.45],[-53.19,-17.363],[-53.203,-17.282],[-53.136,-17.163],[-53.047,-17.058],[-53.02,-16.868],[-52.964,-16.819],[-52.809,-16.745],[-52.712,-16.651],[-52.697,-16.589],[-52.633,-16.529],[-52.601,-16.386],[-52.56,-16.323],[-52.43,-16.239],[-52.456,-16.135],[-52.444,-16.095],[-52.329,-16.038],[-52.25,-15.913],[-52.206,-15.89],[-52.053,-15.875],[-51.967,-15.801],[-51.883,-15.805],[-51.774,-15.611],[-51.793,-15.539],[-51.749,-15.53],[-51.712,-15.474],[-51.679,-15.379],[-51.682,-15.311],[-51.649,-15.265],[-51.657,-15.21],[-51.576,-15.14],[-51.514,-15.063],[-51.412,-14.995],[-51.351,-14.981],[-51.255,-15.015],[-51.176,-14.977],[-51.1,-14.888],[-51.093,-14.822],[-51.034,-14.647],[-51.01,-14.628],[-50.97,-14.519],[-50.995,-14.399],[-50.964,-14.227],[-50.92,-14.155],[-50.929,-14.113],[-50.847,-14.089],[-50.863,-13.974],[-50.847,-13.86],[-50.866,-13.713],[-50.817,-13.691],[-50.773,-13.623],[-50.761,-13.543],[-50.676,-13.446],[-50.656,-13.38],[-50.606,-13.32],[-50.567,-13.223],[-50.593,-13.072],[-50.562,-13.006],[-50.504,-12.962],[-50.484,-12.845],[-50.553,-12.833],[-50.6,-12.778],[-50.627,-12.685],[-50.676,-12.604],[-50.655,-12.571],[-50.614,-12.377],[-50.631,-12.257],[-50.676,-12.167],[-50.685,-12.024],[-50.643,-11.888],[-50.679,-11.87],[-50.71,-11.712],[-50.655,-11.66],[-50.659,-11.587],[-50.737,-11.516],[-50.739,-11.437],[-50.717,-11.359],[-50.662,-11.244],[-50.656,-11.116],[-50.614,-11.071],[-50.642,-10.927],[-50.618,-10.816],[-50.591,-10.772],[-50.599,-10.657],[-50.519,-10.558],[-50.482,-10.401],[-50.426,-10.341],[-50.388,-10.214],[-50.378,-10.105],[-50.304,-10.021],[-50.279,-9.919],[-50.175,-9.73],[-50.112,-9.587],[-50.1,-9.482],[-50.054,-9.319],[-49.979,-9.217],[-49.927,-9.17],[-49.818,-9.028],[-49.755,-8.923],[-49.682,-8.872],[-49.581,-8.831],[-49.504,-8.709],[-49.504,-8.672],[-49.428,-8.549],[-49.381,-8.437],[-49.311,-8.382],[-49.23,-8.125],[-49.199,-8.059],[-49.164,-7.804],[-49.31,-7.714],[-49.376,-7.641],[-49.391,-7.598],[-49.375,-7.5],[-49.218,-7.309],[-49.185,-7.225],[-49.189,-7.083],[-49.221,-6.964],[-49.199,-6.903],[-49.011,-6.781],[-48.818,-6.719],[-48.684,-6.663],[-48.658,-6.631],[-48.668,-6.542],[-48.606,-6.435],[-48.501,-6.351],[-48.39,-6.362],[-48.429,-6.171],[-48.414,-6.144],[-48.284,-6.098],[-48.284,-6.055],[-48.333,-6.024],[-48.334,-5.976],[-48.242,-5.945],[-48.223,-5.914],[-48.297,-5.807],[-48.289,-5.727],[-48.186,-5.701],[-48.143,-5.646],[-48.209,-5.539],[-48.271,-5.534],[-48.319,-5.488],[-48.367,-5.403],[-48.397,-5.39],[-48.556,-5.413],[-48.723,-5.355],[-48.861,-5.331],[-48.937,-5.303]]}},{"type":"Feature","properties":{"name":"Vaal","rank":4},"geometry":{"type":"LineString","coordinates":[[28.52,-26.997],[28.519,-26.997],[28.48,-26.964],[28.426,-26.983],[28.386,-26.933],[28.323,-26.931],[28.244,-26.894],[28.199,-26.904],[28.124,-26.867]]}},{"type":"Feature","properties":{"name":"Vaal","rank":4},"geometry":{"type":"LineString","coordinates":[[26.091,-27.603],[26.001,-27.643],[25.866,-27.618],[25.798,-27.581],[25.622,-27.668]]}},{"type":"Feature","properties":{"name":"Vaal","rank":4},"geometry":{"type":"LineString","coordinates":[[30.135,-26.383],[30.186,-26.416],[30.235,-26.51],[30.214,-26.579],[30.165,-26.626],[30.001,-26.751],[29.945,-26.757],[29.79,-26.829],[29.495,-26.873],[29.454,-26.931],[29.288,-26.908],[29.225,-26.987],[29.159,-27.028],[29.062,-27.044]]}},{"type":"Feature","properties":{"name":"Vaal","rank":4},"geometry":{"type":"LineString","coordinates":[[28.124,-26.867],[28.044,-26.818],[27.969,-26.671],[27.882,-26.724],[27.774,-26.751],[27.576,-26.764],[27.519,-26.781],[27.48,-26.874],[27.407,-26.895],[27.307,-26.862],[27.202,-26.952],[27.178,-26.924],[27.044,-26.929],[26.914,-26.89],[26.794,-26.928],[26.645,-26.999],[26.49,-27.139],[26.411,-27.177],[26.486,-27.254],[26.45,-27.353],[26.249,-27.426],[26.228,-27.489],[26.091,-27.603]]}},{"type":"Feature","properties":{"name":"Vaal","rank":4},"geometry":{"type":"LineString","coordinates":[[29.056,-27.044],[28.958,-26.995],[28.874,-27.044],[28.823,-27.039],[28.652,-26.956],[28.641,-27.01],[28.519,-26.997]]}},{"type":"Feature","properties":{"name":"Vaal","rank":4},"geometry":{"type":"LineString","coordinates":[[25.622,-27.668],[25.581,-27.655],[25.523,-27.689],[25.421,-27.71],[25.334,-27.778],[25.24,-27.823],[25.225,-27.878],[25.129,-27.929],[25.053,-28.058],[24.949,-28.098],[24.886,-28.085],[24.806,-28.101],[24.732,-28.192],[24.692,-28.282],[24.722,-28.344],[24.699,-28.374],[24.71,-28.453],[24.666,-28.505],[24.409,-28.573],[24.39,-28.479],[24.275,-28.412],[24.06,-28.658],[24.024,-28.732],[24.033,-28.806],[23.957,-28.895],[23.968,-28.961],[23.897,-28.957],[23.868,-29.012],[23.738,-29.057],[23.656,-29.046],[23.628,-29.073]]}},{"type":"Feature","properties":{"name":"Aldan","rank":4},"geometry":{"type":"LineString","coordinates":[[123.566,56.528],[123.446,56.55],[123.092,56.554],[123.066,56.659],[123.158,56.778],[123.168,56.908],[123.204,57.012],[123.366,57.13],[123.542,57.284],[123.526,57.369],[123.622,57.478],[123.523,57.498],[123.526,57.624],[123.582,57.693],[123.701,57.646],[123.787,57.68],[123.838,57.762],[123.706,57.928],[123.714,58.027],[123.776,58.143],[123.93,58.185],[124.022,58.32],[124.257,58.318],[124.329,58.392],[124.315,58.462],[124.507,58.705],[124.657,58.757],[124.757,58.752],[124.779,58.812],[124.877,58.806],[124.996,58.836],[125.023,58.888],[125.11,58.916],[125.132,58.982],[125.278,59.017],[125.362,59.082],[125.296,59.128],[125.351,59.197],[125.308,59.301],[125.375,59.329],[125.454,59.282],[125.552,59.274],[125.76,59.121],[126.004,59.048],[126.096,59.051],[126.233,58.991],[126.302,58.928],[126.394,58.921],[126.589,58.845],[126.684,58.864],[127.032,58.782],[127.127,58.722],[127.228,58.763],[127.25,58.813],[127.367,58.814],[127.494,58.786],[127.633,58.859],[127.725,58.814],[127.814,58.813],[127.819,58.729],[127.937,58.677],[128.038,58.713],[128.121,58.82],[128.239,58.818],[128.305,58.746],[128.495,58.838],[128.534,58.699],[128.644,58.689],[128.704,58.645],[128.736,58.555],[129.015,58.531],[129.091,58.505],[129.293,58.551],[129.405,58.558],[129.743,58.48],[130.007,58.575],[130.121,58.656],[130.304,58.614],[130.503,58.598],[130.574,58.611],[130.618,58.691],[130.578,58.82],[130.674,58.881],[131.006,58.918],[131.088,58.953],[131.306,58.912],[131.345,58.974],[131.503,58.936],[131.606,58.998],[131.709,58.981],[131.82,59.017],[131.935,59.087],[131.982,59.186],[132.173,59.164],[132.236,59.214],[132.382,59.252],[132.44,59.31],[132.573,59.314],[132.651,59.381],[132.773,59.421],[132.948,59.38],[133.025,59.398],[133.099,59.488],[133.106,59.604],[133.16,59.638],[133.312,59.64],[133.4,59.714],[133.519,59.776],[133.778,59.986],[133.916,60.067],[134.079,60.208],[134.245,60.266],[134.554,60.444],[134.68,60.475],[134.78,60.459],[134.894,60.392],[134.998,60.361],[135.109,60.383],[135.143,60.474],[135.093,60.536],[134.928,60.602],[134.914,60.685],[134.954,60.737],[135.082,60.768],[135.167,60.841],[135.307,60.878],[135.374,61],[135.527,61.152],[135.455,61.252],[135.45,61.307],[135.525,61.379],[135.479,61.411],[135.337,61.425],[135.378,61.509],[135.512,61.552],[135.527,61.639],[135.353,61.629],[135.202,61.708],[135.184,61.761],[135.293,61.789],[135.487,61.791],[135.536,61.816],[135.524,61.933],[135.744,62.044],[135.659,62.188],[135.821,62.226],[135.882,62.285],[135.653,62.452],[135.624,62.529],[135.547,62.6],[135.516,62.681],[135.361,62.68],[135.251,62.606],[135.153,62.643],[134.922,62.632],[134.594,62.73],[134.475,62.8],[134.327,62.822],[134.173,62.898],[134.211,62.982],[133.979,62.999],[133.939,63.063],[134.008,63.144],[133.878,63.169],[133.694,63.152],[133.423,63.059],[133.242,63.078],[133.115,63.157],[133.245,63.249],[133.226,63.38],[132.979,63.392],[132.44,63.342],[132.217,63.287],[132.034,63.303],[131.831,63.358],[131.669,63.367],[131.419,63.414],[131.308,63.399],[131.113,63.303],[130.835,63.299],[130.562,63.361],[130.345,63.339],[130.172,63.394],[129.831,63.437],[129.672,63.43],[129.483,63.489],[129.388,63.485],[129.383,63.488],[129.384,63.49]]}},{"type":"Feature","properties":{"name":"Snake","rank":4},"geometry":{"type":"LineString","coordinates":[[-111.041,43.175],[-111.186,43.338]]}},{"type":"Feature","properties":{"name":"Snake","rank":4},"geometry":{"type":"LineString","coordinates":[[-112.864,42.813],[-112.64,43.024]]}},{"type":"Feature","properties":{"name":"Snake","rank":4},"geometry":{"type":"LineString","coordinates":[[-113.316,42.654],[-113.394,42.682],[-113.472,42.675]]}},{"type":"Feature","properties":{"name":"Columbia","rank":4},"geometry":{"type":"LineString","coordinates":[[-119.052,46.224],[-118.989,46.187],[-118.919,46.08]]}},{"type":"Feature","properties":{"name":"Columbia","rank":4},"geometry":{"type":"LineString","coordinates":[[-110.631,43.837],[-110.643,43.752],[-110.725,43.663],[-110.768,43.539],[-110.843,43.5],[-110.819,43.413],[-110.736,43.392],[-110.719,43.325],[-110.805,43.213],[-110.936,43.212],[-111.041,43.175]]}},{"type":"Feature","properties":{"name":"Columbia","rank":4},"geometry":{"type":"LineString","coordinates":[[-111.188,43.339],[-111.336,43.456],[-111.402,43.484],[-111.433,43.587],[-111.516,43.623],[-111.59,43.606],[-111.682,43.664],[-111.837,43.724],[-111.886,43.766],[-111.953,43.751],[-112.03,43.778],[-112.076,43.695],[-112.023,43.532],[-112.202,43.292],[-112.465,43.164],[-112.566,43.062],[-112.639,43.024]]}},{"type":"Feature","properties":{"name":"Columbia","rank":4},"geometry":{"type":"LineString","coordinates":[[-112.864,42.812],[-112.895,42.758],[-113.049,42.654],[-113.247,42.633],[-113.316,42.654]]}},{"type":"Feature","properties":{"name":"Columbia","rank":4},"geometry":{"type":"LineString","coordinates":[[-113.474,42.675],[-113.56,42.646],[-113.637,42.561],[-113.863,42.563],[-114.119,42.514],[-114.166,42.544],[-114.488,42.62],[-114.593,42.66],[-114.779,42.675],[-114.832,42.762],[-114.916,42.803],[-114.901,42.887],[-114.963,42.923],[-115.128,42.919],[-115.2,43.006],[-115.305,42.957],[-115.438,42.936],[-115.571,42.947],[-115.623,42.969],[-115.709,42.949],[-115.775,42.997],[-115.924,43.02],[-115.991,42.964],[-116.174,43.059],[-116.196,43.107],[-116.346,43.184],[-116.359,43.243],[-116.417,43.305],[-116.555,43.323],[-116.758,43.49],[-116.782,43.576],[-116.898,43.63],[-116.959,43.685],[-117.077,43.71],[-116.971,43.893],[-116.934,44.029],[-116.969,44.083],[-116.921,44.113],[-116.897,44.186],[-116.986,44.272],[-117.195,44.298],[-117.215,44.395],[-117.204,44.482],[-117.136,44.537],[-117.104,44.612],[-117.011,44.75],[-116.917,44.803],[-116.833,44.92],[-116.824,45.036],[-116.718,45.151],[-116.656,45.285],[-116.649,45.347],[-116.539,45.471],[-116.463,45.582],[-116.464,45.642],[-116.53,45.752],[-116.688,45.827],[-116.76,45.838],[-116.839,45.91],[-116.902,46.046],[-116.961,46.105],[-116.909,46.183],[-116.942,46.26],[-117.044,46.378],[-117.047,46.446],[-117.196,46.439],[-117.23,46.542],[-117.362,46.62],[-117.447,46.705],[-117.6,46.691],[-117.671,46.719],[-117.78,46.642],[-117.903,46.603],[-118.167,46.572],[-118.23,46.615],[-118.394,46.594],[-118.462,46.601],[-118.585,46.534],[-118.614,46.444],[-118.723,46.375],[-118.784,46.311],[-119.03,46.215]]}},{"type":"Feature","properties":{"name":"São  Francisco","rank":4},"geometry":{"type":"LineString","coordinates":[[-43.15,-11.143],[-43.108,-11.049],[-43.044,-10.954],[-42.892,-10.83],[-42.736,-10.778],[-42.699,-10.743],[-42.661,-10.633],[-42.589,-10.526],[-42.461,-10.378],[-42.433,-10.322],[-42.427,-10.245],[-42.455,-10.126],[-42.366,-10.042],[-42.249,-9.983],[-42.163,-9.838],[-42.143,-9.767],[-42.088,-9.696],[-42.004,-9.685],[-41.735,-9.69],[-41.524,-9.712],[-41.376,-9.693],[-41.295,-9.649],[-41.212,-9.626],[-41.195,-9.533],[-41.11,-9.42],[-41.065,-9.395],[-41.018,-9.415],[-40.894,-9.402],[-40.818,-9.438]]}},{"type":"Feature","properties":{"name":"São  Francisco","rank":4},"geometry":{"type":"LineString","coordinates":[[-45.089,-19.051],[-45.125,-18.908],[-45.165,-18.871],[-45.199,-18.765],[-45.185,-18.706],[-45.219,-18.645],[-45.225,-18.51],[-45.342,-18.463],[-45.306,-18.396],[-45.302,-18.287],[-45.262,-18.204],[-45.262,-18.203]]}},{"type":"Feature","properties":{"name":"São  Francisco","rank":4},"geometry":{"type":"LineString","coordinates":[[-40.818,-9.438],[-40.726,-9.447],[-40.622,-9.486],[-40.554,-9.464],[-40.528,-9.418],[-40.45,-9.395],[-40.407,-9.358],[-40.328,-9.351],[-40.273,-9.104],[-40.212,-9.063],[-40.114,-9.103],[-40.054,-9.063],[-39.969,-9.043],[-39.896,-8.975],[-39.876,-8.91],[-39.896,-8.831],[-39.69,-8.782],[-39.691,-8.659],[-39.606,-8.642],[-39.403,-8.534],[-39.362,-8.529],[-39.273,-8.577],[-39.221,-8.677],[-39.029,-8.733],[-38.968,-8.789],[-38.855,-8.769],[-38.706,-8.841],[-38.657,-8.966],[-38.608,-8.971],[-38.59,-8.859],[-38.528,-8.819],[-38.485,-8.837],[-38.472,-8.891],[-38.512,-8.947],[-38.481,-9],[-38.41,-9.034],[-38.321,-8.988],[-38.288,-9.014],[-38.315,-9.076],[-38.25,-9.302],[-38.198,-9.413],[-38.013,-9.478],[-37.985,-9.536],[-37.896,-9.556],[-37.77,-9.632],[-37.676,-9.646],[-37.566,-9.727],[-37.47,-9.735],[-37.297,-9.805],[-37.215,-9.897],[-37.118,-9.915],[-37.06,-9.965],[-36.983,-9.967],[-36.942,-10.015],[-36.936,-10.101],[-36.881,-10.139],[-36.824,-10.214],[-36.687,-10.274],[-36.621,-10.254],[-36.559,-10.352],[-36.566,-10.411],[-36.463,-10.407],[-36.408,-10.496]]}},{"type":"Feature","properties":{"name":"São  Francisco","rank":4},"geometry":{"type":"LineString","coordinates":[[-45.262,-18.204],[-45.175,-18.112],[-45.194,-18.05],[-45.185,-17.977],[-45.119,-17.934],[-45.119,-17.821],[-44.999,-17.757],[-44.998,-17.713],[-45.036,-17.597],[-44.982,-17.551],[-44.934,-17.362],[-44.921,-17.264],[-44.847,-17.221],[-44.849,-17.151],[-44.791,-17.086],[-44.82,-16.993],[-44.87,-16.962],[-44.912,-16.892],[-44.916,-16.819],[-45.001,-16.76],[-45.015,-16.692],[-45.063,-16.656],[-45.107,-16.503],[-45.034,-16.424],[-45.057,-16.368],[-45.043,-16.203],[-45.061,-16.144],[-45.049,-15.991],[-44.988,-15.965],[-44.909,-15.964],[-44.85,-15.913],[-44.804,-15.823],[-44.669,-15.768],[-44.563,-15.711],[-44.479,-15.632],[-44.383,-15.58],[-44.358,-15.494],[-44.294,-15.466],[-44.244,-15.406],[-44.173,-15.374],[-44.138,-15.258],[-44.104,-15.213],[-44.096,-15.122],[-44.033,-15.082],[-44.021,-15.007],[-43.926,-14.849],[-43.932,-14.778],[-43.868,-14.5],[-43.824,-14.394],[-43.707,-14.239],[-43.675,-14.161],[-43.658,-14.032],[-43.57,-13.684],[-43.528,-13.593],[-43.462,-13.547],[-43.446,-13.442],[-43.468,-13.321],[-43.432,-13.205],[-43.462,-13.074],[-43.398,-12.955],[-43.401,-12.89],[-43.353,-12.847],[-43.259,-12.701],[-43.19,-12.658],[-43.251,-12.37],[-43.28,-12.313],[-43.22,-12.188],[-43.345,-11.991],[-43.354,-11.917],[-43.319,-11.862],[-43.385,-11.681],[-43.373,-11.603],[-43.301,-11.564],[-43.241,-11.447],[-43.229,-11.38],[-43.181,-11.318],[-43.195,-11.247],[-43.15,-11.143]]}},{"type":"Feature","properties":{"name":"Rhein","rank":4},"geometry":{"type":"LineString","coordinates":[[9.183,47.671],[9.273,47.65],[9.549,47.534],[9.554,47.511]]}},{"type":"Feature","properties":{"name":"Rhein","rank":4},"geometry":{"type":"LineString","coordinates":[[9.128,47.671],[9.052,47.696],[8.881,47.656]]}},{"type":"Feature","properties":{"name":"Rhein","rank":4},"geometry":{"type":"LineString","coordinates":[[9.128,47.671],[9.183,47.671]]}},{"type":"Feature","properties":{"name":"Rhein","rank":4},"geometry":{"type":"LineString","coordinates":[[9.409,46.835],[9.496,46.863],[9.553,46.931],[9.475,47.074],[9.512,47.108],[9.484,47.177],[9.504,47.244],[9.649,47.41],[9.65,47.452],[9.554,47.511]]}},{"type":"Feature","properties":{"name":"Rhein","rank":4},"geometry":{"type":"LineString","coordinates":[[8.71,46.623],[8.751,46.676],[8.829,46.688],[8.918,46.734],[9.416,46.835]]}},{"type":"Feature","properties":{"name":"Sukhona","rank":4},"geometry":{"type":"LineString","coordinates":[[43,60.025],[43.261,60.074],[43.471,60.096],[43.535,60.156],[43.738,60.188],[43.911,60.234],[44.18,60.398],[44.398,60.465],[44.506,60.461],[44.772,60.503],[45.025,60.597],[45.629,60.627],[45.776,60.704],[45.994,60.677],[46.111,60.704],[46.201,60.756],[46.34,60.749]]}},{"type":"Feature","properties":{"name":"Shishhid Gol","rank":4},"geometry":{"type":"LineString","coordinates":[[99.427,51.349],[99.31,51.41]]}},{"type":"Feature","properties":{"name":"Shishhid Gol","rank":4},"geometry":{"type":"LineString","coordinates":[[99.31,51.41],[99.223,51.438],[99.104,51.445],[99.052,51.475],[98.919,51.493],[98.685,51.493],[98.459,51.426],[98.349,51.418],[98.265,51.462],[98.137,51.486],[98.036,51.47],[98,51.514]]}},{"type":"Feature","properties":{"name":"Shishhid Gol","rank":4},"geometry":{"type":"LineString","coordinates":[[98.809,50.627],[99.033,50.535],[99.109,50.602],[99.214,50.63],[99.248,50.699],[99.21,50.777],[99.307,50.786],[99.365,50.823],[99.375,50.909],[99.433,50.96],[99.451,51.053],[99.515,51.123],[99.44,51.183],[99.424,51.237],[99.481,51.322],[99.424,51.349]]}},{"type":"Feature","properties":{"name":"Paranaíba","rank":4},"geometry":{"type":"LineString","coordinates":[[-47.447,-18.171],[-47.552,-18.208],[-47.65,-18.321],[-47.899,-18.449],[-48.017,-18.434]]}},{"type":"Feature","properties":{"name":"Paranaíba","rank":4},"geometry":{"type":"LineString","coordinates":[[-48.227,-18.34],[-48.367,-18.352],[-48.614,-18.341],[-48.818,-18.352],[-48.952,-18.326],[-49.018,-18.366],[-49.108,-18.389]]}},{"type":"Feature","properties":{"name":"Paranaíba","rank":4},"geometry":{"type":"LineString","coordinates":[[-50.49,-19.02],[-50.502,-18.931],[-50.451,-18.883],[-50.324,-18.715],[-50.264,-18.689],[-50.112,-18.663],[-49.992,-18.614],[-49.789,-18.615]]}},{"type":"Feature","properties":{"name":"Paranaíba","rank":4},"geometry":{"type":"LineString","coordinates":[[-49.108,-18.389],[-49.33,-18.564],[-49.36,-18.63],[-49.402,-18.639],[-49.486,-18.547],[-49.495,-18.492],[-49.606,-18.536],[-49.739,-18.61],[-49.789,-18.615]]}},{"type":"Feature","properties":{"name":"Paranaíba","rank":4},"geometry":{"type":"LineString","coordinates":[[-48.018,-18.434],[-48.137,-18.407],[-48.227,-18.34]]}},{"type":"Feature","properties":{"name":"Paranaíba","rank":4},"geometry":{"type":"LineString","coordinates":[[-46.314,-19.171],[-46.36,-19.167],[-46.415,-19.04],[-46.556,-18.837],[-46.511,-18.762],[-46.538,-18.73],[-46.509,-18.623],[-46.555,-18.527],[-46.565,-18.433],[-46.674,-18.348],[-46.772,-18.299],[-46.839,-18.293],[-46.952,-18.249],[-47.004,-18.292],[-47.119,-18.28],[-47.174,-18.178],[-47.251,-18.103],[-47.276,-18.054],[-47.34,-18.077],[-47.447,-18.171]]}},{"type":"Feature","properties":{"name":"La Grande","rank":4},"geometry":{"type":"LineString","coordinates":[[-74.433,53.685],[-74.439,53.684],[-74.736,53.621],[-74.821,53.614],[-74.933,53.657],[-75.122,53.658],[-75.455,53.641],[-75.559,53.653],[-75.723,53.642],[-75.826,53.613],[-75.86,53.703],[-75.904,53.727],[-76.036,53.703],[-76.147,53.724],[-76.749,53.661],[-76.962,53.666],[-77.185,53.688],[-77.275,53.71],[-77.42,53.798]]}},{"type":"Feature","properties":{"name":"La Grande","rank":4},"geometry":{"type":"LineString","coordinates":[[-72.034,53.598],[-71.915,53.558],[-71.823,53.586],[-71.817,53.646]]}},{"type":"Feature","properties":{"name":"La Grande","rank":4},"geometry":{"type":"LineString","coordinates":[[-70.843,53.427],[-70.845,53.428],[-70.953,53.436],[-71.021,53.496],[-71.015,53.543],[-71.117,53.591]]}},{"type":"Feature","properties":{"name":"La Grande","rank":4},"geometry":{"type":"LineString","coordinates":[[-77.42,53.798],[-77.642,53.831],[-77.912,53.768],[-78.056,53.769],[-78.219,53.743],[-78.656,53.762],[-78.864,53.794],[-78.901,53.817]]}},{"type":"Feature","properties":{"name":"La Grande","rank":4},"geometry":{"type":"LineString","coordinates":[[-72.036,53.598],[-72.217,53.653],[-72.356,53.618],[-72.392,53.693],[-72.533,53.673],[-72.786,53.673],[-72.748,53.73],[-72.853,53.734],[-72.897,53.809],[-73.047,53.841],[-73.16,53.886],[-73.447,53.913],[-73.533,53.872],[-73.639,53.858],[-73.803,53.77],[-74.266,53.68],[-74.439,53.684]]}},{"type":"Feature","properties":{"name":"La Grande","rank":4},"geometry":{"type":"LineString","coordinates":[[-71.117,53.591],[-71.226,53.609],[-71.244,53.647],[-71.423,53.684],[-71.655,53.671],[-71.816,53.646]]}},{"type":"Feature","properties":{"name":"La Grande","rank":4},"geometry":{"type":"LineString","coordinates":[[-70.48,53.406],[-70.4,53.409],[-70.349,53.513],[-70.5,53.495],[-70.549,53.463],[-70.845,53.428]]}},{"type":"Feature","properties":{"name":"Ucayali","rank":1},"geometry":{"type":"LineString","coordinates":[[-71.669,-15.336],[-71.638,-15.237],[-71.654,-15.177],[-71.586,-15.142],[-71.638,-15.086],[-71.627,-14.983],[-71.519,-14.862],[-71.471,-14.707],[-71.442,-14.66],[-71.465,-14.61],[-71.47,-14.452],[-71.499,-14.374],[-71.504,-14.292],[-71.545,-14.2],[-71.668,-14.147],[-71.708,-14.114],[-71.753,-13.974],[-71.817,-13.887],[-71.823,-13.829],[-71.979,-13.826],[-72.001,-13.778],[-72.08,-13.761],[-72.165,-13.784],[-72.272,-13.695],[-72.376,-13.675],[-72.43,-13.598],[-72.605,-13.562],[-72.803,-13.435],[-72.882,-13.429],[-72.964,-13.398],[-73.097,-13.458],[-73.149,-13.429],[-73.221,-13.422],[-73.303,-13.358],[-73.411,-13.209],[-73.471,-13.175],[-73.549,-13.064],[-73.634,-12.779],[-73.677,-12.678],[-73.763,-12.628],[-73.859,-12.505],[-73.862,-12.44],[-73.962,-12.277],[-73.978,-12.204],[-74.027,-12.113],[-74.074,-12.09],[-74.089,-12.038],[-74.024,-11.912],[-73.956,-11.861],[-73.989,-11.813],[-74.071,-11.605],[-74.125,-11.578],[-74.127,-11.489],[-74.219,-11.366],[-74.269,-11.255],[-74.255,-11.158],[-74.192,-11.144],[-74.086,-11.19],[-74.032,-11.172],[-73.786,-11.285],[-73.693,-11.263],[-73.723,-11.216],[-73.745,-11.077],[-73.783,-10.996],[-73.781,-10.927],[-73.749,-10.851],[-73.775,-10.804],[-73.742,-10.725],[-73.864,-10.653],[-73.906,-10.598],[-73.989,-10.563],[-74.026,-10.462],[-74.044,-10.331],[-74.004,-10.287],[-74,-10.211],[-74.042,-10.114],[-74.016,-10.071],[-74.071,-10.006],[-74.067,-9.903],[-74.013,-9.94],[-73.955,-9.879],[-73.987,-9.82],[-74.114,-9.838],[-74.146,-9.827],[-74.146,-9.749],[-74.177,-9.705],[-74.156,-9.656],[-74.165,-9.588],[-74.226,-9.547],[-74.245,-9.477],[-74.331,-9.386],[-74.411,-9.343],[-74.42,-9.279],[-74.384,-9.221],[-74.402,-9.118],[-74.476,-9.09],[-74.476,-9.029],[-74.515,-8.858],[-74.566,-8.816],[-74.544,-8.769],[-74.438,-8.689],[-74.353,-8.564],[-74.264,-8.573],[-74.285,-8.508],[-74.278,-8.436],[-74.33,-8.438],[-74.379,-8.501],[-74.462,-8.44],[-74.505,-8.469],[-74.522,-8.389],[-74.5,-8.317],[-74.52,-8.261],[-74.595,-8.237],[-74.579,-8.184],[-74.645,-8.158],[-74.619,-8.049],[-74.672,-8.027],[-74.698,-7.934],[-74.767,-7.873],[-74.873,-7.943],[-74.931,-7.874],[-74.975,-7.857],[-74.937,-7.789],[-74.996,-7.747],[-75.038,-7.638],[-74.96,-7.62],[-75.033,-7.526],[-74.975,-7.452],[-74.992,-7.38],[-75.071,-7.343],[-75.112,-7.288],[-75.243,-7.185],[-75.263,-7.141],[-75.219,-7.072],[-75.131,-7.046],[-75.118,-6.998],[-75.179,-6.94],[-75.147,-6.856],[-75.062,-6.789],[-75.087,-6.684],[-75.143,-6.617],[-75.071,-6.596],[-75.081,-6.559],[-75.171,-6.541],[-75.202,-6.442],[-75.14,-6.418],[-75.146,-6.298],[-75.167,-6.268],[-75.162,-6.157],[-75.137,-6.099],[-75.057,-6.129],[-75.064,-6.056],[-74.988,-6.045],[-74.932,-6.087],[-74.878,-6.052],[-74.843,-5.976],[-74.701,-5.931],[-74.615,-5.832],[-74.576,-5.814],[-74.564,-5.755],[-74.503,-5.709],[-74.478,-5.755],[-74.409,-5.79],[-74.372,-5.726],[-74.335,-5.781],[-74.275,-5.696],[-74.274,-5.635],[-74.215,-5.637],[-74.153,-5.606],[-74.205,-5.524],[-74.154,-5.508],[-74.187,-5.452],[-74.095,-5.36],[-74.104,-5.171],[-74.064,-5.076],[-73.987,-4.99],[-73.94,-5.089],[-73.843,-5.032],[-73.774,-4.958],[-73.769,-4.875],[-73.68,-4.886],[-73.728,-4.79],[-73.637,-4.762],[-73.575,-4.632],[-73.482,-4.54],[-73.519,-4.483],[-73.489,-4.445]]}},{"type":"Feature","properties":{"name":"Rio Grande","rank":4},"geometry":{"type":"LineString","coordinates":[[-107.181,33.173],[-107.164,33.26],[-107.17,33.356]]}},{"type":"Feature","properties":{"name":"Rio Grande","rank":4},"geometry":{"type":"LineString","coordinates":[[-107.293,32.91],[-107.281,33.114]]}},{"type":"Feature","properties":{"name":"Rio Grande","rank":4},"geometry":{"type":"LineString","coordinates":[[-101.039,29.46],[-101.164,29.502],[-101.227,29.555],[-101.22,29.61],[-101.304,29.634]]}},{"type":"Feature","properties":{"name":"Rio Grande","rank":4},"geometry":{"type":"LineString","coordinates":[[-99.463,27.057],[-99.4,27.013],[-99.378,26.954],[-99.249,26.827],[-99.182,26.63],[-99.172,26.566]]}},{"type":"Feature","properties":{"name":"Rio Grande","rank":4},"geometry":{"type":"LineString","coordinates":[[-107.427,37.776],[-107.386,37.753],[-107.22,37.749],[-107.138,37.761],[-106.999,37.749],[-106.97,37.813],[-106.877,37.831],[-106.758,37.778],[-106.731,37.736],[-106.625,37.677],[-106.426,37.672],[-106.334,37.686],[-106.248,37.661],[-106.134,37.598],[-105.912,37.553],[-105.859,37.524],[-105.778,37.441],[-105.721,37.3],[-105.758,37.042],[-105.724,37.011],[-105.728,36.94],[-105.688,36.848],[-105.692,36.637],[-105.733,36.491],[-105.73,36.378],[-105.786,36.281],[-105.931,36.208],[-106.065,36.081],[-106.067,36.017],[-106.115,35.903],[-106.176,35.821],[-106.313,35.68],[-106.444,35.423],[-106.551,35.348],[-106.605,35.243],[-106.698,35.14],[-106.673,35.081],[-106.682,34.927],[-106.717,34.868],[-106.741,34.766],[-106.752,34.617],[-106.805,34.422],[-106.855,34.342],[-106.836,34.307],[-106.892,34.257],[-106.861,34.037],[-106.864,33.833],[-106.923,33.74],[-107.002,33.686],[-107.005,33.65],[-107.108,33.54],[-107.17,33.356]]}},{"type":"Feature","properties":{"name":"Rio Grande","rank":4},"geometry":{"type":"LineString","coordinates":[[-107.181,33.173],[-107.28,33.116]]}},{"type":"Feature","properties":{"name":"Rio Grande","rank":4},"geometry":{"type":"LineString","coordinates":[[-107.293,32.91],[-107.299,32.808],[-107.223,32.687],[-107.055,32.651],[-107.001,32.613],[-106.956,32.513],[-106.899,32.493],[-106.846,32.426],[-106.847,32.32],[-106.685,32.072],[-106.625,31.885],[-106.566,31.82]]}},{"type":"Feature","properties":{"name":"Rio Grande","rank":4},"geometry":{"type":"LineString","coordinates":[[-106.566,31.82],[-106.494,31.759],[-106.43,31.759],[-106.359,31.718],[-106.287,31.58],[-106.21,31.477],[-106.165,31.448],[-106.006,31.397],[-105.863,31.289],[-105.769,31.18],[-105.592,31.072],[-105.557,31.003],[-105.416,30.903],[-105.365,30.851],[-105.23,30.81],[-105.134,30.758],[-105.088,30.71],[-105.009,30.677],[-104.887,30.552],[-104.856,30.418],[-104.75,30.265],[-104.682,30.193],[-104.7,30.032],[-104.681,29.943],[-104.621,29.833],[-104.571,29.788],[-104.517,29.655],[-104.445,29.589],[-104.35,29.538],[-104.268,29.527],[-104.195,29.449],[-104.058,29.339],[-103.929,29.293],[-103.795,29.278],[-103.779,29.236],[-103.674,29.174],[-103.543,29.149],[-103.479,29.082],[-103.302,29.003],[-103.149,28.985],[-103.106,29.058],[-103.017,29.127],[-102.989,29.177],[-102.898,29.221],[-102.884,29.344],[-102.838,29.367],[-102.842,29.439],[-102.781,29.592],[-102.684,29.744],[-102.622,29.748],[-102.516,29.785],[-102.407,29.777],[-102.375,29.848],[-102.322,29.894],[-102.11,29.802],[-101.973,29.818],[-101.523,29.766],[-101.472,29.792],[-101.41,29.766],[-101.365,29.677],[-101.304,29.634]]}},{"type":"Feature","properties":{"name":"Rio Grande","rank":4},"geometry":{"type":"LineString","coordinates":[[-101.039,29.46],[-101.017,29.39],[-100.817,29.271],[-100.763,29.174],[-100.67,29.116],[-100.625,28.925],[-100.52,28.805],[-100.495,28.709],[-100.398,28.593],[-100.352,28.497],[-100.285,28.297],[-100.198,28.207],[-100.076,28.155],[-100.001,28.021],[-99.915,27.928],[-99.864,27.805],[-99.741,27.722],[-99.701,27.659],[-99.601,27.647],[-99.508,27.574],[-99.51,27.5],[-99.474,27.427],[-99.498,27.339],[-99.433,27.208],[-99.463,27.057]]}},{"type":"Feature","properties":{"name":"Rio Grande","rank":4},"geometry":{"type":"LineString","coordinates":[[-99.172,26.564],[-99.116,26.526],[-99.086,26.408],[-98.964,26.4],[-98.894,26.368],[-98.797,26.369],[-98.741,26.303],[-98.641,26.242],[-98.582,26.263],[-98.37,26.194],[-98.301,26.112],[-98.223,26.076],[-97.942,26.057],[-97.803,26.064],[-97.68,26.035],[-97.521,25.913],[-97.449,25.893],[-97.426,25.855],[-97.347,25.852],[-97.356,25.913],[-97.254,25.964],[-97.139,25.966]]}},{"type":"Feature","properties":{"name":"Ural","rank":4},"geometry":{"type":"LineString","coordinates":[[58.835,52.197],[58.834,52.196],[58.764,52.03],[58.797,51.922],[58.755,51.774],[58.631,51.695]]}},{"type":"Feature","properties":{"name":"Ural","rank":4},"geometry":{"type":"LineString","coordinates":[[59.448,54.703],[59.419,54.645],[59.423,54.492],[59.2,54.332],[59.137,54.265],[59.177,54.216],[59.067,54.052],[59.125,54.002],[59.138,53.927],[59.208,53.892],[59.134,53.818],[59.153,53.759],[59.218,53.745],[59.262,53.622],[59.166,53.596],[59.026,53.519],[59.009,53.413],[59.032,53.328],[59.111,53.309],[59.164,53.249],[59.022,53.108],[58.965,52.98],[58.874,52.875],[58.914,52.831],[58.933,52.692],[59.005,52.639],[58.962,52.576],[59.133,52.507],[59.058,52.407],[58.978,52.375],[58.834,52.196]]}},{"type":"Feature","properties":{"name":"Ural","rank":4},"geometry":{"type":"LineString","coordinates":[[58.631,51.695],[58.625,51.607],[58.702,51.538],[58.76,51.442],[58.741,51.307],[58.647,51.234],[58.416,51.199],[58.223,51.123],[58.19,51.066],[58.077,51.098],[57.96,51.078],[57.796,51.124],[57.703,51.104],[57.639,51.151],[57.454,51.173],[57.311,51.241],[57.227,51.248],[57.128,51.321],[56.84,51.373],[56.798,51.358],[56.494,51.377],[56.449,51.405],[56.311,51.422],[56.192,51.501],[56.046,51.545],[55.961,51.624],[55.876,51.63],[55.625,51.72],[55.452,51.734],[55.393,51.755],[55.276,51.727],[55.092,51.732],[55.001,51.772],[54.68,51.758],[54.561,51.711],[54.462,51.7],[54.341,51.644],[54.311,51.683],[54.061,51.631],[53.97,51.626],[53.862,51.579],[53.745,51.557],[53.619,51.587],[53.434,51.569],[53.307,51.494],[53.153,51.513],[52.959,51.456],[52.789,51.505],[52.663,51.464],[52.574,51.467],[52.473,51.367],[52.359,51.407],[52.205,51.383],[52.152,51.405],[51.954,51.395],[51.943,51.348],[51.648,51.234],[51.498,51.22],[51.44,51.174],[51.364,51.164],[51.364,51.045],[51.3,50.987],[51.276,50.922],[51.184,50.873],[51.162,50.795],[51.207,50.744],[51.176,50.652],[51.127,50.631],[51.166,50.55],[51.164,50.487],[51.107,50.451],[51.142,50.391],[51.103,50.273],[51.147,50.27],[51.214,50.192],[51.294,50.169],[51.354,50.075],[51.326,49.926],[51.45,49.857],[51.519,49.745],[51.532,49.637],[51.685,49.528],[51.727,49.42],[51.8,49.41],[51.849,49.31],[51.9,49.31],[51.924,49.209],[51.964,49.171],[51.909,49.099],[51.843,48.966],[51.837,48.89],[51.893,48.864],[51.834,48.801],[51.806,48.705],[51.817,48.642],[51.762,48.567],[51.645,48.546],[51.568,48.447],[51.614,48.438],[51.555,48.277],[51.594,48.185],[51.571,48.12],[51.636,48.088],[51.621,48.02],[51.67,47.965],[51.608,47.633],[51.693,47.532],[51.872,47.416],[51.937,47.18],[51.906,47.103],[51.837,47.03],[51.724,46.944]]}},{"type":"Feature","properties":{"name":"Saskatchewan","rank":4},"geometry":{"type":"LineString","coordinates":[[-102.437,53.982],[-102.434,53.982],[-102.381,53.966]]}},{"type":"Feature","properties":{"name":"Saskatchewan","rank":4},"geometry":{"type":"LineString","coordinates":[[-103.421,53.652],[-103.457,53.618],[-103.632,53.621],[-103.688,53.563],[-103.887,53.482],[-103.891,53.481]]}},{"type":"Feature","properties":{"name":"Saskatchewan","rank":4},"geometry":{"type":"LineString","coordinates":[[-100.322,53.593],[-100.323,53.591],[-100.279,53.548],[-100.11,53.473],[-100.036,53.379],[-99.996,53.24],[-99.932,53.2],[-99.787,53.191],[-99.676,53.244],[-99.549,53.244],[-99.466,53.185],[-99.33,53.159]]}},{"type":"Feature","properties":{"name":"Saskatchewan","rank":4},"geometry":{"type":"LineString","coordinates":[[-99.247,53.189],[-99.216,53.212],[-98.978,53.27],[-98.546,53.341],[-98.279,53.395],[-98.139,53.409],[-98.002,53.459],[-97.914,53.519]]}},{"type":"Feature","properties":{"name":"Saskatchewan","rank":4},"geometry":{"type":"LineString","coordinates":[[-102.381,53.966],[-102.124,53.883],[-101.788,53.885],[-101.548,53.972],[-101.44,53.992],[-101.436,53.927],[-101.299,53.849],[-101.204,53.852],[-101.075,53.886],[-101.068,53.82],[-100.994,53.766],[-100.938,53.668],[-100.865,53.646],[-100.519,53.687],[-100.336,53.665],[-100.323,53.591]]}},{"type":"Feature","properties":{"name":"Saskatchewan","rank":4},"geometry":{"type":"LineString","coordinates":[[-103.421,53.653],[-103.385,53.685],[-103.136,53.74],[-103.028,53.791],[-103.085,53.878],[-103.009,54.017],[-102.928,54.057],[-102.77,54.077],[-102.619,54.044],[-102.531,53.978],[-102.434,53.982]]}},{"type":"Feature","properties":{"name":"Saskatchewan","rank":4},"geometry":{"type":"LineString","coordinates":[[-105.065,53.24],[-104.935,53.206],[-104.846,53.138],[-104.738,53.212],[-104.523,53.241],[-104.464,53.234],[-104.312,53.297],[-104.071,53.298],[-103.887,53.482],[-103.894,53.482]]}},{"type":"Feature","properties":{"name":"Saskatchewan","rank":4},"geometry":{"type":"LineString","coordinates":[[-99.33,53.159],[-99.247,53.189]]}},{"type":"Feature","properties":{"name":"Yenisey","rank":4},"geometry":{"type":"LineString","coordinates":[[83.177,70.083],[83.421,70.019],[83.594,69.849],[83.851,69.787],[84.006,69.728],[84.175,69.696],[84.338,69.622],[84.514,69.63],[84.81,69.755],[85.195,69.799],[85.499,69.721],[86.069,69.49],[86.121,69.403],[85.885,69.281],[85.915,69.201],[86.044,69.18],[86.101,69.07],[86.059,69.008],[85.906,68.887],[86.09,68.766],[86.306,68.649],[86.357,68.565],[86.33,68.442],[86.394,68.361],[86.564,68.307],[86.577,68.232],[86.421,68.149],[86.392,68.026],[86.581,67.869],[86.353,67.773],[86.254,67.661],[86.334,67.558],[86.355,67.474],[86.446,67.435],[86.574,67.442],[86.644,67.367],[86.587,67.229],[86.709,67.127],[86.676,66.959],[86.748,66.821],[86.702,66.752],[86.602,66.749],[86.372,66.68],[86.273,66.626],[86.288,66.573],[86.41,66.55],[86.666,66.619],[86.911,66.61],[87.1,66.529],[87.213,66.458],[87.485,66.381],[87.493,66.289],[87.293,66.243],[87.33,66.15],[87.864,66.101],[87.933,66.071],[87.911,65.954],[87.794,65.937],[87.761,65.872],[87.803,65.8],[87.968,65.779],[88.037,65.688],[88.019,65.536],[87.985,65.494],[87.955,65.331],[87.875,65.192],[87.895,65.087],[87.808,64.954],[87.815,64.865],[87.759,64.774],[87.596,64.656],[87.528,64.477],[87.593,64.358],[87.558,64.272],[87.54,64.062],[87.631,63.977],[87.6,63.913],[87.438,63.812],[87.328,63.693],[87.39,63.602],[87.368,63.521],[87.283,63.443],[87.283,63.345],[87.485,63.322],[87.919,63.161],[88.056,63.088],[88.207,62.935],[88.441,62.858],[88.482,62.82],[88.525,62.684],[88.806,62.486],[88.961,62.448],[89.027,62.402],[89.001,62.312],[89.267,61.97],[89.296,61.899],[89.47,61.827],[89.57,61.815],[89.758,61.743],[89.796,61.699],[89.763,61.632],[89.859,61.575],[90.045,61.613],[90.176,61.576],[90.196,61.533],[90.099,61.472],[89.921,61.451],[89.709,61.383],[89.613,61.197],[89.64,61.117],[89.768,60.889],[89.911,60.79],[90.01,60.69],[89.983,60.618],[90.075,60.437],[90.175,60.389],[90.057,60.327],[90.181,60.3],[90.393,60.209],[90.641,60.008],[90.723,59.875],[90.8,59.833],[90.794,59.744],[90.885,59.674],[90.881,59.567],[91.149,59.38],[91.315,59.292],[91.355,59.192],[91.526,59.109],[91.641,59.087],[91.74,58.97],[91.71,58.902],[91.908,58.902],[92.032,58.854],[92.096,58.79],[91.95,58.738],[92.059,58.716],[92.052,58.617],[92.087,58.516],[92.142,58.474],[92.272,58.47],[92.285,58.392],[92.43,58.34],[92.428,58.282],[92.573,58.176],[92.738,58.13],[92.851,58.156],[92.998,58.1]]}},{"type":"Feature","properties":{"name":"IJssel","rank":4},"geometry":{"type":"LineString","coordinates":[[5.858,52.577],[6.017,52.521],[6.133,52.421],[6.068,52.322],[6.186,52.206],[6.208,52.095],[5.939,51.959]]}},{"type":"Feature","properties":{"name":"Ob","rank":4},"geometry":{"type":"LineString","coordinates":[[83.025,54.845],[82.997,54.801],[82.815,54.73],[82.642,54.636],[82.457,54.583],[82.347,54.504],[82.075,54.373],[81.791,54.315],[81.721,54.27],[81.677,54.192],[81.534,54.104],[81.351,54.047],[81.302,53.939],[81.334,53.886]]}},{"type":"Feature","properties":{"name":"Ob","rank":4},"geometry":{"type":"LineString","coordinates":[[68.857,61.124],[68.938,61.183],[69.118,61.219],[69.231,61.187],[69.449,61.295],[69.607,61.25],[69.718,61.288],[69.91,61.235],[70.154,61.245],[70.354,61.301],[70.537,61.27],[70.79,61.271],[70.928,61.305],[71.162,61.256],[71.184,61.193],[71.268,61.192],[71.398,61.254],[71.638,61.253],[71.717,61.273],[72.161,61.25],[72.279,61.303],[72.44,61.304],[72.609,61.238],[72.826,61.273],[72.952,61.233],[73.323,61.219],[73.523,61.238],[73.646,61.187],[73.814,61.233],[73.996,61.169],[74.185,61.175],[74.275,61.223],[74.374,61.156],[74.462,61.213],[74.567,61.18],[74.734,61.212],[74.868,61.16],[75.039,61.146],[75.152,61.115],[75.231,61.147],[75.396,61.1],[75.481,61.112],[75.581,61.038],[75.71,60.998],[75.814,61.052],[76.005,61.04],[76.14,61.007],[76.191,60.941],[76.314,60.934],[76.394,60.896],[76.59,60.924],[76.674,60.858],[76.791,60.845],[76.842,60.778],[77.037,60.727],[77.163,60.718],[77.343,60.639],[77.478,60.691],[77.568,60.679],[77.706,60.61],[77.718,60.534],[78.019,60.391],[78.154,60.389],[78.32,60.415],[78.437,60.308],[78.577,60.21],[78.743,60.127],[78.893,60.154],[79.032,60.032],[78.938,59.958],[78.993,59.859],[79.176,59.787],[79.147,59.683],[79.316,59.528],[79.423,59.508],[79.487,59.533],[79.603,59.485],[79.66,59.4],[79.764,59.433],[79.953,59.422],[80.074,59.44],[80.191,59.366],[80.132,59.293],[80.247,59.255],[80.406,59.337],[80.514,59.318],[80.523,59.215],[80.588,59.215],[80.656,59.141],[80.831,59.108],[80.867,59.081],[81.019,59.077],[81.067,59.142],[81.192,59.152],[81.268,59.074],[81.408,59.025],[81.403,58.959],[81.525,58.951],[81.522,58.847],[81.625,58.824],[81.541,58.72],[81.868,58.689],[81.888,58.614],[81.942,58.578],[82.127,58.584],[82.2,58.505],[82.322,58.438],[82.435,58.421],[82.414,58.376],[82.58,58.368],[82.64,58.313],[82.939,58.319],[82.921,58.245],[82.962,58.173],[83.066,58.129],[83.191,58.126],[83.213,58.049],[83.32,57.924],[83.315,57.869],[83.44,57.751],[83.564,57.715],[83.697,57.704],[83.847,57.752],[83.88,57.716],[83.795,57.616],[83.867,57.579],[83.881,57.492],[83.948,57.461],[83.939,57.356],[84.251,57.246],[84.387,57.212],[84.35,57.158],[84.465,57.137],[84.397,57.044],[84.436,56.911],[84.438,56.827],[84.354,56.725],[84.204,56.648],[84.16,56.563],[84.077,56.516],[84.035,56.406],[84.068,56.325],[84.02,56.294],[84.028,56.209],[83.907,56.106],[83.866,56],[83.875,55.875],[83.795,55.797],[83.702,55.753],[83.644,55.688],[83.642,55.604],[83.538,55.543],[83.329,55.497],[83.242,55.442],[83.134,55.427],[82.972,55.448],[82.86,55.389],[82.896,55.195],[82.818,55.108],[82.836,55.064],[82.934,55.023],[83.063,54.938],[83.025,54.845]]}},{"type":"Feature","properties":{"name":"Ob","rank":4},"geometry":{"type":"LineString","coordinates":[[85.056,52.434],[84.901,52.445],[84.83,52.426],[84.433,52.418],[84.227,52.367],[84.089,52.316],[84.017,52.338],[83.745,52.377],[83.685,52.488],[83.675,52.715],[83.699,52.789],[83.636,52.896],[83.644,53.019],[83.692,53.097],[83.857,53.111],[83.871,53.18],[83.785,53.237],[83.829,53.41],[83.709,53.447],[83.63,53.434],[83.383,53.434],[83.177,53.526],[83.134,53.481],[82.981,53.443],[82.803,53.421],[82.644,53.42],[82.547,53.444],[82.373,53.55],[82.358,53.616],[82.221,53.653],[82.206,53.7],[82.084,53.739],[81.91,53.737],[81.79,53.79],[81.6,53.775],[81.449,53.782],[81.377,53.82],[81.334,53.886]]}},{"type":"Feature","properties":{"name":"Tocantins","rank":4},"geometry":{"type":"LineString","coordinates":[[-49.687,-3.835],[-49.644,-4.008],[-49.654,-4.172],[-49.623,-4.336],[-49.562,-4.436],[-49.488,-4.66],[-49.462,-4.866],[-49.406,-4.956],[-49.373,-5.059],[-49.315,-5.175],[-49.238,-5.296],[-49.174,-5.346],[-48.937,-5.303]]}},{"type":"Feature","properties":{"name":"Tocantins","rank":4},"geometry":{"type":"LineString","coordinates":[[-49.67,-2.676],[-49.732,-2.756],[-49.729,-2.835],[-49.697,-2.895],[-49.689,-3.006],[-49.665,-3.049],[-49.636,-3.203],[-49.645,-3.557],[-49.672,-3.612],[-49.704,-3.769],[-49.687,-3.835]]}},{"type":"Feature","properties":{"name":"Dnieper","rank":4},"geometry":{"type":"LineString","coordinates":[[34.57,48.562],[34.455,48.649],[34.27,48.716],[34.192,48.773],[34.04,48.808],[33.876,48.897],[33.658,48.952],[33.542,49]]}},{"type":"Feature","properties":{"name":"Dnieper","rank":4},"geometry":{"type":"LineString","coordinates":[[33.54,46.831],[33.603,46.853],[33.676,46.994],[33.866,47.172],[33.943,47.229],[33.997,47.318],[34.008,47.463],[34.157,47.474],[34.446,47.523],[34.584,47.567],[34.73,47.539],[35.063,47.505],[35.148,47.555],[35.165,47.647],[35.149,47.764],[35.105,47.84],[35.106,47.842]]}},{"type":"Feature","properties":{"name":"Dnieper","rank":4},"geometry":{"type":"LineString","coordinates":[[35.105,47.84],[35.129,48.028],[35.058,48.096],[35.181,48.126],[35.198,48.223],[35.147,48.31],[35.144,48.372],[35.073,48.458],[35.024,48.478],[34.797,48.485],[34.57,48.562]]}},{"type":"Feature","properties":{"name":"Dnieper","rank":4},"geometry":{"type":"LineString","coordinates":[[32.646,46.65],[32.795,46.685],[33,46.758],[33.057,46.749],[33.157,46.786],[33.343,46.771],[33.424,46.827],[33.54,46.831]]}},{"type":"Feature","properties":{"name":"North Saskatchewan","rank":4},"geometry":{"type":"LineString","coordinates":[[-108.334,52.734],[-108.126,52.647],[-108.026,52.57],[-107.864,52.556],[-107.606,52.446],[-107.396,52.34],[-107.242,52.332],[-107.101,52.385],[-106.995,52.378],[-106.943,52.433],[-106.877,52.557],[-106.861,52.632],[-106.473,52.898],[-106.359,53.031],[-106.202,53.148],[-106.106,53.193],[-106.023,53.192],[-105.977,53.138],[-105.82,53.201],[-105.645,53.209],[-105.575,53.236],[-105.34,53.231],[-105.22,53.254],[-105.065,53.24]]}},{"type":"Feature","properties":{"name":"North Saskatchewan","rank":4},"geometry":{"type":"LineString","coordinates":[[-117.132,52.014],[-117.061,52.071],[-116.97,52.098],[-116.838,51.993],[-116.739,51.977],[-116.665,52.023],[-116.504,52.019],[-116.423,52.038],[-116.43,52.15],[-116.459,52.205],[-116.352,52.319],[-116.213,52.426],[-115.984,52.41],[-115.727,52.455],[-115.506,52.444],[-115.444,52.379],[-115.263,52.412],[-115.07,52.337],[-114.948,52.373],[-114.992,52.443],[-114.982,52.522],[-115.049,52.589],[-115.098,52.741],[-115.187,52.803],[-115.167,52.865],[-115.215,52.899],[-115.203,53.044],[-115.027,53.067],[-114.875,53.274],[-114.789,53.324],[-114.53,53.311],[-114.419,53.346],[-114.384,53.403],[-114.15,53.341],[-114.025,53.324],[-113.865,53.352],[-113.71,53.358],[-113.632,53.482],[-113.56,53.529],[-113.382,53.554],[-113.097,53.817],[-112.867,53.951],[-112.823,54.046],[-112.735,54.051],[-112.582,53.997],[-112.48,53.989],[-112.264,54.059],[-112.187,53.987],[-111.959,53.906],[-111.818,53.922],[-111.743,53.898],[-111.758,53.83],[-111.665,53.776],[-111.43,53.784],[-111.377,53.735],[-111.149,53.745],[-110.918,53.854],[-110.616,53.845],[-110.521,53.758],[-110.432,53.739],[-110.335,53.66],[-110.202,53.694],[-110.119,53.637],[-109.888,53.56],[-109.816,53.548],[-109.742,53.592],[-109.64,53.577],[-109.527,53.457],[-109.554,53.427],[-109.467,53.373],[-109.265,53.378],[-109.225,53.33],[-109.085,53.283],[-109.047,53.215],[-108.967,53.161],[-108.864,53.039],[-108.756,52.982],[-108.649,52.968],[-108.334,52.837],[-108.365,52.779],[-108.328,52.734]]}},{"type":"Feature","properties":{"name":"Bafing","rank":4},"geometry":{"type":"LineString","coordinates":[[-12.088,10.59],[-12.037,10.524],[-11.978,10.508],[-11.845,10.556],[-11.796,10.559],[-11.741,10.611],[-11.774,10.687],[-11.74,10.787],[-11.636,10.837],[-11.589,10.899],[-11.616,11.015],[-11.566,11.134],[-11.503,11.169],[-11.473,11.245],[-11.421,11.275],[-11.344,11.279],[-11.266,11.385],[-11.139,11.467],[-11.095,11.516],[-11.074,11.612],[-11.001,11.566],[-10.956,11.602],[-10.848,11.597],[-10.806,11.626],[-10.763,11.738],[-10.715,11.754],[-10.704,11.804],[-10.654,11.866],[-10.614,11.968],[-10.516,12.053],[-10.512,12.118],[-10.446,12.121],[-10.382,12.18],[-10.33,12.191],[-10.345,12.41],[-10.276,12.515],[-10.225,12.622],[-10.224,12.669],[-10.264,12.722],[-10.197,12.776],[-10.245,12.837],[-10.3,12.869],[-10.276,12.956],[-10.339,12.962],[-10.336,13.056],[-10.374,13.078],[-10.351,13.152],[-10.399,13.199],[-10.443,13.196],[-10.508,13.245],[-10.622,13.262],[-10.724,13.224],[-10.795,13.237],[-10.813,13.28],[-10.8,13.359],[-10.728,13.42],[-10.766,13.489],[-10.763,13.567],[-10.821,13.599],[-10.875,13.722],[-10.851,13.814]]}},{"type":"Feature","properties":{"name":"Bénoué","rank":4},"geometry":{"type":"LineString","coordinates":[[13.524,7.777],[13.631,7.849],[13.699,7.865],[13.732,7.918],[13.693,8.013],[13.709,8.062],[13.812,8.131],[13.925,8.164],[13.999,8.291],[14,8.426],[13.956,8.511],[13.907,8.533],[13.987,8.692],[13.986,8.791],[13.893,8.856],[13.846,8.931],[13.739,8.96],[13.689,9.111],[13.575,9.214],[13.507,9.339],[13.472,9.328],[13.386,9.243],[13.219,9.2],[13.171,9.213],[13.122,9.188],[13.058,9.265],[12.972,9.316],[12.785,9.388],[12.576,9.247],[12.501,9.248],[12.386,9.367],[12.374,9.409],[12.285,9.511],[12.196,9.529],[12.055,9.471],[11.924,9.491]]}},{"type":"Feature","properties":{"name":"Tuotuo","rank":1},"geometry":{"type":"LineString","coordinates":[[90.795,34.3],[91.066,34.341],[91.219,34.325],[91.34,34.285],[91.415,34.294],[91.705,34.257],[91.812,34.268],[91.824,34.228],[91.978,34.137],[92.035,34.142],[92.065,34.188],[92.192,34.25],[92.511,34.212],[92.585,34.21],[92.649,34.129],[92.723,34.087],[92.813,34.081],[92.993,34.1]]}},{"type":"Feature","properties":{"name":"Dicle","rank":4},"geometry":{"type":"LineString","coordinates":[[39.173,38.424],[39.463,38.519],[39.621,38.463],[39.651,38.402],[39.739,38.371],[39.794,38.387],[39.956,38.385],[40.027,38.339],[40.026,38.292],[40.126,38.251],[40.191,38.2],[40.158,38.108],[40.267,38.084],[40.239,37.991],[40.257,37.839],[40.437,37.809],[40.518,37.836],[40.677,37.844],[40.781,37.809],[40.843,37.831],[41.035,37.772],[41.175,37.767],[41.223,37.743],[41.374,37.737],[41.562,37.743],[41.662,37.771],[41.764,37.755],[41.857,37.606],[41.828,37.47],[41.892,37.42],[42.015,37.433],[42.192,37.35],[42.223,37.288],[42.353,37.227],[42.335,37.171],[42.377,37.063]]}},{"type":"Feature","properties":{"name":"Pechora","rank":4},"geometry":{"type":"LineString","coordinates":[[54.207,68.209],[54.021,68.038],[53.691,67.928],[53.345,67.869],[53.295,67.803],[53.103,67.681],[52.818,67.69]]}},{"type":"Feature","properties":{"name":"Pechora","rank":4},"geometry":{"type":"LineString","coordinates":[[53.192,67.88],[53.294,67.897],[53.615,68.037],[53.698,68.16],[53.903,68.222]]}},{"type":"Feature","properties":{"name":"Pechora","rank":4},"geometry":{"type":"LineString","coordinates":[[52.587,67.708],[52.69,67.749],[53.088,67.821],[53.191,67.882],[53.28,67.916],[53.243,67.961],[53.02,67.982],[53.051,68.098],[53.23,68.192],[53.241,68.252]]}},{"type":"Feature","properties":{"name":"Pechora","rank":4},"geometry":{"type":"LineString","coordinates":[[52.818,67.69],[52.727,67.668],[52.601,67.709],[52.145,67.59],[52.125,67.482],[52.257,67.448],[52.127,67.366],[52.129,67.298],[52.209,67.261],[52.237,67.158],[52.412,67.105],[52.396,66.974],[52.334,66.74],[52.493,66.605],[52.464,66.534],[52.517,66.454],[52.438,66.371],[52.505,66.253],[52.498,66.103],[52.575,65.984],[52.424,65.888],[52.27,65.823],[52.194,65.703],[52.131,65.456],[52.207,65.42],[52.469,65.415],[52.933,65.333],[53.04,65.363],[53.352,65.338],[53.657,65.441],[54.244,65.462],[54.328,65.485],[54.517,65.673],[54.791,65.718],[54.889,65.804],[55.096,65.905],[55.149,66.067],[55.228,66.132],[55.39,66.168],[55.486,66.229],[55.829,66.322],[55.96,66.314],[56.318,66.349],[56.415,66.329],[56.525,66.193],[56.621,66.159],[56.686,66.054],[56.884,65.969],[56.682,65.766],[56.872,65.611],[57.001,65.574],[57.062,65.51],[57.017,65.412],[57.046,65.245],[57.001,65.152],[57.082,65.115],[57.27,65.133],[57.252,65.036],[57.45,65.027],[57.618,64.933],[57.661,64.868],[57.819,64.84],[57.905,64.785],[57.891,64.699],[57.794,64.576],[57.81,64.425],[57.646,64.343],[57.635,64.285],[57.531,64.234],[57.612,64.188],[57.659,64.066],[57.48,64.001],[57.532,63.915],[57.337,63.917],[57.169,63.838],[57.035,63.877],[56.876,63.867],[56.748,63.814],[56.683,63.687],[56.573,63.59],[56.429,63.54],[56.439,63.492],[56.552,63.459],[56.427,63.397],[56.297,63.262],[56.185,63.247],[56.115,63.189],[55.907,63.227],[55.885,63.161],[55.98,63.117],[55.981,63.071],[56.097,63.036],[56.233,62.835],[56.183,62.768],[56.206,62.721],[56.398,62.698],[56.529,62.632],[56.665,62.6],[56.697,62.562],[56.74,62.383],[56.736,62.271],[56.6,62.105],[56.726,62.085],[56.857,61.862],[57.03,61.795],[57.173,61.692],[57.309,61.689],[57.472,61.715],[57.745,61.816],[57.864,61.804],[57.925,61.877],[57.954,61.968],[58.178,62.024],[58.337,62.106],[58.495,62.085],[58.577,62.034],[58.756,61.978],[58.938,62.072],[59.104,62.015],[59.26,62.018],[59.287,62.057]]}},{"type":"Feature","properties":{"name":"Pechora","rank":4},"geometry":{"type":"LineString","coordinates":[[52.818,67.69],[52.829,67.69]]}},{"type":"Feature","properties":{"name":"Indaiá","rank":4},"geometry":{"type":"LineString","coordinates":[[-46.499,-20.321],[-46.351,-20.349],[-46.088,-20.336],[-46.022,-20.346],[-45.941,-20.308],[-45.967,-20.261],[-45.913,-20.219],[-45.872,-20.144],[-45.803,-20.131],[-45.728,-20.165],[-45.661,-20.13],[-45.575,-19.916],[-45.482,-19.827],[-45.493,-19.716],[-45.416,-19.595],[-45.385,-19.446],[-45.339,-19.388],[-45.28,-19.274],[-45.132,-19.198],[-45.07,-19.069],[-45.089,-19.051]]}},{"type":"Feature","properties":{"name":"Kolyma","rank":4},"geometry":{"type":"LineString","coordinates":[[160.758,68.564],[160.634,68.557],[160.493,68.494],[160.273,68.54],[159.95,68.581],[159.72,68.575],[159.367,68.631],[159.289,68.662],[159.029,68.678],[159.052,68.717],[159.235,68.747],[159.167,68.788],[158.734,68.734],[158.487,68.801],[158.37,68.709],[158.094,68.642],[157.925,68.637],[158.041,68.548],[157.992,68.449],[157.717,68.335],[157.645,68.13],[157.435,68.068],[157.278,68.072],[156.92,68.027],[156.764,67.958],[156.625,67.925],[156.169,67.98],[156.108,67.951],[156.132,67.841],[156.349,67.802],[156.402,67.758],[156.082,67.644],[155.806,67.607],[155.629,67.602],[155.551,67.639],[155.253,67.663],[155.053,67.65],[154.782,67.575],[154.343,67.555],[154.274,67.581],[154.051,67.565],[153.926,67.497]]}},{"type":"Feature","properties":{"name":"Kolyma","rank":4},"geometry":{"type":"LineString","coordinates":[[153.926,67.497],[153.716,67.495],[153.502,67.399],[153.507,67.337],[153.646,67.222],[153.563,67.187],[153.104,67.161],[153.007,67.108],[152.999,67.036],[152.887,66.976],[152.744,66.958],[152.465,66.758],[152.459,66.687],[152.381,66.633],[151.882,66.529],[151.767,66.46],[151.805,66.423],[151.74,66.341],[151.406,66.212],[151.049,66.211],[151.017,66.134],[150.725,66.117],[150.78,65.837],[150.899,65.735],[150.998,65.717],[151.143,65.59],[151.287,65.513],[151.398,65.371],[151.532,65.309],[151.534,65.261],[151.752,65.211],[151.774,65.148],[151.937,65.097],[152.027,65.007],[152.199,64.963],[152.356,64.895],[152.435,64.894],[152.507,64.82],[152.922,64.811],[153.23,64.699],[153.52,64.686],[153.802,64.752],[154.006,64.751],[154.028,64.63],[154.084,64.55],[154.046,64.512],[154.131,64.407],[154.358,64.35],[154.397,64.296],[154.36,64.211],[154.508,64.238],[154.564,64.198],[154.483,64.088],[154.33,64.068],[153.844,63.904],[153.598,63.899],[153.281,63.712],[153.159,63.689],[153.019,63.595],[152.891,63.424],[152.765,63.371],[152.632,63.361],[152.55,63.316],[152.602,63.202],[152.523,63.146],[152.55,63.035],[152.438,62.882],[152.517,62.847],[152.503,62.752],[152.258,62.544],[152.302,62.481],[152.089,62.43],[152.011,62.446],[152.013,62.572],[151.926,62.587],[151.826,62.466],[151.697,62.457],[151.67,62.546],[151.539,62.605],[151.359,62.596],[151.145,62.682],[150.921,62.693],[150.801,62.666],[150.751,62.571],[150.825,62.503],[150.786,62.428],[150.785,62.277],[150.687,62.167],[150.552,62.146],[150.452,62.077],[150.317,62.059],[150.177,62.105],[150.042,62.039],[149.841,61.993],[149.677,61.897],[149.602,61.881],[149.583,61.755],[149.452,61.642],[149.296,61.708],[149.086,61.713],[148.999,61.672],[148.776,61.648],[148.704,61.691],[148.758,61.731],[148.681,61.858],[148.618,61.893],[148.676,62.002],[148.535,62.078],[148.473,62.142],[148.356,62.143],[148.195,62.055],[148.141,62.058],[148.013,62.206],[147.755,62.255],[147.719,62.308],[147.585,62.295],[147.366,62.325],[147.282,62.194],[147.215,62.141],[147.233,62.044],[147.388,61.977],[147.429,61.821],[147.398,61.764],[147.456,61.669],[147.436,61.617],[147.313,61.547],[147.186,61.522],[147.05,61.534],[146.918,61.505],[146.847,61.445],[146.743,61.427],[146.515,61.473],[146.401,61.537],[146.22,61.676],[146.185,61.739],[146.03,61.807],[145.762,61.895],[145.606,61.899],[145.398,61.865],[145.216,61.856]]}},{"type":"Feature","properties":{"name":"Nmai","rank":4},"geometry":{"type":"LineString","coordinates":[[97.983,28.425],[98.062,28.387],[98.077,28.321],[98.192,28.25],[98.251,28.184],[98.296,28.167],[98.33,28.083],[98.311,28.057],[98.344,27.929],[98.33,27.86],[98.345,27.756],[98.316,27.708],[98.237,27.667],[98.151,27.66],[98.1,27.736],[98.021,27.722],[98.047,27.604],[98.087,27.529],[98.11,27.427],[98.187,27.319],[98.216,27.23],[98.302,27.147],[98.357,27.036],[98.357,26.91],[98.378,26.825],[98.37,26.758],[98.333,26.705],[98.337,26.603],[98.288,26.505],[98.296,26.372],[98.117,25.893],[98.034,25.79],[97.944,25.726],[97.817,25.598],[97.739,25.628],[97.668,25.715],[97.537,25.718],[97.486,25.701]]}},{"type":"Feature","properties":{"name":"Magdalena","rank":4},"geometry":{"type":"LineString","coordinates":[[-73.796,8.15],[-73.794,8.218],[-73.756,8.329],[-73.762,8.459],[-73.8,8.591],[-73.83,8.644],[-73.831,8.709],[-73.808,8.817],[-73.883,8.914],[-73.872,8.973],[-73.984,8.989],[-74.044,9.055],[-74.091,9.029],[-74.153,9.049],[-74.238,9.154],[-74.304,9.203],[-74.431,9.267],[-74.523,9.24],[-74.629,9.376],[-74.717,9.43],[-74.742,9.418],[-74.806,9.487],[-74.781,9.631],[-74.832,9.706],[-74.815,9.769],[-74.878,9.87],[-74.877,9.937],[-74.812,9.985],[-74.808,10.034],[-74.859,10.097],[-74.944,10.137],[-74.924,10.254],[-74.836,10.406],[-74.807,10.51],[-74.729,10.584],[-74.722,10.755],[-74.741,10.828],[-74.725,10.9],[-74.766,10.995],[-74.856,11.1],[-74.859,11.132]]}},{"type":"Feature","properties":{"name":"Magdalena","rank":4},"geometry":{"type":"LineString","coordinates":[[-76.507,1.943],[-76.428,1.956],[-76.363,1.923],[-76.223,1.883],[-76.182,1.888],[-76.136,1.937],[-76.04,1.978],[-76,2.027],[-75.865,2.055],[-75.845,2.086],[-75.704,2.162],[-75.675,2.212],[-75.699,2.258],[-75.586,2.354],[-75.568,2.413],[-75.594,2.453],[-75.51,2.543],[-75.498,2.635],[-75.432,2.721],[-75.365,2.762],[-75.305,2.877],[-75.318,2.936],[-75.256,3.087],[-75.284,3.162],[-75.242,3.234],[-75.253,3.286],[-75.179,3.437],[-75.145,3.452],[-75.107,3.529],[-75.101,3.611],[-74.985,3.758],[-74.886,3.936],[-74.853,4.054],[-74.809,4.279],[-74.881,4.269],[-74.887,4.309],[-74.817,4.466],[-74.805,4.545],[-74.818,4.608],[-74.794,4.641],[-74.826,4.711],[-74.763,4.8],[-74.763,4.964],[-74.736,5.108],[-74.742,5.27],[-74.691,5.41],[-74.66,5.458],[-74.66,5.574],[-74.632,5.703],[-74.663,5.772],[-74.64,5.862],[-74.591,5.918],[-74.576,6.064],[-74.604,6.121],[-74.58,6.216],[-74.547,6.263],[-74.46,6.333],[-74.413,6.404],[-74.409,6.567],[-74.387,6.626],[-74.293,6.654],[-74.109,6.79],[-74.007,6.935],[-73.925,6.974],[-73.888,7.02],[-73.922,7.105],[-73.937,7.254],[-73.901,7.412],[-73.908,7.51],[-73.831,7.61],[-73.836,7.695],[-73.816,7.779],[-73.872,8.007],[-73.855,8.105],[-73.79,8.15]]}},{"type":"Feature","properties":{"name":"Neuquén","rank":4},"geometry":{"type":"LineString","coordinates":[[-70.803,-36.529],[-70.796,-36.674],[-70.74,-36.786],[-70.685,-36.844],[-70.699,-36.932],[-70.678,-37.04],[-70.631,-37.133],[-70.68,-37.176],[-70.711,-37.27],[-70.654,-37.353],[-70.583,-37.372],[-70.463,-37.344],[-70.306,-37.368],[-70.233,-37.392],[-70.189,-37.447],[-70.096,-37.501],[-70.021,-37.652],[-69.901,-37.677],[-69.854,-37.808],[-69.873,-37.834],[-69.82,-38.003],[-69.835,-38.054],[-69.706,-38.199],[-69.712,-38.311],[-69.68,-38.383],[-69.536,-38.483],[-69.456,-38.507],[-69.355,-38.595],[-69.173,-38.6],[-69.117,-38.588],[-68.97,-38.476],[-68.89,-38.373],[-68.823,-38.354],[-68.705,-38.375],[-68.494,-38.52],[-68.411,-38.549],[-68.355,-38.619],[-68.226,-38.697],[-68.05,-38.904],[-68.014,-38.975]]}},{"type":"Feature","properties":{"name":"Nanpan","rank":4},"geometry":{"type":"LineString","coordinates":[[103.922,25.879],[103.875,25.838],[103.82,25.624],[103.866,25.553],[103.862,25.296],[103.895,25.264],[103.859,25.194],[103.805,25.166],[103.756,25.084],[103.696,25.031],[103.524,24.947],[103.427,24.933],[103.422,24.995],[103.38,25.022],[103.249,25.022],[103.162,24.973],[103.181,24.925],[103.167,24.831],[103.128,24.777],[103.073,24.752],[103.03,24.628],[103.049,24.566],[103.12,24.551],[103.09,24.402],[103.111,24.292],[103.102,24.227],[103.146,24.148],[103.125,24.056],[103.159,23.981],[103.177,23.826],[103.25,23.795],[103.3,23.855],[103.434,23.885],[103.546,23.879],[103.599,23.926],[103.634,23.998],[103.578,24.063],[103.584,24.106],[103.639,24.175],[103.774,24.208],[103.846,24.342],[103.955,24.442],[104.084,24.441],[104.23,24.529],[104.372,24.571],[104.412,24.637],[104.47,24.67],[104.537,24.741],[104.729,24.631],[104.781,24.68],[104.852,24.706],[104.876,24.755],[105.012,24.797],[105.048,24.895],[105.1,24.954],[105.188,25.009],[105.267,24.938],[105.38,24.957],[105.444,24.924],[105.458,24.866],[105.508,24.817],[105.675,24.79],[105.788,24.716],[105.916,24.729],[106.001,24.648],[106.176,24.782],[106.198,24.877],[106.155,24.96],[106.306,24.981],[106.457,25.036],[106.587,25.104],[106.667,25.173],[106.886,25.197],[106.909,25.248],[106.97,25.235]]}},{"type":"Feature","properties":{"name":"Seine","rank":4},"geometry":{"type":"LineString","coordinates":[[4.713,47.513],[4.674,47.679],[4.61,47.703],[4.543,47.794],[4.576,47.863],[4.454,48.027],[4.393,48.062],[4.376,48.123],[4.276,48.15],[4.16,48.212],[4.084,48.325],[3.977,48.392],[3.873,48.522],[3.655,48.549],[3.35,48.467],[3.255,48.424],[3.187,48.436],[3.113,48.401],[3.012,48.404],[2.863,48.382],[2.746,48.437],[2.687,48.492],[2.492,48.576],[2.476,48.629],[2.392,48.685],[2.441,48.732],[2.391,48.834],[2.248,48.886],[2.125,48.886],[2.177,48.985],[2.073,48.995],[2.042,48.952],[1.941,49.014],[1.765,48.979],[1.637,49.036],[1.547,49.046],[1.419,49.157],[1.279,49.212],[1.254,49.306],[1.119,49.355],[1.115,49.412],[1.021,49.431],[0.99,49.363],[0.914,49.389],[0.932,49.449],[0.825,49.467],[0.74,49.526],[0.681,49.52],[0.634,49.445],[0.573,49.444],[0.493,49.494]]}},{"type":"Feature","properties":{"name":"Lena","rank":1},"geometry":{"type":"LineString","coordinates":[[126.69,72.294],[126.809,72.202],[126.966,71.969],[127.152,71.917],[127.181,71.876],[127.138,71.729],[127.262,71.471],[127.232,71.308],[127.319,71.142],[127.507,71.055],[127.524,71.003],[127.437,70.922],[127.576,70.81],[127.16,70.648],[127.091,70.591],[126.902,70.533],[126.511,70.53],[126.37,70.547],[126.017,70.522],[125.866,70.486],[125.758,70.423],[125.789,70.371],[126.069,70.279],[125.87,70.101],[125.665,70.019],[125.398,69.936],[125.16,69.914],[125.087,69.857],[125.015,69.684],[124.622,69.336],[124.128,69.13],[123.982,68.974],[123.97,68.735],[123.816,68.395],[123.647,68.213],[123.295,68.112],[123.197,68.051],[123.144,67.941],[123.098,67.709],[123.005,67.512],[123.086,67.452],[123.173,67.305],[123.303,67.19],[123.424,66.981],[123.428,66.827],[123.511,66.728],[123.552,66.607],[123.697,66.503],[123.936,66.096],[124.048,65.985],[124.207,65.902],[124.305,65.783],[124.299,65.67],[124.239,65.578],[124.249,65.5],[124.372,65.41],[124.379,65.285],[124.523,65.131],[124.721,65.045],[124.889,64.939],[125.15,64.909],[125.429,64.788],[125.528,64.624],[125.692,64.598],[126.126,64.462],[126.429,64.412],[126.893,64.207],[127.474,63.863],[128.027,63.737],[128.229,63.579],[128.48,63.509],[128.92,63.514],[129.124,63.535],[129.383,63.488],[129.388,63.485],[129.471,63.386],[129.633,63.272],[129.656,63.217],[129.586,63.065],[129.732,62.939],[129.848,62.694],[129.878,62.592],[129.997,62.539],[130.059,62.434],[130.011,62.266],[129.902,62.225],[129.872,62.123],[129.875,62.003],[129.838,61.943],[129.728,61.872],[129.697,61.788],[129.534,61.657],[129.329,61.581],[129.216,61.499],[128.597,61.264],[128.543,61.258],[128.133,61.271],[127.173,61.099],[126.67,61.117],[126.515,61.074],[126.206,61.056],[125.773,60.89],[125.028,60.77],[124.859,60.694],[124.345,60.669],[124.103,60.58],[123.801,60.604],[122.443,60.563],[122.213,60.593],[121.768,60.575],[121.505,60.653],[121.31,60.665],[121.197,60.652],[120.716,60.494],[120.654,60.407]]}},{"type":"Feature","properties":{"name":"Lena","rank":1},"geometry":{"type":"LineString","coordinates":[[120.648,60.403],[120.387,60.377],[120.242,60.394],[120.047,60.232],[119.872,60.234],[119.542,60.274],[119.461,60.264],[119.289,60.18],[119.132,60.03],[119.035,59.974],[118.729,59.94],[118.537,59.854],[118.46,59.751],[118.274,59.715],[118.02,59.779],[117.925,59.826],[117.72,59.868],[117.399,59.991],[117.351,60.029],[117.171,60.077],[117.005,60.306],[116.843,60.406],[116.523,60.481],[116.155,60.536],[116.077,60.586],[115.965,60.597],[115.681,60.776],[114.967,60.771],[114.838,60.74],[114.669,60.666],[114.381,60.455],[114.192,60.27],[113.974,60.231],[113.868,60.134],[113.676,59.995],[113.368,59.805],[113.022,59.707],[112.837,59.691],[112.761,59.579],[112.593,59.504],[112.561,59.351],[112.51,59.303],[112.347,59.229],[111.979,59.185],[111.888,59.219],[111.73,59.134],[111.662,59.063],[111.52,59.025],[111.401,58.949],[111.276,58.926],[111.21,58.886],[111.216,58.762],[111.103,58.747],[110.931,58.767],[110.928,58.657],[110.746,58.676],[110.541,58.651],[110.438,58.664],[110.15,58.608],[110.061,58.63],[109.787,58.562],[109.755,58.414],[109.66,58.353],[109.646,58.308],[109.466,58.211],[109.317,58.221],[109.188,58.28],[109.05,58.259],[108.942,58.174],[108.611,58.065],[108.588,57.98],[108.476,57.965],[108.309,57.836],[108.276,57.778],[108.149,57.767],[108.036,57.788],[107.997,57.75],[108.046,57.695],[107.983,57.664],[107.866,57.662],[107.747,57.616],[107.93,57.551],[107.888,57.507],[107.586,57.409],[107.588,57.342],[107.484,57.335],[107.463,57.274],[107.27,57.26],[107.207,57.314],[107.094,57.342],[107.014,57.33],[106.912,57.25],[106.936,57.178],[106.851,57.116],[106.851,57.059],[106.628,57.018],[106.414,57.022],[106.309,57.062],[106.234,57.024],[106.123,56.876],[106.046,56.836],[105.805,56.815],[105.688,56.784],[105.648,56.739],[105.731,56.696],[106.131,56.698],[106.294,56.608],[106.275,56.471],[106.176,56.39],[106.073,56.363],[105.819,56.352],[105.704,56.291],[105.655,56.212],[105.819,56.118],[105.874,56.016],[105.784,55.872],[105.762,55.768],[105.675,55.71],[105.554,55.573],[105.495,55.459],[105.47,55.338],[105.415,55.244],[105.341,55.189],[105.139,55.127],[105.079,55.056],[105.067,54.865],[105.231,54.806],[105.207,54.753],[105.248,54.646],[105.22,54.498],[105.18,54.396],[105.336,54.347],[105.511,54.186],[105.601,54.046],[105.731,53.993],[105.846,54.001],[105.952,53.88],[106.097,53.848],[106.319,53.868],[106.422,53.842],[106.656,53.895],[106.947,53.88],[107.02,53.838],[107.174,53.875],[107.178,53.981],[107.403,54.054],[107.469,54.155],[107.615,54.255],[107.813,54.294],[107.898,54.256],[108.01,54.265],[108.098,54.235],[108.131,54.161],[108.075,54.048],[107.98,54.004]]}},{"type":"Feature","properties":{"name":"Oder","rank":4},"geometry":{"type":"LineString","coordinates":[[17.618,49.739],[17.762,49.719],[17.879,49.637],[17.962,49.652],[18.184,49.749],[18.228,49.842],[18.303,49.877],[18.328,49.95],[18.235,50.062],[18.262,50.185],[18.237,50.269],[18.116,50.383],[17.955,50.502],[17.962,50.607],[17.913,50.693],[17.841,50.758],[17.495,50.859],[17.436,50.91],[17.316,50.95],[17.316,50.998],[17.253,51.047],[17.193,51.042],[17.132,51.104],[17.033,51.116],[16.82,51.261],[16.625,51.255],[16.491,51.228],[16.426,51.296],[16.48,51.373],[16.448,51.418],[16.456,51.566],[16.31,51.659],[16.207,51.686],[16.107,51.665],[15.908,51.734],[15.85,51.727],[15.734,51.803],[15.796,51.885],[15.773,51.979],[15.693,51.98],[15.645,52.035],[15.422,52.061],[15.358,52.05],[15.216,52.075],[15.1,52.049],[15.028,52.077],[14.961,52.056],[14.761,52.077],[14.686,52.121],[14.696,52.254],[14.606,52.276],[14.539,52.422],[14.632,52.497],[14.644,52.577],[14.431,52.686],[14.382,52.738],[14.216,52.818],[14.16,52.877],[14.144,52.96],[14.343,53.049],[14.389,53.132],[14.377,53.177],[14.473,53.324],[14.538,53.38],[14.626,53.502],[14.596,53.598]]}},{"type":"Feature","properties":{"name":"Arkansas","rank":4},"geometry":{"type":"LineString","coordinates":[[-106.381,39.222],[-106.261,39.022],[-106.205,38.975],[-106.148,38.821],[-106.145,38.776],[-106.089,38.717],[-106.069,38.562],[-105.714,38.37],[-105.557,38.452],[-105.437,38.479],[-105.316,38.446],[-105.208,38.447],[-104.998,38.408],[-104.891,38.317],[-104.769,38.261],[-104.614,38.257],[-104.445,38.267],[-104.272,38.253],[-104.191,38.199],[-103.939,38.148],[-103.799,38.136],[-103.709,38.107],[-103.608,38.041],[-103.468,38.03],[-103.357,38.084],[-103.246,38.101],[-102.907,38.093],[-102.561,38.128],[-102.33,38.124],[-102.157,38.06],[-101.956,38.039],[-101.684,37.966],[-101.524,37.937],[-101.392,37.892],[-101.305,37.898],[-101.183,37.963],[-101.039,37.997],[-100.81,37.956],[-100.638,37.881],[-100.497,37.857],[-100.365,37.809],[-100.16,37.792],[-99.944,37.741],[-99.837,37.699],[-99.652,37.673],[-99.57,37.7],[-99.487,37.81],[-99.352,37.956],[-99.09,38.18],[-99.004,38.208],[-98.859,38.311],[-98.775,38.351],[-98.68,38.361],[-98.586,38.344],[-98.389,38.248],[-98.207,38.176],[-98.134,38.161],[-97.953,38.043],[-97.398,37.786],[-97.301,37.628],[-97.295,37.583],[-97.226,37.439],[-97.183,37.404],[-97.119,37.118],[-97.047,37.063],[-96.929,37.018],[-96.943,36.909],[-96.869,36.75],[-96.927,36.7],[-97.059,36.687],[-97.034,36.596],[-96.899,36.59],[-96.99,36.534],[-96.979,36.473],[-96.867,36.489],[-96.777,36.565],[-96.741,36.56],[-96.695,36.439],[-96.623,36.432],[-96.574,36.391],[-96.551,36.321],[-96.463,36.329],[-96.361,36.252],[-96.257,36.223],[-96.249,36.153],[-96.027,36.151],[-95.995,36.132],[-95.958,36.013],[-95.852,35.942],[-95.783,35.953],[-95.739,35.916],[-95.65,35.904],[-95.642,35.819],[-95.6,35.78],[-95.496,35.809],[-95.366,35.815],[-95.232,35.73],[-95.271,35.645],[-95.229,35.598],[-95.17,35.603],[-95.136,35.531],[-95.042,35.45],[-94.827,35.348],[-94.752,35.362],[-94.673,35.325],[-94.585,35.339],[-94.498,35.321],[-94.489,35.378],[-94.439,35.391],[-94.403,35.452],[-94.289,35.362],[-94.142,35.377],[-94.145,35.448],[-94.028,35.493],[-93.873,35.505],[-93.825,35.477],[-93.763,35.392],[-93.629,35.39],[-93.544,35.423],[-93.463,35.429],[-93.379,35.36],[-93.305,35.349],[-93.186,35.267],[-93.093,35.179],[-92.928,35.192],[-92.747,35.13],[-92.713,35.095],[-92.547,35.11],[-92.588,35.019],[-92.498,34.974],[-92.436,34.849],[-92.319,34.81],[-92.286,34.759],[-92.162,34.731],[-92.176,34.582],[-92.06,34.325],[-91.998,34.301],[-91.96,34.247],[-91.911,34.252],[-91.765,34.184],[-91.636,34.145]]}},{"type":"Feature","properties":{"name":"Arkansas","rank":4},"geometry":{"type":"LineString","coordinates":[[-91.636,34.145],[-91.602,34.105],[-91.449,34.086],[-91.39,33.998],[-91.319,33.96],[-91.198,33.957],[-91.144,33.911],[-91.134,33.829],[-91.066,33.793]]}},{"type":"Feature","properties":{"name":"Sénégal","rank":4},"geometry":{"type":"LineString","coordinates":[[-13.09,15.497],[-13.09,15.561],[-13.123,15.604],[-13.239,15.624],[-13.229,15.697],[-13.288,15.778],[-13.281,15.823],[-13.314,15.922],[-13.37,15.986],[-13.395,16.059],[-13.486,16.155],[-13.677,16.107],[-13.747,16.183],[-13.812,16.122],[-13.853,16.134],[-13.908,16.21],[-13.965,16.23],[-13.979,16.338],[-14.016,16.356],[-14.279,16.581],[-14.327,16.583],[-14.344,16.637],[-14.407,16.661],[-14.483,16.634],[-14.598,16.629],[-14.932,16.644],[-14.975,16.692],[-15.052,16.634],[-15.119,16.643],[-15.126,16.583],[-15.233,16.567],[-15.344,16.569],[-15.427,16.553],[-15.492,16.565],[-15.552,16.515],[-15.61,16.522],[-15.673,16.482],[-15.814,16.514],[-15.912,16.517],[-16.054,16.496],[-16.133,16.555],[-16.207,16.521],[-16.296,16.511],[-16.328,16.475],[-16.382,16.247],[-16.467,16.174],[-16.471,16.107],[-16.508,16.011],[-16.51,15.902],[-16.542,15.806]]}},{"type":"Feature","properties":{"name":"Sénégal","rank":4},"geometry":{"type":"LineString","coordinates":[[-10.851,13.814],[-10.892,13.825],[-10.965,13.79],[-11.046,13.856],[-11.088,14.031],[-11.148,14.037],[-11.251,14.111],[-11.241,14.227],[-11.284,14.339],[-11.368,14.379],[-11.406,14.456],[-11.578,14.5],[-11.622,14.558],[-11.688,14.591],[-11.894,14.619],[-12.139,14.785],[-12.225,14.764],[-12.383,14.846],[-12.449,14.918],[-12.472,14.998],[-12.624,15.102],[-12.691,15.093],[-12.78,15.147],[-12.783,15.207],[-12.857,15.222],[-12.848,15.314],[-12.907,15.353],[-12.965,15.509],[-13.083,15.492]]}},{"type":"Feature","properties":{"name":"Kyzyl-Khem","rank":4},"geometry":{"type":"LineString","coordinates":[[98,51.514],[97.913,51.529],[97.754,51.5],[97.61,51.418],[97.491,51.389],[97.342,51.387],[97.277,51.351],[97.191,51.363],[96.873,51.356],[96.822,51.376],[96.641,51.37],[96.599,51.349],[96.266,51.342],[96.144,51.397],[96.054,51.382],[95.78,51.295]]}},{"type":"Feature","properties":{"name":"Salween","rank":4},"geometry":{"type":"LineString","coordinates":[[91.518,31.943],[91.555,31.772],[91.736,31.671],[91.731,31.597],[91.809,31.509],[91.788,31.457],[91.813,31.414],[91.874,31.402],[91.976,31.439],[92.039,31.401],[92.039,31.341],[92.09,31.296],[92.241,31.295],[92.326,31.374],[92.322,31.454],[92.438,31.464],[92.527,31.5],[92.675,31.519],[92.731,31.548],[92.924,31.573],[93.102,31.541],[93.402,31.544],[93.456,31.551],[93.611,31.509],[93.768,31.489],[93.917,31.511],[93.973,31.538],[94.183,31.48],[94.268,31.507],[94.319,31.478],[94.488,31.484],[94.599,31.43],[94.569,31.321],[94.505,31.258],[94.614,31.222],[94.635,31.135],[94.737,31.073],[94.882,31.127],[94.967,31.185],[95.058,31.17],[95.112,31.189],[95.252,31.189],[95.432,31.129],[95.536,30.974],[95.589,30.945],[95.694,30.966],[95.761,30.953],[95.837,31.006],[95.895,30.979],[96.055,30.945],[96.103,30.921],[96.255,30.892],[96.341,30.857],[96.368,30.816],[96.444,30.566],[96.531,30.46],[96.596,30.448]]}},{"type":"Feature","properties":{"name":"Tigris","rank":4},"geometry":{"type":"LineString","coordinates":[[42.377,37.063],[42.415,36.996],[42.488,36.955],[42.535,36.863],[42.596,36.796],[42.69,36.8],[42.8,36.726],[42.892,36.706],[42.886,36.635],[42.754,36.552],[42.762,36.499],[42.922,36.493],[42.98,36.47],[43.001,36.409],[43.082,36.399],[43.172,36.329],[43.205,36.238],[43.303,36.141],[43.296,36.092],[43.346,35.98],[43.309,35.795]]}},{"type":"Feature","properties":{"name":"Tigris","rank":4},"geometry":{"type":"LineString","coordinates":[[43.309,35.795],[43.323,35.709],[43.241,35.645],[43.241,35.566],[43.276,35.472],[43.269,35.412],[43.371,35.332],[43.351,35.28],[43.422,35.265],[43.388,35.214],[43.581,35.014],[43.522,34.933],[43.577,34.789],[43.636,34.767],[43.676,34.713],[43.721,34.547],[43.77,34.53],[43.782,34.373],[43.828,34.286],[43.823,34.236],[43.895,34.133],[43.988,34.081],[44.271,34.047],[44.378,34.001],[44.448,33.935],[44.444,33.88],[44.392,33.765],[44.426,33.725],[44.391,33.638],[44.323,33.613],[44.305,33.503],[44.342,33.456],[44.402,33.284],[44.484,33.244],[44.487,33.173],[44.561,33.121],[44.576,33.073],[44.689,33.013],[44.727,33.027],[44.814,32.957],[44.926,32.917],[45.104,32.786],[45.279,32.766],[45.294,32.693],[45.379,32.648],[45.416,32.585],[45.503,32.596],[45.552,32.536],[45.661,32.564],[45.725,32.522],[45.809,32.502]]}},{"type":"Feature","properties":{"name":"Tigris","rank":4},"geometry":{"type":"LineString","coordinates":[[45.807,32.511],[45.925,32.551],[45.965,32.61],[46.104,32.655],[46.177,32.63],[46.206,32.583],[46.349,32.528],[46.465,32.531],[46.636,32.492],[46.673,32.471],[46.748,32.367],[46.706,32.31],[46.694,32.221],[46.716,32.138],[46.781,32.082],[46.867,32.055],[46.906,31.937],[46.966,31.869],[47.099,31.896],[47.135,31.864],[47.128,31.797],[47.15,31.711],[47.284,31.532],[47.38,31.464],[47.426,31.387],[47.414,31.324],[47.441,31.248],[47.422,31.098],[47.434,31.019]]}},{"type":"Feature","properties":{"name":"Severnaya Dvina","rank":4},"geometry":{"type":"LineString","coordinates":[[46.34,60.749],[46.414,60.79],[46.572,61.037],[46.559,61.108],[46.618,61.134],[46.591,61.287],[46.394,61.399],[46.274,61.443],[46.154,61.528],[45.916,61.57],[45.685,61.64],[45.354,61.777],[45.105,62.026],[45.099,62.107],[44.96,62.231],[44.857,62.246],[44.751,62.332],[44.606,62.356],[44.323,62.344],[43.905,62.422],[43.869,62.47],[43.632,62.597],[43.449,62.665],[42.684,62.901],[42.579,63.036],[42.456,63.06],[42.304,63.06],[42.114,63.087],[42.018,63.167],[42.064,63.274],[42.036,63.339],[41.882,63.432],[41.886,63.591],[41.685,63.662],[41.559,63.654],[41.421,63.75],[41.639,63.877],[41.618,63.905],[41.742,64.001],[41.737,64.127],[41.899,64.174],[41.786,64.294],[41.428,64.356],[41.138,64.362],[40.92,64.453],[40.531,64.555]]}},{"type":"Feature","properties":{"name":"Benue","rank":4},"geometry":{"type":"LineString","coordinates":[[11.924,9.491],[11.82,9.509],[11.737,9.499],[11.602,9.418],[11.426,9.331],[11.263,9.199],[11.15,9.172],[11.086,9.141],[10.98,9.036],[10.916,8.916],[10.893,8.821],[10.841,8.77],[10.753,8.719],[10.65,8.711],[10.553,8.671],[10.479,8.698],[10.433,8.668],[10.375,8.685],[10.284,8.672],[10.258,8.601],[10.112,8.457],[10.055,8.428],[10.02,8.346],[9.881,8.309],[9.804,8.227],[9.711,8.214],[9.531,8.098],[9.433,8.074],[9.388,8.042],[9.319,7.952],[9.136,7.89],[8.99,7.875],[8.918,7.812],[8.799,7.799],[8.66,7.741],[8.521,7.74],[8.411,7.776],[8.293,7.856],[8.2,7.877],[8.12,7.914],[8.035,7.929],[7.968,7.964],[7.637,8.03],[7.495,8.016],[7.286,8.028],[7.084,7.96],[6.97,7.882],[6.784,7.814],[6.767,7.786]]}},{"type":"Feature","properties":{"name":"Irrawaddy","rank":4},"geometry":{"type":"LineString","coordinates":[[97.486,25.701],[97.529,25.689],[97.497,25.549],[97.37,25.338],[97.313,25.357],[97.274,25.301],[97.271,25.217],[97.233,25.186],[97.26,25.098],[97.214,25.086],[97.222,24.997],[97.101,24.916],[97.103,24.868],[97.035,24.803],[97.061,24.716],[97.115,24.611],[97.122,24.373],[97.205,24.27],[97.147,24.17],[97.062,24.138],[96.929,24.128],[96.801,24.241],[96.782,24.29],[96.634,24.357],[96.551,24.304],[96.455,24.309],[96.431,24.253],[96.363,24.2],[96.303,24.114],[96.29,23.97],[96.205,23.769],[96.156,23.75],[96.14,23.691],[96.035,23.585],[96.012,23.514],[96.007,23.385],[95.978,23.262],[95.965,22.769],[95.91,22.739],[95.917,22.662],[95.985,22.55],[95.964,22.393],[96.013,22.332],[95.985,22.271],[96.007,22.089],[96.051,21.956],[96.021,21.897],[95.914,21.856],[95.849,21.911],[95.776,21.932],[95.527,21.922],[95.472,21.857],[95.45,21.781],[95.387,21.733],[95.324,21.537],[95.33,21.464],[95.287,21.452],[95.142,21.314],[95.002,21.297],[94.986,21.25],[94.843,21.222],[94.8,21.144],[94.82,20.972],[94.806,20.925],[94.718,20.836],[94.745,20.706],[94.795,20.643],[94.829,20.496],[94.869,20.464],[94.909,20.344],[94.899,20.19],[94.938,20.088],[95.011,20.049],[95.011,20.005],[95.16,19.823],[95.138,19.727],[95.17,19.622],[95.164,19.501],[95.194,19.397],[95.175,19.153],[95.127,19.096],[95.113,19.015],[95.126,18.951],[95.193,18.866],[95.213,18.805],[95.163,18.717],[95.08,18.667],[95.063,18.562],[95.085,18.522],[95.192,18.43],[95.21,18.363],[95.287,18.32],[95.383,18.231],[95.45,18.033],[95.424,17.921],[95.459,17.84],[95.45,17.791],[95.493,17.655],[95.566,17.614],[95.541,17.56],[95.548,17.5],[95.67,17.408],[95.623,17.381],[95.592,17.323],[95.591,17.251],[95.64,17.148],[95.636,17.073],[95.561,17.015],[95.575,16.942],[95.612,16.88],[95.492,16.811],[95.349,16.765],[95.349,16.675],[95.318,16.61],[95.263,16.588],[95.266,16.538],[95.201,16.499],[95.163,16.449],[95.08,16.394],[95.034,16.281],[94.992,16.251]]}},{"type":"Feature","properties":{"name":"Negro","rank":4},"geometry":{"type":"LineString","coordinates":[[-68.014,-38.975],[-67.918,-38.982],[-67.829,-39.023],[-67.73,-39.041],[-67.648,-39.079],[-67.54,-39.056],[-67.381,-39.066],[-67.203,-39.098],[-67.113,-39.142],[-66.852,-39.137],[-66.609,-39.091],[-66.294,-39.125],[-66.177,-39.187],[-66.099,-39.198],[-66.014,-39.241],[-65.827,-39.274],[-65.768,-39.254],[-65.682,-39.268],[-65.628,-39.327],[-65.563,-39.457],[-65.491,-39.491],[-65.363,-39.698],[-65.368,-39.788],[-65.277,-39.846],[-65.174,-39.872],[-64.982,-39.869],[-64.867,-39.921],[-64.762,-40.014],[-64.642,-40.036],[-64.568,-40.081],[-64.424,-40.052],[-64.306,-40.072],[-64.235,-40.129],[-64.118,-40.19],[-64.101,-40.226],[-63.906,-40.317],[-63.805,-40.426],[-63.637,-40.476],[-63.575,-40.52],[-63.524,-40.592],[-63.388,-40.709],[-63.183,-40.729],[-63.118,-40.746],[-62.862,-40.938],[-62.802,-41.042]]}},{"type":"Feature","properties":{"name":"Tongtian","rank":1},"geometry":{"type":"LineString","coordinates":[[92.993,34.1],[93.034,34.163],[93.128,34.226],[93.455,34.23],[93.663,34.212],[93.749,34.232],[93.814,34.273],[93.9,34.404],[93.907,34.441],[94.001,34.492],[94.058,34.553],[94.169,34.589],[94.265,34.584],[94.351,34.671],[94.497,34.705],[94.521,34.745],[94.602,34.768],[94.652,34.741],[94.883,34.701],[94.967,34.671],[95.007,34.586],[95.17,34.486],[95.235,34.465],[95.358,34.46],[95.445,34.38],[95.556,34.33],[95.568,34.281],[95.667,34.214],[95.707,34.129],[95.826,34.052],[95.898,33.914],[95.993,33.869],[95.987,33.843],[96.147,33.763],[96.189,33.782],[96.256,33.732],[96.352,33.762],[96.398,33.702],[96.522,33.621],[96.618,33.588],[96.624,33.547],[96.701,33.547],[96.705,33.431],[96.803,33.367],[96.828,33.314],[96.964,33.348],[97.02,33.32],[97.019,33.225],[97.047,33.184],[97.134,33.133],[97.185,33.047],[97.23,33.023],[97.254,32.944],[97.361,32.897],[97.384,32.779],[97.43,32.7],[97.664,32.56],[98.014,32.464],[98.08,32.405],[98.206,32.356],[98.22,32.252],[98.309,32.129],[98.375,32.08],[98.453,31.984],[98.421,31.878],[98.445,31.804],[98.542,31.69]]}},{"type":"Feature","properties":{"name":"Rhein","rank":4},"geometry":{"type":"LineString","coordinates":[[8.881,47.656],[8.777,47.694],[8.64,47.696],[8.594,47.601],[8.354,47.581],[8.288,47.616],[8.179,47.616],[8.087,47.568],[7.912,47.561],[7.819,47.596],[7.766,47.556],[7.661,47.546],[7.521,47.671],[7.525,47.783],[7.618,48.003],[7.572,48.095],[7.613,48.179],[7.676,48.239],[7.751,48.356],[7.738,48.407],[7.801,48.548],[7.81,48.615],[7.948,48.712],[7.97,48.758],[8.102,48.822],[8.147,48.904],[8.23,48.965]]}},{"type":"Feature","properties":{"name":"Nederrijn","rank":4},"geometry":{"type":"LineString","coordinates":[[6.031,51.88],[6.031,51.881],[5.952,51.95],[5.862,51.973],[5.626,51.947],[5.505,51.982],[5.331,51.963]]}},{"type":"Feature","properties":{"name":"Lek","rank":4},"geometry":{"type":"LineString","coordinates":[[5.331,51.963],[5.197,51.966],[5.105,52.004],[4.917,51.947],[4.831,51.947],[4.681,51.898],[4.509,51.919],[4.341,51.896],[4.238,51.919],[4.098,51.989]]}},{"type":"Feature","properties":{"name":"Gharraf Canal","rank":4},"geometry":{"type":"LineString","coordinates":[[45.809,32.502],[45.807,32.464],[45.931,32.407],[45.92,32.286],[46,32.216],[46.016,32.149],[45.965,32.026],[45.956,31.941],[46.05,31.888],[46.09,31.823],[46.123,31.526],[46.189,31.388],[46.273,31.276],[46.334,31.252],[46.365,31.183],[46.418,31.162],[46.399,31.032],[46.367,30.964],[46.366,30.964]]}},{"type":"Feature","properties":{"name":"Malyy Yenisey","rank":4},"geometry":{"type":"LineString","coordinates":[[95.78,51.295],[95.743,51.37],[95.602,51.469],[95.42,51.555],[95.329,51.544],[95.197,51.582],[95.021,51.658],[94.918,51.632],[94.788,51.695],[94.465,51.734]]}},{"type":"Feature","properties":{"name":"Verkhniy Yenisey","rank":4},"geometry":{"type":"LineString","coordinates":[[91.511,53.735],[91.443,53.799],[91.459,53.932],[91.559,54.029],[91.526,54.132],[91.38,54.311],[91.294,54.382],[91.26,54.511],[90.959,54.64],[90.934,54.667],[90.951,54.887],[91.035,55.002],[91.166,55.058],[91.347,55.064],[91.534,55.107],[91.75,55.137],[92.107,55.221],[92.207,55.282],[92.318,55.388],[92.408,55.503]]}},{"type":"Feature","properties":{"name":"Verkhniy Yenisey","rank":4},"geometry":{"type":"LineString","coordinates":[[92.998,58.1],[92.993,58.092],[93.028,58.018],[93.131,58.025],[93.156,57.957],[93.234,57.873],[93.284,57.63],[93.327,57.564],[93.251,57.486],[93.25,57.347],[93.289,57.305],[93.402,57.268],[93.448,57.223],[93.464,57.11],[93.375,57.01],[93.474,56.834],[93.603,56.801],[93.594,56.757],[93.664,56.681],[93.746,56.643],[93.774,56.521],[93.687,56.479],[93.704,56.421],[93.595,56.376],[93.577,56.319],[93.423,56.28],[93.404,56.209],[93.158,56.14],[93.176,56.092],[93.065,56.08],[92.929,56.013],[92.709,55.975],[92.467,55.962],[92.353,55.969],[92.28,55.922],[92.244,55.852],[92.277,55.803],[92.459,55.745],[92.504,55.629],[92.408,55.503]]}},{"type":"Feature","properties":{"name":"Verkhniy Yenisey","rank":4},"geometry":{"type":"LineString","coordinates":[[94.465,51.734],[94.287,51.678],[94.236,51.637],[94.08,51.576],[93.939,51.561],[93.824,51.59],[93.618,51.59],[93.498,51.569],[93.327,51.604],[93.011,51.611],[92.929,51.583],[92.788,51.578],[92.519,51.634],[92.334,51.717],[92.25,51.73],[92.148,51.782],[92.14,51.84],[91.977,51.96],[92.005,51.994],[92.343,52.169],[92.478,52.348],[92.355,52.437],[92.299,52.502],[92.325,52.565],[92.286,52.609],[92.203,52.621],[92.111,52.57],[91.946,52.619],[91.814,52.588],[91.75,52.604],[91.75,52.68],[91.668,52.702],[91.476,52.655],[91.382,52.691],[91.324,52.769],[91.362,52.821],[91.477,52.899],[91.518,52.987],[91.448,53.084],[91.475,53.154],[91.727,53.18],[91.791,53.248],[91.959,53.374],[91.909,53.457],[91.809,53.478],[91.749,53.535],[91.682,53.536],[91.626,53.606],[91.545,53.646],[91.589,53.714],[91.511,53.735]]}},{"type":"Feature","properties":{"name":"Nu","rank":4},"geometry":{"type":"LineString","coordinates":[[96.596,30.448],[96.682,30.45],[96.695,30.35],[96.865,30.239],[96.938,30.234],[97.003,30.195],[97.053,30.196],[97.169,30.113],[97.223,30.104],[97.327,29.99],[97.358,29.899],[97.418,29.861],[97.447,29.773],[97.438,29.702],[97.504,29.603],[97.561,29.548],[97.581,29.486],[97.704,29.451],[97.724,29.423],[97.848,29.372],[97.898,29.328],[97.944,29.194],[97.993,29.116],[98.082,29.019],[98.103,28.921],[98.182,28.818],[98.29,28.768],[98.359,28.678],[98.371,28.544],[98.439,28.493],[98.445,28.339],[98.47,28.298],[98.485,28.13],[98.569,28.096],[98.653,28.002],[98.686,27.867],[98.675,27.771],[98.732,27.669],[98.83,27.561],[98.809,27.462],[98.886,27.261],[98.869,27.174],[98.898,26.455],[98.892,26.382],[98.859,26.336],[98.872,26.281],[98.843,26.084],[98.853,26.048],[98.837,25.92],[98.879,25.666],[98.895,25.471],[98.871,25.382],[98.877,25.324],[98.843,25.286],[98.859,25.199],[98.843,25.073],[98.905,24.919],[98.889,24.902],[98.955,24.746],[99.049,24.68],[99.058,24.625],[99.025,24.49],[98.979,24.415],[99.047,24.384],[99.101,24.268],[98.999,24.243],[98.855,24.139],[98.716,24.122],[98.493,24.047],[98.412,23.963],[98.425,23.878],[98.473,23.814],[98.549,23.769],[98.6,23.71],[98.649,23.609],[98.59,23.504],[98.618,23.446],[98.72,23.388],[98.724,23.262],[98.641,23.228],[98.588,23.241],[98.511,23.206],[98.516,23.153],[98.565,23.076],[98.494,23.028],[98.518,22.97],[98.665,22.901],[98.661,22.859],[98.545,22.823],[98.522,22.782],[98.542,22.709],[98.645,22.48],[98.569,22.288],[98.631,22.158],[98.698,22.087],[98.756,22.063],[98.726,21.98],[98.555,21.879],[98.551,21.838],[98.585,21.715],[98.645,21.63],[98.649,21.581],[98.569,21.514],[98.625,21.417],[98.673,21.39],[98.679,21.304],[98.713,21.239],[98.703,21.179],[98.783,21.102],[98.796,21.043],[98.741,20.992],[98.639,20.991],[98.607,20.96],[98.508,20.951]]}},{"type":"Feature","properties":{"name":"Hongshui","rank":4},"geometry":{"type":"LineString","coordinates":[[106.97,25.241],[106.982,25.134],[107.032,25.036],[107.086,24.997],[107.156,25.009],[107.195,24.944],[107.246,24.915],[107.317,24.83],[107.334,24.741],[107.31,24.696],[107.345,24.623],[107.456,24.509],[107.522,24.362],[107.58,24.346],[107.608,24.303],[107.608,24.214],[107.533,24.173],[107.486,24.115],[107.521,24.003],[107.628,23.937],[107.699,23.96],[107.782,23.862],[107.841,23.74],[108.012,23.754],[108.051,23.817],[108.163,23.836],[108.19,23.878],[108.26,23.91],[108.28,23.967],[108.403,24.048],[108.503,24.005],[108.567,24.008],[108.65,23.951],[108.701,23.871],[108.797,23.836],[108.87,23.829],[108.91,23.659],[108.964,23.634],[109.017,23.667],[109.211,23.728],[109.261,23.681],[109.342,23.706],[109.429,23.772],[109.431,23.851],[109.529,23.796]]}},{"type":"Feature","properties":{"name":"Quan","rank":4},"geometry":{"type":"LineString","coordinates":[[109.529,23.796],[109.664,23.659],[109.636,23.611],[109.684,23.582],[109.745,23.465],[109.815,23.485],[109.853,23.429],[109.952,23.419],[109.998,23.467],[110.089,23.405]]}},{"type":"Feature","properties":{"name":"Xun","rank":4},"geometry":{"type":"LineString","coordinates":[[110.089,23.408],[110.163,23.475],[110.169,23.53],[110.221,23.589],[110.288,23.579],[110.313,23.54],[110.397,23.532],[110.462,23.487],[110.581,23.459],[110.693,23.447],[110.786,23.472],[110.852,23.432],[110.895,23.372],[110.963,23.416],[111.071,23.453],[111.231,23.433],[111.301,23.481]]}},{"type":"Feature","properties":{"name":"Mountain Nile","rank":1},"geometry":{"type":"LineString","coordinates":[[32.016,3.614],[31.865,3.799],[31.683,3.969],[31.61,4.055],[31.522,4.241],[31.508,4.365],[31.533,4.499],[31.503,4.581],[31.593,4.681],[31.604,4.826],[31.721,5.106],[31.764,5.236],[31.749,5.41],[31.796,5.533],[31.794,5.613],[31.767,5.759],[31.666,5.942],[31.621,5.971],[31.585,6.08],[31.541,6.126],[31.475,6.335],[31.411,6.412],[31.39,6.499],[31.345,6.519],[31.318,6.622],[31.148,6.83]]}},{"type":"Feature","properties":{"name":"Rhine","rank":4},"geometry":{"type":"LineString","coordinates":[[8.23,48.965],[8.357,49.109],[8.387,49.232],[8.48,49.297],[8.494,49.442],[8.408,49.555],[8.36,49.664],[8.439,49.726],[8.34,49.891],[8.335,49.959],[8.228,50.038],[8.174,50.046],[7.918,49.974],[7.765,50.064],[7.72,50.158],[7.651,50.179],[7.588,50.241],[7.648,50.268],[7.591,50.332],[7.581,50.411],[7.463,50.425],[7.333,50.487],[7.213,50.596],[7.175,50.699],[6.976,50.84],[6.969,51.024],[6.894,51.069],[6.846,51.16],[6.723,51.212],[6.73,51.326],[6.654,51.36],[6.739,51.407],[6.689,51.475],[6.719,51.507],[6.656,51.572],[6.592,51.577],[6.586,51.659],[6.511,51.664],[6.342,51.766],[6.278,51.821],[6.084,51.854],[6.031,51.881],[5.86,51.851],[5.719,51.894],[5.462,51.892],[5.374,51.818],[4.985,51.824]]}},{"type":"Feature","properties":{"name":"Waal","rank":4},"geometry":{"type":"LineString","coordinates":[[4.985,51.824],[4.909,51.83],[4.79,51.803],[4.676,51.719]]}},{"type":"Feature","properties":{"name":"Waal","rank":4},"geometry":{"type":"LineString","coordinates":[[4.403,51.708],[4.324,51.729],[4.078,51.844]]}},{"type":"Feature","properties":{"name":"Braco Menor","rank":4},"geometry":{"type":"LineString","coordinates":[[-50.484,-12.846],[-50.484,-12.845],[-50.45,-12.696],[-50.353,-12.565],[-50.362,-12.541],[-50.223,-12.435],[-50.159,-12.404],[-50.098,-12.337],[-50.128,-12.243],[-50.082,-12.183],[-50.079,-12.123],[-50.025,-12.051],[-49.98,-12.088],[-49.92,-12.069],[-49.935,-11.992],[-49.897,-11.92],[-49.947,-11.798],[-49.908,-11.671],[-49.901,-11.566],[-49.867,-11.552],[-49.894,-11.466],[-49.873,-11.41],[-49.915,-11.345],[-49.942,-11.225],[-49.922,-11.167],[-49.991,-10.941],[-49.97,-10.872],[-49.96,-10.702],[-49.991,-10.653],[-49.942,-10.539],[-49.954,-10.376],[-49.974,-10.345],[-49.942,-10.266],[-49.97,-10.164],[-49.997,-10.126],[-50.013,-10.018],[-50.041,-9.966],[-50.111,-9.947],[-50.114,-9.879],[-50.161,-9.866],[-50.175,-9.73]]}},{"type":"Feature","properties":{"name":"Salween","rank":4},"geometry":{"type":"LineString","coordinates":[[98.508,20.951],[98.492,20.877],[98.512,20.748],[98.593,20.612],[98.65,20.485],[98.644,20.378],[98.696,20.294],[98.679,20.184],[98.566,20.15],[98.505,20.096],[98.4,20.08],[98.234,19.999],[98.141,19.99],[98.02,19.953],[97.918,19.965],[97.877,19.951],[97.83,19.862],[97.751,19.847],[97.74,19.78],[97.663,19.705],[97.633,19.547],[97.585,19.42],[97.539,19.392],[97.535,19.15],[97.49,19.05],[97.477,18.902],[97.432,18.82],[97.327,18.851],[97.335,18.711],[97.379,18.521],[97.443,18.404],[97.452,18.334],[97.528,18.266],[97.56,18.328],[97.637,18.307],[97.618,18.242],[97.68,18.153],[97.692,18.07],[97.754,17.969],[97.685,17.881],[97.676,17.815],[97.713,17.69],[97.721,17.592],[97.771,17.493],[97.76,17.406],[97.691,17.361],[97.675,17.323],[97.674,17.183],[97.613,17.056],[97.64,16.933],[97.617,16.829],[97.629,16.802],[97.605,16.684],[97.674,16.555]]}},{"type":"Feature","properties":{"name":null,"rank":5},"geometry":{"type":"LineString","coordinates":[[-72.991,46.177],[-73.108,46.154],[-73.179,46.053]]}},{"type":"Feature","properties":{"name":"Ebro","rank":5},"geometry":{"type":"LineString","coordinates":[[-4.309,43.017],[-4.228,43.027],[-4.073,42.998],[-4.037,42.94],[-4.045,42.843],[-3.984,42.813],[-3.854,42.854],[-3.704,42.815],[-3.688,42.907],[-3.6,42.907],[-3.571,42.864],[-3.428,42.794],[-3.334,42.804],[-3.12,42.769],[-3.064,42.785],[-2.853,42.665],[-2.827,42.59],[-2.748,42.585],[-2.709,42.539],[-2.618,42.508],[-2.492,42.52],[-2.343,42.483],[-2.279,42.49],[-2.206,42.446],[-2.077,42.442],[-2.033,42.393],[-1.977,42.393],[-1.862,42.284],[-1.655,42.204],[-1.585,42.153],[-1.578,42.089],[-1.411,41.996],[-1.291,41.892],[-1.138,41.808],[-1.062,41.797],[-0.727,41.585],[-0.624,41.561],[-0.489,41.475],[-0.394,41.32],[-0.286,41.321],[0.005,41.272],[0.128,41.347],[0.135,41.398],[0.229,41.414],[0.365,41.352],[0.354,41.256],[0.482,41.262],[0.569,41.247],[0.582,41.186],[0.637,41.167],[0.657,41.077],[0.5,40.955],[0.528,40.817],[0.568,40.751],[0.63,40.721],[0.795,40.708],[0.874,40.728]]}},{"type":"Feature","properties":{"name":"Mississippi","rank":5},"geometry":{"type":"LineString","coordinates":[[-94.507,47.456],[-94.508,47.457],[-94.637,47.44]]}},{"type":"Feature","properties":{"name":"Mississippi","rank":5},"geometry":{"type":"LineString","coordinates":[[-94.326,47.406],[-94.266,47.405],[-94.16,47.475],[-94.094,47.433]]}},{"type":"Feature","properties":{"name":"Mississippi","rank":5},"geometry":{"type":"LineString","coordinates":[[-94.508,47.457],[-94.369,47.433],[-94.326,47.406]]}},{"type":"Feature","properties":{"name":"Mississippi","rank":5},"geometry":{"type":"LineString","coordinates":[[-94.094,47.433],[-94.001,47.338],[-93.917,47.3],[-93.801,47.315],[-93.815,47.233],[-93.635,47.259],[-93.466,47.195],[-93.402,47.119],[-93.38,47.055],[-93.285,47.013],[-93.382,46.868],[-93.365,46.806],[-93.443,46.739],[-93.541,46.693],[-93.615,46.684],[-93.662,46.595],[-93.717,46.553],[-93.853,46.587],[-93.956,46.553],[-94.04,46.574],[-94.084,46.535],[-94.108,46.451],[-94.193,46.378],[-94.351,46.284],[-94.41,46.218],[-94.355,46.108],[-94.398,45.933],[-94.369,45.841],[-94.232,45.724],[-94.188,45.599],[-94.105,45.456],[-94.011,45.404],[-93.936,45.389],[-93.788,45.308],[-93.597,45.3],[-93.494,45.233],[-93.437,45.22],[-93.32,45.149],[-93.293,45.039],[-93.224,44.961],[-93.203,44.901],[-93.08,44.943],[-92.987,44.79],[-92.896,44.782],[-92.731,44.711],[-92.585,44.608],[-92.394,44.58],[-92.273,44.466],[-92.103,44.437],[-91.95,44.336],[-91.837,44.182],[-91.663,44.073],[-91.541,44.065],[-91.426,44.022],[-91.361,43.945],[-91.295,43.919],[-91.281,43.821],[-91.249,43.769],[-91.251,43.474],[-91.197,43.366],[-91.111,43.34],[-91.085,43.28],[-91.168,43.16],[-91.131,42.911],[-91.086,42.853],[-91.046,42.742],[-90.967,42.702],[-90.703,42.655],[-90.635,42.56],[-90.654,42.49],[-90.463,42.376],[-90.415,42.318],[-90.403,42.245],[-90.17,42.116],[-90.14,42.03],[-90.201,41.814],[-90.305,41.748],[-90.347,41.665],[-90.346,41.605],[-90.441,41.543],[-90.603,41.51],[-90.705,41.451],[-90.992,41.434],[-91.055,41.383],[-91.099,41.256],[-91.082,41.19],[-90.998,41.147],[-90.952,41.075],[-90.967,40.946],[-91.094,40.824],[-91.127,40.702],[-91.188,40.653],[-91.383,40.599],[-91.411,40.545],[-91.375,40.51],[-91.383,40.393],[-91.473,40.358],[-91.496,40.313],[-91.519,40.175],[-91.493,40.009],[-91.446,39.948],[-91.449,39.866],[-91.392,39.803],[-91.355,39.711],[-91.104,39.533],[-91.051,39.452],[-90.82,39.32],[-90.73,39.201],[-90.703,39.101],[-90.703,38.995],[-90.658,38.921],[-90.585,38.878],[-90.479,38.959],[-90.428,38.967],[-90.282,38.926],[-90.144,38.857],[-90.132,38.819]]}},{"type":"Feature","properties":{"name":"Mississippi","rank":5},"geometry":{"type":"LineString","coordinates":[[-95.18,47.216],[-95.258,47.331],[-95.222,47.395],[-95.149,47.45],[-94.986,47.445],[-94.835,47.499],[-94.724,47.451],[-94.637,47.44]]}},{"type":"Feature","properties":{"name":"Stikine","rank":5},"geometry":{"type":"LineString","coordinates":[[-128.13,57.292],[-128.028,57.349],[-127.876,57.396],[-127.647,57.385],[-127.594,57.406],[-127.564,57.485],[-127.68,57.597],[-127.619,57.714],[-127.872,57.714],[-128.084,57.727],[-128.215,57.858],[-128.52,57.989],[-128.6,57.961],[-128.962,57.94],[-129.181,57.94],[-129.508,57.917],[-129.595,57.929],[-129.705,57.984],[-129.872,58.035],[-130.092,58.05],[-130.284,58.131],[-130.438,58.149],[-130.545,58.123],[-130.651,58.139],[-130.748,58.079],[-131.029,58.009],[-131.134,57.923],[-131.376,57.855],[-131.411,57.783],[-131.698,57.616],[-131.775,57.501],[-131.787,57.42],[-131.763,57.325],[-131.846,57.311],[-131.835,57.25],[-131.69,57.131],[-131.772,57.07],[-131.789,56.937],[-131.76,56.883],[-131.771,56.72],[-131.894,56.675],[-132.102,56.717],[-132.171,56.715],[-132.311,56.639]]}},{"type":"Feature","properties":{"name":"San Juan","rank":5},"geometry":{"type":"LineString","coordinates":[[-84.77,11.118],[-84.84,11.108],[-84.913,11.163],[-85.047,11.237],[-85.108,11.293],[-85.419,11.653],[-85.535,11.75],[-85.606,11.844],[-85.685,11.9],[-85.785,11.995],[-85.871,12.098]]}},{"type":"Feature","properties":{"name":"San Juan","rank":5},"geometry":{"type":"LineString","coordinates":[[-86.105,12.208],[-86.055,12.192],[-85.987,12.132],[-85.871,12.098]]}},{"type":"Feature","properties":{"name":"San Juan","rank":5},"geometry":{"type":"LineString","coordinates":[[-84.769,11.118],[-84.673,11.126],[-84.603,11.076],[-84.395,11.019],[-84.347,10.99],[-84.312,10.92],[-84.209,10.861],[-84.192,10.782],[-84.138,10.789],[-84.077,10.764],[-84.024,10.787],[-83.934,10.718],[-83.664,10.807],[-83.672,10.923],[-83.644,10.926]]}},{"type":"Feature","properties":{"name":"Yangtze","rank":1},"geometry":{"type":"LineString","coordinates":[[98.542,31.69],[98.592,31.599],[98.885,31.354],[98.768,31.23],[98.683,31.316],[98.611,31.256],[98.62,31.188],[98.693,31.125],[98.721,31.066],[98.803,30.991],[98.775,30.902],[98.898,30.779],[98.954,30.748],[98.905,30.664],[98.932,30.579],[98.933,30.491],[98.96,30.46],[98.987,30.144],[99.034,30.055],[99.056,29.915],[99.005,29.82],[98.987,29.651],[99.042,29.562],[99.062,29.308],[99.108,29.224],[99.104,29.092],[99.121,28.965],[99.099,28.856],[99.117,28.709],[99.169,28.602],[99.178,28.482],[99.162,28.438],[99.274,28.277],[99.381,28.184],[99.399,28.126]]}},{"type":"Feature","properties":{"name":"Yangtze","rank":1},"geometry":{"type":"LineString","coordinates":[[99.399,28.12],[99.405,28.001],[99.45,27.906],[99.441,27.75],[99.521,27.605],[99.56,27.563],[99.556,27.509],[99.645,27.386],[99.653,27.318],[99.802,27.196],[99.948,27.029],[99.963,26.921],[99.989,26.889],[100.063,26.958],[100.085,27.069],[100.063,27.174],[100.116,27.209],[100.238,27.342],[100.193,27.486],[100.296,27.691],[100.3,27.832],[100.42,27.838],[100.433,27.743],[100.465,27.671],[100.449,27.499],[100.543,27.439],[100.524,27.4],[100.552,27.255],[100.495,27.188],[100.497,27.124],[100.454,27.03],[100.466,26.953],[100.452,26.826],[100.398,26.804],[100.419,26.674],[100.427,26.519],[100.461,26.403],[100.413,26.3],[100.447,26.228],[100.548,26.229],[100.612,26.201],[100.794,26.185],[100.831,26.206],[100.901,26.171],[100.988,26.27],[101.126,26.345],[101.423,26.393],[101.472,26.446],[101.448,26.519],[101.518,26.591],[101.619,26.598],[101.698,26.565],[101.806,26.601],[101.846,26.572],[101.886,26.475],[101.948,26.413],[101.942,26.327],[101.904,26.238],[101.917,26.211],[101.845,26.139],[101.839,25.983],[102.084,26],[102.102,26.071],[102.145,26.132],[102.252,26.229],[102.358,26.263],[102.4,26.312],[102.503,26.338],[102.568,26.379],[102.626,26.345],[102.61,26.26],[102.667,26.226],[102.72,26.238],[102.767,26.293],[102.878,26.365],[102.951,26.345],[103.003,26.4],[102.996,26.485],[103.058,26.536],[102.975,26.831],[102.901,26.925],[102.878,27.032],[102.914,27.112],[102.889,27.291],[102.977,27.389],[103.121,27.412],[103.16,27.497],[103.218,27.567],[103.285,27.581],[103.286,27.634],[103.415,27.743],[103.508,27.864],[103.514,27.971],[103.489,28.038],[103.434,28.068],[103.459,28.135],[103.538,28.184],[103.572,28.243],[103.666,28.263],[103.709,28.216],[103.789,28.255],[103.88,28.326],[103.859,28.401],[103.795,28.531],[103.851,28.668]]}},{"type":"Feature","properties":{"name":"Elbe","rank":5},"geometry":{"type":"LineString","coordinates":[[10.065,53.463],[9.997,53.542],[9.826,53.55]]}},{"type":"Feature","properties":{"name":"Elbe","rank":5},"geometry":{"type":"LineString","coordinates":[[10.065,53.463],[9.819,53.54]]}},{"type":"Feature","properties":{"name":"Elbe","rank":5},"geometry":{"type":"LineString","coordinates":[[10.066,53.461],[10.065,53.463]]}},{"type":"Feature","properties":{"name":"Elbe","rank":5},"geometry":{"type":"LineString","coordinates":[[12.502,51.879],[12.373,51.851],[12.307,51.892],[12.03,51.87],[11.842,52.015],[11.746,52.029],[11.656,52.128],[11.704,52.238],[11.804,52.337],[11.865,52.343],[11.971,52.412],[11.998,52.458],[11.973,52.536],[12.042,52.757],[12.019,52.875],[11.832,52.928],[11.763,52.995],[11.417,53.081],[11.327,53.072],[11.225,53.153],[11.089,53.144],[10.93,53.228],[10.739,53.308],[10.675,53.374],[10.569,53.364],[10.386,53.424],[10.285,53.432],[10.186,53.404],[10.065,53.463]]}},{"type":"Feature","properties":{"name":"Elbe","rank":5},"geometry":{"type":"LineString","coordinates":[[13.191,51.474],[13.02,51.549],[13.027,51.597],[12.849,51.672],[12.815,51.733],[12.822,51.829],[12.502,51.879]]}},{"type":"Feature","properties":{"name":"Elbe","rank":5},"geometry":{"type":"LineString","coordinates":[[15.583,50.693],[15.638,50.576],[15.733,50.541],[15.737,50.466],[15.884,50.404],[15.918,50.37]]}},{"type":"Feature","properties":{"name":"Elbe","rank":5},"geometry":{"type":"LineString","coordinates":[[15.918,50.37],[15.83,50.263],[15.778,50.049],[15.621,50.041],[15.384,50.048],[15.261,50.021],[15.19,50.04],[15.145,50.13],[15.065,50.178],[14.973,50.165],[14.684,50.182],[14.569,50.233],[14.456,50.394],[14.36,50.47],[14.242,50.435],[14.228,50.507],[14.13,50.535],[14.074,50.519],[14.028,50.583],[14.046,50.648],[14.198,50.699],[14.189,50.755],[14.24,50.802],[14.202,50.909],[14.07,50.96],[13.908,50.964],[13.804,51.066],[13.753,51.063],[13.562,51.117],[13.403,51.214],[13.38,51.299],[13.299,51.313],[13.208,51.408],[13.184,51.474]]}},{"type":"Feature","properties":{"name":"Thelon","rank":5},"geometry":{"type":"LineString","coordinates":[[-97.103,64.761],[-97.157,64.712],[-97.288,64.707],[-97.42,64.75],[-97.62,64.768],[-97.793,64.723],[-98.101,64.709],[-98.233,64.659],[-98.357,64.685],[-98.424,64.644],[-98.458,64.552],[-98.598,64.566],[-98.731,64.499],[-99.014,64.471],[-99.095,64.556],[-99.215,64.586],[-99.327,64.569],[-99.766,64.591],[-99.889,64.641],[-100.029,64.657],[-100.15,64.631],[-100.221,64.572],[-100.356,64.569],[-100.589,64.6],[-100.795,64.604]]}},{"type":"Feature","properties":{"name":"Thelon","rank":5},"geometry":{"type":"LineString","coordinates":[[-101.811,64.411],[-101.771,64.453],[-101.536,64.493]]}},{"type":"Feature","properties":{"name":"Thelon","rank":5},"geometry":{"type":"LineString","coordinates":[[-96.273,64.301],[-96.021,64.276],[-95.906,64.21],[-95.724,64.181],[-95.448,64.158],[-95.018,64.169],[-94.834,64.146],[-94.644,64.054],[-94.387,64.027],[-94.225,64.076]]}},{"type":"Feature","properties":{"name":"Thelon","rank":5},"geometry":{"type":"LineString","coordinates":[[-104.834,63.071],[-104.694,63.147],[-104.706,63.27]]}},{"type":"Feature","properties":{"name":"Thelon","rank":5},"geometry":{"type":"LineString","coordinates":[[-97.103,64.761],[-97.038,64.778],[-96.822,64.74],[-96.744,64.698],[-96.575,64.658],[-96.514,64.593],[-96.474,64.434],[-96.273,64.301]]}},{"type":"Feature","properties":{"name":"Thelon","rank":5},"geometry":{"type":"LineString","coordinates":[[-101.536,64.493],[-101.472,64.535],[-101.249,64.507],[-100.877,64.557],[-100.795,64.604]]}},{"type":"Feature","properties":{"name":"Thelon","rank":5},"geometry":{"type":"LineString","coordinates":[[-94.224,64.076],[-93.985,64.048],[-93.766,63.993]]}},{"type":"Feature","properties":{"name":"Thelon","rank":5},"geometry":{"type":"LineString","coordinates":[[-104.706,63.27],[-104.673,63.379],[-104.593,63.476],[-104.428,63.623],[-104.476,63.665],[-104.296,63.812],[-104.163,63.817],[-103.968,63.908],[-103.863,64.031],[-103.698,64.175],[-103.69,64.245],[-103.496,64.309],[-103.121,64.324],[-103.059,64.341],[-102.901,64.306],[-102.686,64.289],[-102.657,64.2],[-102.597,64.162],[-102.142,64.202],[-102.02,64.258],[-101.924,64.267],[-101.851,64.322],[-101.811,64.411]]}},{"type":"Feature","properties":{"name":"Thelon","rank":5},"geometry":{"type":"LineString","coordinates":[[-105.942,62.356],[-105.786,62.384],[-105.676,62.377],[-105.6,62.421],[-105.47,62.431],[-105.314,62.408],[-105.166,62.454],[-104.624,62.432],[-104.506,62.471],[-104.526,62.524],[-104.629,62.578],[-104.786,62.699],[-104.73,62.739],[-104.856,62.829],[-104.719,62.932],[-104.857,62.967],[-104.834,63.071]]}},{"type":"Feature","properties":{"name":null,"rank":5},"geometry":{"type":"LineString","coordinates":[[-95.497,64.051],[-95.448,64.158],[-95.447,64.158]]}},{"type":"Feature","properties":{"name":null,"rank":5},"geometry":{"type":"LineString","coordinates":[[-95.878,63.656],[-96.075,63.663],[-96.136,63.634],[-96.442,63.598],[-96.566,63.612],[-96.768,63.602],[-96.952,63.637]]}},{"type":"Feature","properties":{"name":null,"rank":5},"geometry":{"type":"LineString","coordinates":[[-97.459,63.157],[-97.451,63.224],[-97.375,63.299],[-97.288,63.514],[-97.287,63.514]]}},{"type":"Feature","properties":{"name":null,"rank":5},"geometry":{"type":"LineString","coordinates":[[-102.66,62.76],[-102.687,62.672],[-102.601,62.553],[-102.651,62.448],[-102.735,62.411]]}},{"type":"Feature","properties":{"name":null,"rank":5},"geometry":{"type":"LineString","coordinates":[[-101.526,62.664],[-101.541,62.833],[-101.7,62.947],[-101.838,62.971],[-102.035,62.925]]}},{"type":"Feature","properties":{"name":null,"rank":5},"geometry":{"type":"LineString","coordinates":[[-98.35,62.616],[-98.261,62.654],[-98.258,62.725],[-98.075,62.743],[-97.766,62.752],[-97.72,62.769],[-97.688,62.888],[-97.63,62.979]]}},{"type":"Feature","properties":{"name":null,"rank":5},"geometry":{"type":"LineString","coordinates":[[-101.831,62.52],[-101.852,62.428],[-101.781,62.307],[-101.7,62.275],[-101.555,62.35],[-101.366,62.35]]}},{"type":"Feature","properties":{"name":null,"rank":5},"geometry":{"type":"LineString","coordinates":[[-100.552,62.355],[-100.347,62.307],[-100.28,62.313],[-100.054,62.216],[-99.915,62.184],[-99.828,62.202],[-99.667,62.3],[-99.618,62.301],[-99.617,62.3]]}},{"type":"Feature","properties":{"name":null,"rank":5},"geometry":{"type":"LineString","coordinates":[[-101.318,62.345],[-101.074,62.401],[-100.928,62.366],[-100.735,62.356]]}},{"type":"Feature","properties":{"name":null,"rank":5},"geometry":{"type":"LineString","coordinates":[[-102.919,62.319],[-102.905,62.269],[-102.734,62.232],[-102.707,62.165],[-102.941,62.074],[-103.013,62.026],[-103.158,61.836]]}},{"type":"Feature","properties":{"name":null,"rank":5},"geometry":{"type":"LineString","coordinates":[[-103.22,61.681],[-103.183,61.63],[-103.347,61.545],[-103.447,61.366]]}},{"type":"Feature","properties":{"name":null,"rank":5},"geometry":{"type":"LineString","coordinates":[[-95.878,63.656],[-95.791,63.654],[-95.756,63.764],[-95.677,63.774],[-95.677,63.869],[-95.49,63.984],[-95.497,64.05]]}},{"type":"Feature","properties":{"name":null,"rank":5},"geometry":{"type":"LineString","coordinates":[[-97.288,63.514],[-97.287,63.514],[-97.218,63.593],[-97.1,63.589],[-97.055,63.658]]}},{"type":"Feature","properties":{"name":null,"rank":5},"geometry":{"type":"LineString","coordinates":[[-97.63,62.979],[-97.603,63.07],[-97.459,63.157]]}},{"type":"Feature","properties":{"name":null,"rank":5},"geometry":{"type":"LineString","coordinates":[[-102.035,62.925],[-102.146,62.911],[-102.221,62.827],[-102.407,62.782],[-102.66,62.76]]}},{"type":"Feature","properties":{"name":null,"rank":5},"geometry":{"type":"LineString","coordinates":[[-101.831,62.52],[-101.725,62.597],[-101.591,62.616],[-101.529,62.664]]}},{"type":"Feature","properties":{"name":null,"rank":5},"geometry":{"type":"LineString","coordinates":[[-102.737,62.41],[-102.866,62.367],[-102.919,62.319]]}},{"type":"Feature","properties":{"name":null,"rank":5},"geometry":{"type":"LineString","coordinates":[[-100.735,62.356],[-100.552,62.355]]}},{"type":"Feature","properties":{"name":null,"rank":5},"geometry":{"type":"LineString","coordinates":[[-101.366,62.35],[-101.318,62.345]]}},{"type":"Feature","properties":{"name":null,"rank":5},"geometry":{"type":"LineString","coordinates":[[-99.618,62.301],[-99.537,62.274],[-99.093,62.24],[-98.799,62.273],[-98.66,62.231],[-98.533,62.224],[-98.315,62.261],[-98.186,62.26],[-98.158,62.301],[-98.255,62.397],[-98.244,62.495],[-98.348,62.57],[-98.35,62.616]]}},{"type":"Feature","properties":{"name":null,"rank":5},"geometry":{"type":"LineString","coordinates":[[-103.158,61.836],[-103.261,61.752],[-103.22,61.681]]}},{"type":"Feature","properties":{"name":null,"rank":5},"geometry":{"type":"LineString","coordinates":[[-103.447,61.366],[-103.475,61.255],[-103.717,61.152],[-103.774,61.083],[-103.717,60.952]]}},{"type":"Feature","properties":{"name":"Colorado","rank":5},"geometry":{"type":"LineString","coordinates":[[-105.816,40.176],[-105.861,40.165]]}},{"type":"Feature","properties":{"name":"Colorado","rank":5},"geometry":{"type":"LineString","coordinates":[[-110.368,37.898],[-110.454,37.802],[-110.428,37.764],[-110.478,37.672],[-110.586,37.599],[-110.652,37.502],[-110.733,37.348],[-110.812,37.318],[-110.881,37.203],[-110.952,37.134],[-111.029,37.113],[-111.149,37.112],[-111.207,37.067],[-111.274,37.08],[-111.292,37.026],[-111.417,37.027],[-111.473,36.932]]}},{"type":"Feature","properties":{"name":"Colorado","rank":5},"geometry":{"type":"LineString","coordinates":[[-114.741,36.013],[-114.721,36.093],[-114.637,36.141],[-114.555,36.16],[-114.436,36.128],[-114.348,36.14],[-114.275,36.046],[-114.234,36.024],[-114.124,36.046],[-114.084,36.158],[-114.002,36.218],[-113.963,36.141],[-113.871,36.079],[-113.781,36.041],[-113.699,35.899],[-113.636,35.831]]}},{"type":"Feature","properties":{"name":"Colorado","rank":5},"geometry":{"type":"LineString","coordinates":[[-114.591,35.353],[-114.668,35.517],[-114.645,35.631]]}},{"type":"Feature","properties":{"name":"Colorado","rank":5},"geometry":{"type":"LineString","coordinates":[[-114.377,34.54],[-114.364,34.467],[-114.125,34.328],[-114.125,34.317]]}},{"type":"Feature","properties":{"name":"Colorado","rank":5},"geometry":{"type":"LineString","coordinates":[[-105.846,40.404],[-105.855,40.381],[-105.816,40.176]]}},{"type":"Feature","properties":{"name":"Colorado","rank":5},"geometry":{"type":"LineString","coordinates":[[-105.861,40.165],[-105.987,40.118],[-106.141,40.08],[-106.382,40.077],[-106.445,40.057],[-106.57,39.963],[-106.651,39.875],[-106.727,39.932],[-106.909,39.895],[-107.053,39.733],[-107.122,39.638],[-107.288,39.582],[-107.462,39.588],[-107.612,39.564],[-107.798,39.579],[-107.868,39.524],[-107.993,39.489],[-108.2,39.353],[-108.254,39.298],[-108.261,39.24],[-108.341,39.129],[-108.491,39.076],[-108.625,39.1],[-108.753,39.178],[-108.925,39.216],[-108.991,39.159],[-109.051,39.141],[-109.248,38.981],[-109.27,38.832],[-109.327,38.75],[-109.532,38.625],[-109.667,38.447],[-109.718,38.441],[-109.723,38.368],[-109.804,38.237],[-110.018,38.082],[-110.068,38.001],[-110.134,37.998],[-110.209,37.894],[-110.368,37.898]]}},{"type":"Feature","properties":{"name":"Colorado","rank":5},"geometry":{"type":"LineString","coordinates":[[-111.473,36.932],[-111.609,36.844],[-111.675,36.737],[-111.733,36.691],[-111.763,36.61],[-111.841,36.525],[-111.829,36.467],[-111.857,36.315],[-111.809,36.267],[-111.806,36.148],[-111.832,36.111],[-111.941,36.056],[-112.052,36.104],[-112.223,36.117],[-112.294,36.176],[-112.355,36.256],[-112.441,36.216],[-112.513,36.278],[-112.457,36.355],[-112.5,36.4],[-112.63,36.402],[-112.659,36.355],[-112.798,36.287],[-112.877,36.28]]}},{"type":"Feature","properties":{"name":"Colorado","rank":5},"geometry":{"type":"LineString","coordinates":[[-112.876,36.28],[-112.877,36.28]]}},{"type":"Feature","properties":{"name":"Colorado","rank":5},"geometry":{"type":"LineString","coordinates":[[-112.877,36.28],[-112.881,36.28]]}},{"type":"Feature","properties":{"name":"Colorado","rank":5},"geometry":{"type":"LineString","coordinates":[[-112.877,36.28],[-112.953,36.238],[-113.021,36.233],[-113.179,36.158],[-113.219,36.088],[-113.3,36.084],[-113.339,36.04],[-113.309,35.851],[-113.35,35.762],[-113.4,35.746],[-113.482,35.762],[-113.593,35.828],[-113.636,35.831]]}},{"type":"Feature","properties":{"name":"Colorado","rank":5},"geometry":{"type":"LineString","coordinates":[[-114.741,36.013],[-114.715,35.936],[-114.667,35.874],[-114.694,35.822],[-114.687,35.719],[-114.645,35.631]]}},{"type":"Feature","properties":{"name":"Colorado","rank":5},"geometry":{"type":"LineString","coordinates":[[-114.591,35.353],[-114.573,35.191],[-114.636,35.137],[-114.617,34.879],[-114.58,34.857],[-114.542,34.768],[-114.494,34.753],[-114.379,34.541]]}},{"type":"Feature","properties":{"name":"Colorado","rank":5},"geometry":{"type":"LineString","coordinates":[[-114.125,34.314],[-114.128,34.28],[-114.244,34.194],[-114.382,34.124],[-114.417,34.048],[-114.522,33.941],[-114.503,33.754],[-114.536,33.562],[-114.626,33.437],[-114.718,33.417],[-114.698,33.368],[-114.721,33.306],[-114.673,33.205],[-114.697,33.089],[-114.627,33.041],[-114.537,33.035],[-114.474,32.985],[-114.458,32.877],[-114.522,32.807],[-114.536,32.738],[-114.683,32.748],[-114.721,32.724]]}},{"type":"Feature","properties":{"name":"Colorado","rank":5},"geometry":{"type":"LineString","coordinates":[[-114.721,32.724],[-114.804,32.595],[-114.833,32.492],[-114.906,32.492],[-114.969,32.416],[-114.982,32.341],[-115.037,32.292],[-115.057,32.232],[-115.18,32.191],[-115.213,32.061],[-115.112,32.026],[-115.092,31.967],[-115.035,31.966]]}},{"type":"Feature","properties":{"name":"Grande","rank":5},"geometry":{"type":"LineString","coordinates":[[-49.385,-19.98],[-49.547,-19.93],[-49.882,-19.931],[-50.016,-19.913],[-50.152,-19.86],[-50.236,-19.872],[-50.364,-19.859],[-50.365,-19.858]]}},{"type":"Feature","properties":{"name":"Grande","rank":5},"geometry":{"type":"LineString","coordinates":[[-50.994,-20.102],[-50.871,-19.994],[-50.699,-19.937],[-50.646,-19.867],[-50.584,-19.821],[-50.583,-19.821],[-50.582,-19.82]]}},{"type":"Feature","properties":{"name":"Grande","rank":5},"geometry":{"type":"LineString","coordinates":[[-47.073,-20.284],[-46.929,-20.368],[-46.912,-20.403],[-46.828,-20.426],[-46.813,-20.46],[-46.68,-20.516],[-46.601,-20.571],[-46.587,-20.623]]}},{"type":"Feature","properties":{"name":"Grande","rank":5},"geometry":{"type":"LineString","coordinates":[[-45.221,-21.063],[-45.21,-21.122],[-45.278,-21.112],[-45.282,-21.046],[-45.386,-21.049],[-45.497,-20.999],[-45.523,-20.959],[-45.681,-20.854],[-45.683,-20.802],[-45.76,-20.698],[-45.832,-20.668],[-45.936,-20.728],[-45.996,-20.672],[-46.104,-20.697],[-46.326,-20.667]]}},{"type":"Feature","properties":{"name":"Grande","rank":5},"geometry":{"type":"LineString","coordinates":[[-44.387,-21.465],[-44.514,-21.384],[-44.536,-21.329],[-44.616,-21.318]]}},{"type":"Feature","properties":{"name":"Grande","rank":5},"geometry":{"type":"LineString","coordinates":[[-50.364,-19.859],[-50.365,-19.858],[-50.426,-19.792],[-50.525,-19.793],[-50.583,-19.821],[-50.584,-19.821]]}},{"type":"Feature","properties":{"name":"Grande","rank":5},"geometry":{"type":"LineString","coordinates":[[-47.073,-20.284],[-47.147,-20.233],[-47.224,-20.215],[-47.304,-20.12],[-47.439,-20.036],[-47.469,-19.959],[-47.653,-20.029],[-47.715,-19.975],[-47.842,-19.979],[-47.882,-20.1],[-47.949,-20.062],[-48.072,-20.151],[-48.168,-20.103],[-48.2,-20.032],[-48.244,-20.043],[-48.22,-20.114],[-48.262,-20.137],[-48.315,-20.11],[-48.401,-20.11],[-48.488,-20.131],[-48.566,-20.123],[-48.62,-20.153],[-48.716,-20.144],[-48.844,-20.164],[-48.889,-20.261],[-48.867,-20.407],[-48.901,-20.439],[-48.97,-20.401],[-48.971,-20.23],[-49.003,-20.151],[-49.042,-20.143],[-49.149,-20.295],[-49.217,-20.294],[-49.299,-20.144],[-49.307,-20.075],[-49.273,-19.968],[-49.385,-19.98]]}},{"type":"Feature","properties":{"name":"Grande","rank":5},"geometry":{"type":"LineString","coordinates":[[-46.326,-20.667],[-46.416,-20.683],[-46.454,-20.659],[-46.563,-20.646],[-46.587,-20.623]]}},{"type":"Feature","properties":{"name":"Grande","rank":5},"geometry":{"type":"LineString","coordinates":[[-44.616,-21.318],[-44.616,-21.291],[-44.709,-21.209],[-44.813,-21.204],[-44.864,-21.156],[-44.904,-21.159],[-44.956,-21.102],[-45.016,-21.121],[-45.049,-21.175],[-45.143,-21.163],[-45.147,-21.122],[-45.221,-21.063]]}},{"type":"Feature","properties":{"name":"Grande","rank":5},"geometry":{"type":"LineString","coordinates":[[-44.45,-22.155],[-44.338,-22.065],[-44.312,-22.016],[-44.255,-22.011],[-44.211,-21.947],[-44.201,-21.88],[-44.102,-21.831],[-44.066,-21.767],[-44.075,-21.688],[-44.108,-21.609],[-44.158,-21.573],[-44.184,-21.493],[-44.268,-21.482],[-44.378,-21.498],[-44.387,-21.465]]}},{"type":"Feature","properties":{"name":"Tajo","rank":5},"geometry":{"type":"LineString","coordinates":[[-2.734,40.528],[-2.733,40.528],[-2.709,40.601],[-2.65,40.674],[-2.577,40.724]]}},{"type":"Feature","properties":{"name":"Tajo","rank":5},"geometry":{"type":"LineString","coordinates":[[-5.996,39.852],[-5.803,39.792],[-5.664,39.791],[-5.544,39.828],[-5.392,39.834],[-5.276,39.791],[-5.217,39.812],[-5.215,39.812]]}},{"type":"Feature","properties":{"name":"Tajo","rank":5},"geometry":{"type":"LineString","coordinates":[[-1.66,40.556],[-1.629,40.66],[-1.683,40.763],[-1.925,40.859],[-1.988,40.833],[-2.328,40.802],[-2.451,40.733],[-2.577,40.724]]}},{"type":"Feature","properties":{"name":"Tajo","rank":5},"geometry":{"type":"LineString","coordinates":[[-2.733,40.528],[-2.767,40.521],[-2.82,40.388],[-2.886,40.362],[-2.894,40.32],[-3.149,40.098],[-3.288,40.053],[-3.543,40.05],[-3.658,40.033],[-3.779,39.954],[-3.853,39.938],[-4.037,39.866],[-4.184,39.893],[-4.328,39.826],[-4.467,39.864],[-4.574,39.934],[-4.725,39.986],[-4.845,39.961],[-4.951,39.875],[-5.003,39.81],[-5.102,39.797],[-5.217,39.812]]}},{"type":"Feature","properties":{"name":"Tajo","rank":5},"geometry":{"type":"LineString","coordinates":[[-5.996,39.852],[-6.057,39.848],[-6.167,39.797],[-6.436,39.734],[-6.575,39.761],[-6.627,39.79],[-6.823,39.782],[-6.987,39.694],[-7.118,39.682]]}},{"type":"Feature","properties":{"name":"Vistula","rank":5},"geometry":{"type":"LineString","coordinates":[[18.81,49.925],[18.937,49.932]]}},{"type":"Feature","properties":{"name":"Vistula","rank":5},"geometry":{"type":"LineString","coordinates":[[18.937,49.932],[19,49.937]]}},{"type":"Feature","properties":{"name":"Vistula","rank":5},"geometry":{"type":"LineString","coordinates":[[19,52.719],[18.907,52.844],[18.828,52.9],[18.719,52.941],[18.669,53.013],[18.609,53.001],[18.451,53.022],[18.306,53.075],[18.176,53.095],[18.229,53.232],[18.314,53.271],[18.372,53.352],[18.485,53.402],[18.681,53.44],[18.752,53.501],[18.77,53.589],[18.748,53.653],[18.855,53.726],[18.844,53.827],[18.886,53.879],[18.822,54.091],[18.862,54.184],[18.948,54.242],[18.954,54.359]]}},{"type":"Feature","properties":{"name":"Vistula","rank":5},"geometry":{"type":"LineString","coordinates":[[18.879,49.644],[18.828,49.696],[18.812,49.793],[18.761,49.899],[18.81,49.925]]}},{"type":"Feature","properties":{"name":"Sacramento","rank":5},"geometry":{"type":"LineString","coordinates":[[-122.396,40.831],[-122.369,40.763],[-122.411,40.721]]}},{"type":"Feature","properties":{"name":"Sacramento","rank":5},"geometry":{"type":"LineString","coordinates":[[-122.425,41.254],[-122.355,41.317],[-122.269,41.272],[-122.256,41.229],[-122.349,41.071],[-122.411,40.99],[-122.367,40.911],[-122.396,40.831]]}},{"type":"Feature","properties":{"name":"Sacramento","rank":5},"geometry":{"type":"LineString","coordinates":[[-122.411,40.721],[-122.448,40.697],[-122.439,40.623],[-122.362,40.584],[-122.342,40.505],[-122.187,40.437],[-122.139,40.307],[-122.204,40.184],[-122.124,40.151],[-122.087,40.009],[-122.084,39.929],[-122.028,39.879],[-122.046,39.828],[-121.942,39.706],[-121.974,39.629],[-121.975,39.527],[-122.012,39.344],[-121.985,39.234],[-121.923,39.206],[-121.868,39.087],[-121.8,39.022],[-121.827,38.955],[-121.778,38.87],[-121.72,38.86],[-121.67,38.768],[-121.608,38.782],[-121.581,38.659]]}},{"type":"Feature","properties":{"name":"Sacramento","rank":5},"geometry":{"type":"LineString","coordinates":[[-121.581,38.659],[-121.491,38.604],[-121.519,38.446],[-121.501,38.396],[-121.559,38.298],[-121.506,38.257],[-121.611,38.156],[-121.689,38.148]]}},{"type":"Feature","properties":{"name":"Tennessee","rank":5},"geometry":{"type":"LineString","coordinates":[[-87.975,35.945],[-87.992,36.038],[-87.927,36.144],[-87.95,36.263],[-88.056,36.43],[-88.034,36.523],[-88.057,36.644],[-88.193,36.918],[-88.283,37.022]]}},{"type":"Feature","properties":{"name":"Tennessee","rank":5},"geometry":{"type":"LineString","coordinates":[[-86.899,34.575],[-87.005,34.654],[-87.193,34.754],[-87.3,34.767],[-87.356,34.814],[-87.433,34.81],[-87.53,34.833],[-87.7,34.773]]}},{"type":"Feature","properties":{"name":"Tennessee","rank":5},"geometry":{"type":"LineString","coordinates":[[-88.283,37.022],[-88.335,37.057],[-88.483,37.039],[-88.554,37.054],[-88.586,37.09]]}},{"type":"Feature","properties":{"name":"Tennessee","rank":5},"geometry":{"type":"LineString","coordinates":[[-83.969,35.87],[-84.131,35.834],[-84.19,35.766],[-84.271,35.781],[-84.36,35.754],[-84.446,35.777],[-84.527,35.853],[-84.6,35.833],[-84.617,35.783],[-84.774,35.681],[-84.798,35.57],[-84.884,35.556],[-84.861,35.504],[-84.979,35.457],[-85.097,35.291],[-85.09,35.226],[-85.131,35.168],[-85.275,35.089],[-85.344,35.102],[-85.459,35.036],[-85.542,35.094],[-85.615,35.022],[-85.683,35.025],[-85.702,34.94],[-85.756,34.897],[-86.049,34.583],[-86.109,34.557],[-86.242,34.434],[-86.312,34.389],[-86.358,34.431],[-86.533,34.516],[-86.588,34.596],[-86.647,34.559],[-86.716,34.587],[-86.774,34.556],[-86.899,34.575]]}},{"type":"Feature","properties":{"name":"Tennessee","rank":5},"geometry":{"type":"LineString","coordinates":[[-87.7,34.773],[-87.775,34.747],[-87.852,34.76],[-87.965,34.886],[-88.019,34.917],[-88.083,34.907],[-88.162,34.957],[-88.207,35.062],[-88.291,35.08],[-88.317,35.161],[-88.276,35.277],[-88.119,35.384],[-88.02,35.431],[-87.971,35.534],[-88.022,35.605],[-88.03,35.737],[-87.989,35.781],[-87.932,35.918],[-87.975,35.945]]}},{"type":"Feature","properties":{"name":"White Nile","rank":1},"geometry":{"type":"LineString","coordinates":[[31.148,6.83],[31.077,6.876],[31.07,6.907],[30.971,6.96],[30.903,7.016],[30.852,7.029],[30.803,7.118],[30.755,7.143],[30.657,7.322],[30.601,7.448],[30.547,7.499],[30.57,7.538],[30.5,7.649],[30.509,7.742],[30.536,7.824],[30.486,7.923],[30.426,7.993],[30.384,8.116],[30.325,8.118],[30.308,8.192],[30.344,8.315],[30.323,8.364],[30.36,8.46],[30.275,8.559],[30.272,8.608],[30.31,8.67],[30.243,8.736],[30.235,8.87],[30.193,8.973],[30.207,9.028],[30.304,9.118],[30.364,9.226],[30.362,9.306],[30.325,9.348],[30.425,9.483],[30.523,9.54],[30.646,9.535],[30.773,9.505],[31.004,9.499],[31.125,9.432]]}},{"type":"Feature","properties":{"name":"Syr  Darya","rank":5},"geometry":{"type":"LineString","coordinates":[[61.76,46.021],[61.562,46.11]]}},{"type":"Feature","properties":{"name":"Syr  Darya","rank":5},"geometry":{"type":"LineString","coordinates":[[68.456,41.107],[68.263,41.105],[68.046,41.153],[67.965,41.25]]}},{"type":"Feature","properties":{"name":"Syr  Darya","rank":5},"geometry":{"type":"LineString","coordinates":[[70.355,40.435],[70.347,40.367],[70.306,40.35],[70.028,40.304],[69.938,40.279],[69.827,40.273]]}},{"type":"Feature","properties":{"name":"Syr  Darya","rank":5},"geometry":{"type":"LineString","coordinates":[[61.562,46.11],[61.513,46.131],[61.358,46.085],[61.257,46.039],[61.077,46.046],[61.026,46.1],[60.929,46.105],[60.878,46.137]]}},{"type":"Feature","properties":{"name":"Syr  Darya","rank":5},"geometry":{"type":"LineString","coordinates":[[67.965,41.25],[67.985,41.3],[68.104,41.365],[68.116,41.458],[68.073,41.503],[68.094,41.546],[68.054,41.599],[68.034,41.756],[68.099,41.815],[68.113,41.952],[68.153,41.967],[68.241,42.118],[68.232,42.183],[68.277,42.296],[68.247,42.31],[68.274,42.415],[68.191,42.53],[68.261,42.641],[68.233,42.804],[68.102,42.887],[68.16,42.912],[68.107,42.975],[67.838,43.092],[67.871,43.135],[67.86,43.218],[67.784,43.273],[67.808,43.33],[67.659,43.375],[67.486,43.507],[67.506,43.551],[67.403,43.682],[67.293,43.762],[67.215,43.843],[67.167,43.922],[66.924,44.004],[66.884,43.962],[66.802,43.944],[66.674,43.969],[66.525,44.025],[66.533,44.111],[66.416,44.162],[66.423,44.237],[66.317,44.304],[66.176,44.443],[66.118,44.476],[66.016,44.469],[65.957,44.491],[65.915,44.628],[65.834,44.675],[65.81,44.732],[65.662,44.752],[65.622,44.738],[65.512,44.785],[65.478,44.855],[65.345,44.923],[65.316,44.98],[65.2,44.97],[65.131,45.003],[65.06,44.991],[64.993,45.024],[64.93,44.984],[64.772,44.998],[64.663,45.059],[64.563,45.087],[64.511,45.076],[64.409,45.142],[64.33,45.224],[64.334,45.258],[64.237,45.306],[64.186,45.429],[64.114,45.471],[63.89,45.497],[63.862,45.554],[63.91,45.62],[63.757,45.682],[63.782,45.745],[63.689,45.752],[63.624,45.723],[63.442,45.683],[63.304,45.614],[63.145,45.602],[63.123,45.656],[63.042,45.704],[62.887,45.737],[62.853,45.697],[62.661,45.724],[62.607,45.834],[62.526,45.779],[62.407,45.779],[62.309,45.736],[62.254,45.763],[62.105,45.751],[61.955,45.673],[61.9,45.724],[61.736,45.752],[61.691,45.812],[61.736,45.896],[61.828,45.916],[61.832,45.985],[61.76,46.021]]}},{"type":"Feature","properties":{"name":"Syr  Darya","rank":5},"geometry":{"type":"LineString","coordinates":[[69.827,40.273],[69.802,40.304],[69.637,40.312],[69.567,40.252],[69.385,40.213],[69.316,40.215],[69.178,40.276],[69.116,40.331],[69.096,40.42],[69.124,40.459],[69.075,40.523],[69.096,40.573],[69.054,40.658],[68.993,40.653],[68.893,40.772],[68.815,40.831],[68.74,40.845],[68.7,40.916],[68.633,40.968],[68.615,41.028],[68.557,41.019],[68.456,41.107]]}},{"type":"Feature","properties":{"name":"Naryn","rank":5},"geometry":{"type":"LineString","coordinates":[[73.3,41.776],[73.299,41.776],[73.148,41.776],[73.003,41.813],[72.81,41.794],[72.748,41.762],[72.654,41.667]]}},{"type":"Feature","properties":{"name":"Naryn","rank":5},"geometry":{"type":"LineString","coordinates":[[77.737,41.88],[77.823,41.866],[77.935,41.896],[78.045,41.881],[78.052,41.832],[77.981,41.802],[77.777,41.664],[77.717,41.582],[77.566,41.525],[77.387,41.51],[77.277,41.521],[77.192,41.494],[76.966,41.507],[76.917,41.48],[76.777,41.495],[76.606,41.476],[76.487,41.507],[76.092,41.449],[75.812,41.463],[75.712,41.443],[75.605,41.383],[75.505,41.382],[75.229,41.448],[74.811,41.421],[74.766,41.441],[74.642,41.409],[74.495,41.441],[74.369,41.394],[74.257,41.373],[74.011,41.431],[73.948,41.483],[73.94,41.626],[73.868,41.719],[73.783,41.729],[73.687,41.777],[73.584,41.805],[73.45,41.77],[73.299,41.776],[73.298,41.776]]}},{"type":"Feature","properties":{"name":"Naryn","rank":5},"geometry":{"type":"LineString","coordinates":[[72.654,41.667],[72.412,41.51],[72.325,41.495],[72.248,41.441],[72.186,41.297],[72.176,41.22],[72.136,41.174],[71.9,40.99],[71.758,40.913],[71.644,40.89],[71.388,40.88],[71.357,40.893],[71.175,40.837],[71.062,40.859],[70.884,40.742],[70.83,40.742],[70.525,40.557],[70.468,40.503],[70.369,40.476],[70.355,40.435]]}},{"type":"Feature","properties":{"name":"Klamath","rank":5},"geometry":{"type":"LineString","coordinates":[[-121.951,42.475],[-121.866,42.395],[-121.851,42.305],[-121.807,42.25]]}},{"type":"Feature","properties":{"name":"Klamath","rank":5},"geometry":{"type":"LineString","coordinates":[[-121.807,42.25],[-121.814,42.188],[-121.868,42.115],[-121.999,42.161],[-122.087,42.074],[-122.209,41.994],[-122.401,41.983],[-122.528,41.914],[-122.569,41.864],[-122.635,41.851],[-122.789,41.901],[-122.845,41.855],[-122.899,41.869],[-123.038,41.812],[-123.134,41.855],[-123.284,41.884],[-123.283,41.844],[-123.374,41.8],[-123.417,41.744],[-123.445,41.655],[-123.516,41.593],[-123.484,41.383],[-123.61,41.227],[-123.687,41.203],[-123.751,41.223],[-123.78,41.277]]}},{"type":"Feature","properties":{"name":"Klamath","rank":5},"geometry":{"type":"LineString","coordinates":[[-123.78,41.277],[-123.84,41.294],[-123.86,41.365],[-123.911,41.407],[-123.949,41.502],[-124.068,41.539]]}},{"type":"Feature","properties":{"name":"Athabasca","rank":5},"geometry":{"type":"LineString","coordinates":[[-111.28,58.788],[-111.219,58.71],[-111.142,58.686],[-111.016,58.691]]}},{"type":"Feature","properties":{"name":"Athabasca","rank":5},"geometry":{"type":"LineString","coordinates":[[-111.016,58.691],[-111.075,58.505]]}},{"type":"Feature","properties":{"name":"Athabasca","rank":5},"geometry":{"type":"LineString","coordinates":[[-111.28,58.788],[-111.254,58.864],[-111.173,58.926],[-111.28,58.944],[-111.411,59.005]]}},{"type":"Feature","properties":{"name":"Athabasca","rank":5},"geometry":{"type":"LineString","coordinates":[[-114.042,55.168],[-113.939,55.172],[-113.729,55.254],[-113.57,55.161],[-113.584,55.099],[-113.481,55.061],[-113.399,54.941],[-113.465,54.815],[-113.358,54.763]]}},{"type":"Feature","properties":{"name":"Athabasca","rank":5},"geometry":{"type":"LineString","coordinates":[[-113.35,54.763],[-113.358,54.763]]}},{"type":"Feature","properties":{"name":"Athabasca","rank":5},"geometry":{"type":"LineString","coordinates":[[-113.358,54.763],[-113.28,54.736],[-113.193,54.883],[-113.109,54.895],[-112.898,54.976],[-112.731,54.987],[-112.757,55.049],[-112.859,55.107],[-112.805,55.239],[-112.681,55.309],[-112.756,55.495],[-112.787,55.614],[-112.731,55.689],[-112.611,55.733],[-112.665,55.907],[-112.596,56.089],[-112.531,56.213],[-112.645,56.345],[-112.673,56.414],[-112.734,56.428],[-112.604,56.519],[-112.452,56.516],[-112.398,56.572],[-112.192,56.545],[-111.98,56.593],[-111.819,56.579],[-111.67,56.617],[-111.446,56.709],[-111.397,56.793],[-111.452,56.99],[-111.595,57.123],[-111.664,57.306],[-111.638,57.428],[-111.516,57.533],[-111.489,57.606],[-111.39,57.711],[-111.37,57.839],[-111.418,57.953],[-111.336,58.031],[-111.384,58.098],[-111.359,58.19],[-111.486,58.258],[-111.528,58.401],[-111.473,58.446],[-111.233,58.44],[-111.092,58.452],[-111.075,58.505]]}},{"type":"Feature","properties":{"name":"Athabasca","rank":5},"geometry":{"type":"LineString","coordinates":[[-115.44,54.154],[-115.368,54.175],[-115.235,54.159],[-115.101,54.2],[-114.943,54.305],[-114.863,54.328],[-114.64,54.33],[-114.53,54.382],[-114.43,54.483],[-114.339,54.516],[-114.337,54.591],[-114.275,54.818],[-114.203,54.878],[-114.19,54.988],[-114.104,55.06],[-114.049,55.168]]}},{"type":"Feature","properties":{"name":"Athabasca","rank":5},"geometry":{"type":"LineString","coordinates":[[-117.585,52.179],[-117.523,52.199],[-117.589,52.348],[-117.654,52.406],[-117.645,52.456],[-117.683,52.564],[-117.836,52.607],[-117.874,52.71],[-118.013,52.809],[-118.062,52.881],[-118.036,52.957],[-118.095,53.052],[-118.023,53.103],[-117.991,53.199],[-117.87,53.252],[-117.86,53.312],[-117.772,53.375],[-117.697,53.385],[-117.396,53.52],[-117.35,53.565],[-117.176,53.669],[-117.162,53.765],[-117.203,53.806],[-117.077,53.94],[-116.884,54.003],[-116.737,54.123],[-116.464,54.221],[-116.265,54.251],[-116.119,54.228],[-115.986,54.182],[-115.813,54.188],[-115.735,54.146],[-115.666,54.167],[-115.44,54.154]]}},{"type":"Feature","properties":{"name":"Svir","rank":5},"geometry":{"type":"LineString","coordinates":[[31.772,60.5],[31.998,60.559],[32.103,60.635],[32.229,60.683],[32.738,60.569],[32.789,60.5]]}},{"type":"Feature","properties":{"name":"Svir","rank":5},"geometry":{"type":"LineString","coordinates":[[32.897,60.5],[33.047,60.52],[33.17,60.64],[33.303,60.669],[33.366,60.731],[33.656,60.759],[33.784,60.855],[33.785,60.891],[33.913,60.976],[34.109,60.915],[34.291,60.935],[34.436,60.971],[34.766,60.981],[34.825,61.02]]}},{"type":"Feature","properties":{"name":"Black Volta","rank":5},"geometry":{"type":"LineString","coordinates":[[-1.713,8.631],[-1.646,8.678],[-1.541,8.671],[-1.469,8.757],[-1.378,8.762],[-1.243,8.676],[-1.056,8.696],[-0.976,8.662]]}},{"type":"Feature","properties":{"name":"Black Volta","rank":5},"geometry":{"type":"LineString","coordinates":[[-5.263,11.139],[-5.159,11.12],[-5.126,11.139],[-5.065,11.234],[-5.026,11.258],[-4.879,11.282],[-4.811,11.344],[-4.756,11.363],[-4.66,11.447],[-4.575,11.386],[-4.489,11.425],[-4.434,11.494],[-4.321,11.529],[-4.269,11.513],[-4.212,11.561],[-4.18,11.664],[-4.096,11.755],[-4.016,11.865],[-3.899,12.085],[-3.817,12.163],[-3.823,12.237],[-3.764,12.278],[-3.707,12.393],[-3.635,12.425],[-3.591,12.393],[-3.513,12.675],[-3.519,12.729],[-3.4,12.74],[-3.361,12.664],[-3.249,12.677],[-3.255,12.581],[-3.239,12.525],[-3.159,12.509],[-3.085,12.41],[-2.957,12.348],[-2.886,12.393],[-2.847,12.38],[-2.882,12.259],[-2.831,12.214],[-2.793,12.109],[-2.808,12.064],[-2.896,12.104],[-2.916,12.041],[-2.86,11.996],[-2.878,11.93],[-2.831,11.882],[-2.876,11.811],[-2.861,11.762],[-2.801,11.763],[-2.761,11.725],[-2.774,11.647],[-2.809,11.61],[-2.851,11.474],[-2.828,11.43],[-2.844,11.31],[-2.878,11.251],[-2.796,11.218],[-2.788,11.159],[-2.83,11.08],[-2.839,10.985],[-2.816,10.929],[-2.865,10.864],[-2.923,10.721],[-2.933,10.634],[-2.892,10.522],[-2.815,10.394],[-2.834,10.306],[-2.759,10.266],[-2.799,10.19],[-2.789,10.039],[-2.755,9.967],[-2.765,9.896],[-2.741,9.813],[-2.792,9.741],[-2.756,9.678],[-2.762,9.566],[-2.676,9.472],[-2.678,9.357],[-2.716,9.311],[-2.66,9.273],[-2.76,9.135],[-2.775,9.055],[-2.661,9.015],[-2.62,8.924],[-2.596,8.828],[-2.615,8.802],[-2.494,8.713],[-2.465,8.658],[-2.39,8.581],[-2.37,8.509],[-2.32,8.45],[-2.285,8.313],[-2.131,8.158],[-2.051,8.15],[-1.956,8.169],[-1.892,8.25],[-1.785,8.233],[-1.757,8.252],[-1.77,8.325],[-1.878,8.336],[-1.913,8.419],[-1.882,8.485],[-1.879,8.587],[-1.817,8.641],[-1.713,8.631]]}},{"type":"Feature","properties":{"name":"Volta","rank":5},"geometry":{"type":"LineString","coordinates":[[-0.976,8.662],[-0.926,8.632],[-0.854,8.502],[-0.754,8.395],[-0.734,8.343],[-0.539,8.179],[-0.483,8.147],[-0.318,8.115],[-0.179,8.004],[-0.112,7.871],[-0.105,7.824],[-0.058,7.754],[0.004,7.734],[0.039,7.638],[0.105,7.526],[0.136,7.401],[0.237,7.342],[0.219,7.199],[0.228,7.114],[0.207,7.043],[0.201,6.935],[0.146,6.856],[0.151,6.814],[0.21,6.763],[0.207,6.694],[0.13,6.624],[0.104,6.502],[0.122,6.407],[0.103,6.338]]}},{"type":"Feature","properties":{"name":"Volta","rank":5},"geometry":{"type":"LineString","coordinates":[[0.103,6.338],[0.08,6.279],[0.105,6.209],[0.097,6.138],[0.162,6.097],[0.248,6.096],[0.335,6.041],[0.433,6.078],[0.505,6.054],[0.609,5.965],[0.653,5.884],[0.672,5.761]]}},{"type":"Feature","properties":{"name":"Culuene","rank":5},"geometry":{"type":"LineString","coordinates":[[-54.609,-14.984],[-54.525,-14.945],[-54.31,-14.888],[-54.249,-14.846],[-54.221,-14.768],[-54.185,-14.744],[-54.086,-14.744],[-54.019,-14.795],[-53.946,-14.788],[-53.818,-14.7],[-53.731,-14.609],[-53.606,-14.561],[-53.516,-14.414],[-53.491,-14.301],[-53.45,-14.243],[-53.383,-14.099],[-53.392,-14.018],[-53.33,-13.881],[-53.305,-13.778],[-53.203,-13.642],[-53.161,-13.609],[-53.136,-13.484],[-53.061,-13.291],[-52.95,-13.159],[-52.93,-13.058],[-52.866,-12.951],[-52.845,-12.849],[-52.928,-12.756],[-52.979,-12.661],[-52.944,-12.595],[-52.979,-12.576],[-53.086,-12.461],[-53.144,-12.334],[-53.248,-12.234],[-53.298,-12.219],[-53.383,-12.038],[-53.422,-11.99],[-53.488,-11.964],[-53.569,-11.894],[-53.607,-11.784],[-53.609,-11.701],[-53.534,-11.565],[-53.444,-11.444]]}},{"type":"Feature","properties":{"name":"Godävari","rank":5},"geometry":{"type":"LineString","coordinates":[[73.652,20.013],[73.686,20.043],[73.822,19.998],[73.975,19.988],[74.057,20.048],[74.389,19.931],[74.442,19.882],[74.509,19.889],[74.561,19.812],[74.698,19.766],[74.759,19.761],[74.829,19.672],[74.952,19.657],[75.037,19.615],[75.161,19.596],[75.247,19.533],[75.335,19.506],[75.437,19.421],[75.49,19.434],[75.548,19.389],[75.721,19.352],[75.787,19.396],[75.835,19.376],[75.914,19.389],[75.907,19.317],[76.021,19.3],[76.093,19.314],[76.21,19.265],[76.305,19.265],[76.361,19.233],[76.329,19.109],[76.38,19.128],[76.465,19.066],[76.565,19.112],[76.621,19.081],[76.62,19.025],[76.7,19.022],[76.737,18.977],[76.845,19.067],[76.922,19.053],[76.976,19.099],[77.055,19.099],[77.134,19.067],[77.298,19.144],[77.362,19.158],[77.402,19.074],[77.477,19.012],[77.572,18.987],[77.709,18.877],[77.785,18.866],[77.861,18.831],[77.945,18.83],[77.97,18.868],[78.029,18.873],[78.061,18.921],[78.215,19.002],[78.28,18.98],[78.378,18.99],[78.549,18.946],[78.57,18.984],[78.647,18.988],[78.71,19.033],[78.776,19.008],[78.854,19.061],[79.012,19.081],[79.072,19.046],[79.118,18.939],[79.162,18.889],[79.241,18.862],[79.293,18.814],[79.39,18.857],[79.451,18.841],[79.641,18.734],[79.687,18.68],[79.766,18.69],[79.814,18.722],[79.854,18.814],[79.839,18.876],[80.002,18.786],[80.091,18.698],[80.17,18.69],[80.303,18.705],[80.32,18.642],[80.382,18.547],[80.389,18.478],[80.466,18.419],[80.479,18.329],[80.521,18.262],[80.697,18.159],[80.776,18.023],[80.831,18.003],[80.896,17.923],[80.869,17.775],[80.896,17.711],[80.886,17.656],[80.975,17.642],[81.013,17.597],[81.116,17.608],[81.268,17.551],[81.293,17.497],[81.373,17.488],[81.431,17.457],[81.499,17.467],[81.616,17.392],[81.629,17.32],[81.671,17.306],[81.65,17.207],[81.696,17.096],[81.75,17.031],[81.759,16.966],[81.73,16.915],[81.798,16.705],[81.864,16.578],[81.847,16.495],[81.749,16.417],[81.711,16.438],[81.712,16.312]]}},{"type":"Feature","properties":{"name":"Godävari","rank":5},"geometry":{"type":"LineString","coordinates":[[81.759,16.955],[81.764,16.912],[81.849,16.772],[81.931,16.717],[82.089,16.683],[82.215,16.711],[82.343,16.701]]}},{"type":"Feature","properties":{"name":"White Nile","rank":1},"geometry":{"type":"LineString","coordinates":[[31.125,9.432],[31.349,9.38],[31.42,9.343],[31.51,9.364],[31.584,9.412],[31.649,9.527],[31.636,9.575],[31.669,9.62],[31.761,9.676],[31.828,9.684],[31.921,9.751],[31.965,9.761],[32.025,9.846],[32.125,9.919],[32.184,10.015],[32.212,10.025],[32.266,10.12],[32.279,10.203],[32.242,10.279],[32.232,10.43],[32.133,10.445],[32.098,10.47],[32.136,10.585],[32.242,10.68],[32.301,10.749],[32.372,10.796],[32.425,10.805],[32.523,10.94],[32.625,10.995],[32.653,11.071],[32.646,11.331],[32.676,11.396],[32.707,11.575],[32.761,11.679],[32.755,11.824],[32.724,11.909],[32.749,11.995],[32.729,12.105],[32.729,12.292],[32.768,12.368],[32.804,12.567],[32.755,12.77],[32.77,12.831],[32.756,12.931],[32.81,13.037],[32.749,13.167],[32.629,13.25],[32.577,13.357],[32.578,13.468],[32.614,13.57],[32.613,13.626],[32.561,13.637],[32.482,13.71],[32.472,13.794],[32.358,13.887],[32.33,13.948],[32.321,14.03],[32.276,14.14],[32.216,14.221],[32.168,14.347],[32.162,14.409],[32.202,14.532],[32.18,14.62],[32.225,14.747],[32.305,14.821],[32.358,14.914],[32.428,14.988],[32.42,15.079],[32.475,15.242],[32.489,15.346],[32.454,15.444],[32.453,15.508],[32.489,15.633],[32.49,15.635]]}},{"type":"Feature","properties":{"name":"Tobol","rank":5},"geometry":{"type":"LineString","coordinates":[[60.91,51.669],[60.934,51.566],[61.023,51.486],[61.291,51.455],[61.356,51.46],[61.479,51.425],[61.626,51.543],[61.623,51.615],[61.581,51.723],[61.547,51.904],[61.585,52.05],[61.535,52.152],[61.483,52.183],[61.521,52.272],[61.592,52.289],[61.599,52.341],[61.737,52.429],[61.729,52.481],[62.153,52.489],[62.622,52.613],[62.754,52.66],[62.791,52.766],[62.859,52.83],[63.036,52.883],[63.099,52.945],[63.175,52.954],[63.373,53.028],[63.487,53.05],[63.609,53.199],[63.7,53.256],[63.751,53.321],[63.812,53.338],[63.884,53.444],[63.901,53.529],[63.855,53.659],[63.796,53.718],[63.789,53.8],[63.744,53.838],[63.741,53.922],[63.794,53.938],[63.775,54.033],[63.867,54.064],[63.908,54.208],[64.007,54.229],[63.98,54.304],[64.152,54.318],[64.294,54.354],[64.432,54.352],[64.624,54.406],[64.785,54.43],[64.916,54.662],[65.014,54.723],[64.971,54.811],[65.026,54.845],[64.954,54.934],[64.977,55.003],[65.037,55.05],[65.066,55.126],[65.187,55.174],[65.284,55.314],[65.217,55.399],[65.404,55.449],[65.55,55.6],[65.621,55.745],[65.621,55.832],[65.702,55.883],[65.664,55.979],[65.707,56.017],[65.813,56.031],[65.868,56.096],[66.012,56.14],[65.99,56.213],[66.27,56.335],[66.266,56.421],[66.367,56.51],[66.3,56.576],[66.315,56.635],[66.438,56.74],[66.432,56.845],[66.567,56.868],[66.547,56.933],[66.667,57.047],[66.837,57.15],[66.974,57.2],[66.931,57.237],[67.07,57.326],[67.086,57.418],[67.176,57.475],[67.127,57.554],[67.032,57.608],[67.157,57.665],[67.165,57.768],[67.222,57.819],[67.308,57.812],[67.365,57.854],[67.64,57.847],[67.773,57.895],[67.883,57.854],[68.039,57.897],[68.093,57.94],[68.037,58.008],[68.136,58.13],[68.218,58.168]]}},{"type":"Feature","properties":{"name":"Nizhnyaya Tunguska","rank":5},"geometry":{"type":"LineString","coordinates":[[87.961,65.776],[87.968,65.779],[88.188,65.848],[88.376,65.841],[88.505,65.928],[88.808,65.977],[89.056,65.97],[89.301,65.862],[89.533,65.777],[90.004,65.67],[90.058,65.613],[89.966,65.491],[89.978,65.336],[90.012,65.245],[90.021,65.102],[90.207,65.077],[90.304,64.993],[90.288,64.859],[90.441,64.785],[90.716,64.778],[90.848,64.708],[90.915,64.633],[91.099,64.553],[91.475,64.482],[91.666,64.499],[92.081,64.411]]}},{"type":"Feature","properties":{"name":"Nizhnyaya Tunguska","rank":5},"geometry":{"type":"LineString","coordinates":[[105.689,58.068],[105.778,58.007],[105.886,57.974],[106.059,58.02],[106.299,58.03],[106.434,57.936],[106.585,57.889],[106.833,57.836],[107.027,57.831],[107.17,57.793],[107.271,57.84],[107.429,57.787],[107.615,57.87],[107.776,57.886],[107.873,57.988],[107.996,58.078],[108.167,58.154],[108.233,58.131],[108.413,58.232],[108.485,58.311],[108.529,58.404],[108.467,58.448],[108.456,58.52],[108.504,58.624],[108.392,58.745],[108.474,58.861],[108.438,58.925],[108.45,58.997],[108.417,59.11],[108.29,59.168],[108.177,59.351],[108.116,59.375],[108.057,59.587],[107.902,59.68],[107.957,59.739],[108.071,59.763],[108.144,59.864],[108.101,60.054],[108.055,60.086],[108.108,60.184],[107.975,60.219],[107.991,60.253],[107.827,60.267],[107.795,60.363],[107.889,60.526],[107.871,60.722],[107.965,60.81],[107.988,60.9],[107.943,60.959],[107.848,60.955],[107.903,61.124],[108.014,61.148],[107.936,61.24],[108.002,61.273],[108.06,61.357],[107.972,61.429],[108.02,61.533],[107.979,61.617],[108.129,61.616],[107.966,61.705],[108.019,61.802],[108.119,61.888],[108.012,61.932],[108.29,62.066],[108.266,62.189],[108.307,62.288],[108.259,62.446],[108.05,62.339],[107.933,62.405],[107.905,62.582],[108.08,62.561],[108.152,62.634],[108.328,62.631],[108.408,62.608],[108.579,62.669],[108.564,62.758],[108.21,62.75],[108.271,62.873],[108.43,62.858],[108.62,62.873],[108.497,62.965],[108.31,62.985],[108.19,62.96],[108.094,63.015],[108.229,63.099],[108.167,63.19],[108.061,63.219],[107.96,63.183],[107.964,63.076],[107.898,63.045],[107.801,63.104],[107.785,63.172],[107.628,63.142],[107.495,63.224],[107.403,63.227],[107.348,63.289],[107.039,63.323],[106.867,63.323],[106.799,63.357],[106.957,63.447],[106.922,63.495],[106.789,63.55],[106.526,63.53],[106.333,63.421],[106.233,63.471],[106.108,63.488],[106.078,63.429],[106.162,63.393],[106.046,63.346],[105.714,63.405],[105.578,63.341],[105.441,63.309],[105.216,63.38],[105.084,63.492],[104.908,63.499],[104.796,63.532],[104.469,63.542],[104.36,63.566],[104.25,63.545],[104.103,63.607],[103.848,63.594],[103.819,63.654],[103.692,63.707],[103.77,63.783],[103.622,63.82],[103.411,63.826],[103.333,63.88],[103.092,63.958],[103.073,64.021],[102.9,64.101],[102.664,64.117],[102.564,64.08],[102.373,64.046],[102.175,64.107],[101.867,64.109],[101.534,64.234],[101.298,64.193],[101.155,64.112],[101.088,64.11],[100.797,64.193],[100.673,64.208],[100.568,64.177],[100.49,64.244],[100.34,64.302],[100.09,64.269],[99.961,64.21],[99.876,64.121],[99.45,64.126],[99.3,64.155],[98.803,64.178],[98.624,64.152],[98.303,64.188],[98.145,64.166],[98.062,64.118],[98.201,64.038],[98.067,63.94],[97.896,63.933],[97.856,63.892],[98.043,63.797],[97.989,63.749],[97.702,63.764],[97.608,63.79],[97.4,63.8],[97.151,63.851],[96.966,63.851],[96.516,63.795],[96.357,63.888],[96.015,63.905],[95.728,63.992],[95.615,64.043],[95.451,64.064],[95.304,64.036],[95.156,64.049],[94.93,64.11],[94.741,64.19],[94.482,64.207],[94.04,64.176],[93.435,64.289],[93.204,64.407],[92.973,64.443],[92.7,64.409],[92.456,64.425],[92.309,64.35],[92.191,64.362],[92.08,64.412]]}},{"type":"Feature","properties":{"name":"Marañón","rank":5},"geometry":{"type":"LineString","coordinates":[[-76.617,-9.913],[-76.62,-9.86],[-76.661,-9.713],[-76.713,-9.63],[-76.727,-9.532],[-76.766,-9.483],[-76.783,-9.417],[-76.732,-9.334],[-76.716,-9.207],[-76.754,-9.155],[-76.883,-9.091],[-76.92,-9.044],[-76.997,-9.013],[-77.074,-8.921],[-77.136,-8.899],[-77.215,-8.809],[-77.214,-8.758],[-77.29,-8.685],[-77.317,-8.545],[-77.414,-8.484],[-77.44,-8.375],[-77.498,-8.33],[-77.505,-8.244],[-77.605,-8.152],[-77.652,-8.029],[-77.623,-7.837],[-77.661,-7.777],[-77.709,-7.579],[-77.756,-7.505],[-77.771,-7.433],[-77.84,-7.378],[-77.871,-7.234],[-77.936,-7.159],[-77.954,-7.075],[-78.005,-7.001],[-78.021,-6.938],[-78.011,-6.826],[-78.025,-6.74],[-78.079,-6.65],[-78.12,-6.542],[-78.175,-6.459],[-78.237,-6.432],[-78.349,-6.351],[-78.461,-6.139],[-78.536,-6.066],[-78.607,-6.068],[-78.749,-5.881],[-78.727,-5.797],[-78.663,-5.708],[-78.667,-5.641],[-78.617,-5.616],[-78.547,-5.528],[-78.561,-5.477],[-78.483,-5.436],[-78.449,-5.384],[-78.444,-5.277],[-78.464,-5.225],[-78.356,-5.158],[-78.362,-5.062],[-78.397,-4.984],[-78.334,-4.904],[-78.337,-4.77],[-78.287,-4.775],[-78.21,-4.735],[-78.219,-4.654],[-78.143,-4.626],[-78.08,-4.655],[-78.001,-4.609],[-77.935,-4.596],[-77.893,-4.555],[-77.832,-4.544],[-77.778,-4.488],[-77.714,-4.475],[-77.639,-4.424],[-77.581,-4.449],[-77.48,-4.441],[-77.408,-4.497],[-77.429,-4.565],[-77.398,-4.616],[-77.348,-4.644],[-77.305,-4.715],[-77.265,-4.682],[-77.025,-4.753],[-76.919,-4.822],[-76.839,-4.8],[-76.62,-4.842],[-76.573,-4.824],[-76.545,-4.889],[-76.446,-4.908],[-76.386,-4.941],[-76.184,-4.925],[-76.16,-4.992],[-76.065,-5.034],[-75.969,-5.008],[-75.9,-5.022],[-75.849,-5.007],[-75.742,-5.053],[-75.691,-5.013],[-75.641,-5.062],[-75.593,-5.057],[-75.514,-4.924],[-75.453,-4.928],[-75.421,-4.831],[-75.339,-4.78],[-75.157,-4.793],[-75.076,-4.74],[-75.033,-4.776],[-74.974,-4.721],[-74.933,-4.715],[-74.81,-4.656],[-74.753,-4.543],[-74.705,-4.555],[-74.646,-4.527],[-74.601,-4.466],[-74.492,-4.532],[-74.464,-4.581],[-74.42,-4.588],[-74.277,-4.663],[-74.233,-4.663],[-74.24,-4.586],[-74.19,-4.504],[-74.122,-4.496],[-74.098,-4.465],[-74.04,-4.492],[-73.955,-4.486],[-73.885,-4.52],[-73.827,-4.61],[-73.787,-4.616],[-73.721,-4.561],[-73.608,-4.537],[-73.531,-4.455],[-73.495,-4.45]]}},{"type":"Feature","properties":{"name":"Caquetá","rank":5},"geometry":{"type":"LineString","coordinates":[[-76.533,1.33],[-76.516,1.275],[-76.542,1.205],[-76.537,1.076],[-76.493,1.025],[-76.351,0.977],[-76.21,0.972],[-76.062,1.043],[-75.918,1.019],[-75.9,0.954],[-75.846,0.889],[-75.714,0.848],[-75.645,0.853],[-75.56,0.829],[-75.459,0.749],[-75.318,0.751],[-75.254,0.719],[-75.22,0.636],[-75.202,0.518],[-75.165,0.488],[-75.106,0.507],[-75.063,0.471],[-74.996,0.47],[-74.992,0.375],[-74.963,0.271],[-74.855,0.222],[-74.743,0.2],[-74.683,0.151],[-74.662,0.059],[-74.684,0.006],[-74.664,-0.054],[-74.593,-0.102],[-74.47,-0.126],[-74.413,-0.09],[-74.292,-0.142],[-74.241,-0.228],[-74.169,-0.258],[-74.117,-0.246],[-74.012,-0.335],[-73.866,-0.393],[-73.77,-0.407],[-73.728,-0.387],[-73.596,-0.462],[-73.567,-0.514],[-73.479,-0.533],[-73.367,-0.527],[-73.332,-0.507],[-73.206,-0.605],[-73.081,-0.594],[-72.998,-0.527],[-72.885,-0.602],[-72.779,-0.564],[-72.721,-0.572],[-72.616,-0.657],[-72.55,-0.683],[-72.479,-0.594],[-72.422,-0.557],[-72.325,-0.629],[-72.28,-0.621],[-72.202,-0.55],[-72.136,-0.555],[-72.061,-0.725],[-72.01,-0.764],[-71.908,-0.77],[-71.829,-0.814],[-71.785,-0.899],[-71.724,-0.948],[-71.596,-0.925],[-71.537,-0.945],[-71.563,-1.077],[-71.51,-1.117],[-71.379,-1.093],[-71.264,-1.037],[-71.177,-1.051],[-71.066,-1.129],[-70.955,-1.252],[-70.845,-1.261],[-70.783,-1.322],[-70.654,-1.403],[-70.594,-1.38],[-70.511,-1.44],[-70.313,-1.409],[-70.164,-1.502],[-70.083,-1.534],[-70.017,-1.516],[-69.977,-1.455],[-69.913,-1.258],[-69.852,-1.195],[-69.77,-1.21],[-69.703,-1.264],[-69.593,-1.271],[-69.455,-1.2]]}},{"type":"Feature","properties":{"name":"Holston","rank":5},"geometry":{"type":"LineString","coordinates":[[-81.42,37.009],[-81.463,36.974],[-81.652,36.953],[-81.842,36.863],[-82.486,36.638],[-82.565,36.621],[-82.628,36.546],[-82.719,36.501],[-82.856,36.467],[-82.981,36.377],[-83.082,36.377],[-83.165,36.351],[-83.223,36.303],[-83.37,36.268],[-83.473,36.172],[-83.557,36.181],[-83.789,36.051],[-83.873,35.961],[-83.98,35.925],[-83.969,35.87]]}},{"type":"Feature","properties":{"name":"Pamir","rank":5},"geometry":{"type":"LineString","coordinates":[[73.605,37.446],[73.485,37.481],[73.378,37.453],[73.276,37.46],[73.17,37.409],[73.067,37.315],[72.995,37.31],[72.902,37.254],[72.83,37.24],[72.761,37.188],[72.657,37.029]]}},{"type":"Feature","properties":{"name":"Fraser","rank":5},"geometry":{"type":"LineString","coordinates":[[-118.319,52.522],[-118.572,52.762],[-118.611,52.845],[-118.969,52.976],[-119.051,53.029],[-119.222,53.037],[-119.403,52.974],[-119.476,52.974],[-119.94,53.196],[-120.025,53.214],[-120.124,53.304],[-120.289,53.374],[-120.623,53.546],[-120.701,53.622],[-120.886,53.692],[-120.906,53.743],[-121.126,53.779],[-121.163,53.817],[-121.284,53.837],[-121.417,53.901],[-121.647,53.944],[-121.656,54.021],[-121.923,54.133],[-121.985,54.182],[-122.272,54.217],[-122.364,54.259],[-122.499,54.228],[-122.588,54.146],[-122.564,54.095],[-122.665,54.022],[-122.662,53.985],[-122.75,53.897],[-122.716,53.763],[-122.724,53.559],[-122.651,53.425],[-122.676,53.397],[-122.828,53.384],[-122.886,53.322],[-122.783,53.25],[-122.734,53.182],[-122.567,53.103],[-122.518,52.977],[-122.448,52.877],[-122.463,52.829],[-122.484,52.564],[-122.447,52.529],[-122.364,52.371],[-122.308,52.352],[-122.278,52.281],[-122.287,52.11],[-122.268,51.951],[-122.387,51.875],[-122.408,51.758],[-122.364,51.722],[-122.221,51.439],[-122.243,51.347],[-122.139,51.189],[-122.065,51.163],[-121.951,51.072],[-121.923,51.008]]}},{"type":"Feature","properties":{"name":"Fraser","rank":5},"geometry":{"type":"LineString","coordinates":[[-121.923,51.008],[-121.917,51.008]]}},{"type":"Feature","properties":{"name":"Fraser","rank":5},"geometry":{"type":"LineString","coordinates":[[-121.923,51.008],[-121.871,50.965],[-121.878,50.828],[-121.929,50.74],[-121.918,50.677],[-121.687,50.429],[-121.676,50.364],[-121.581,50.233],[-121.551,50.063],[-121.507,49.97],[-121.448,49.906],[-121.44,49.689],[-121.414,49.589],[-121.443,49.403],[-121.567,49.374],[-121.685,49.292],[-121.743,49.209],[-121.906,49.219],[-122.06,49.179],[-122.2,49.168],[-122.348,49.115],[-122.437,49.171],[-122.543,49.171],[-122.64,49.21],[-122.716,49.188],[-122.787,49.225],[-122.862,49.223],[-122.951,49.164],[-123.041,49.151]]}},{"type":"Feature","properties":{"name":"Indigirka","rank":5},"geometry":{"type":"LineString","coordinates":[[150.031,71.222],[149.919,71.185],[149.819,71.09],[149.619,71.025],[149.633,70.979],[149.53,70.903],[149.234,70.897],[148.981,70.816],[148.744,70.816],[148.698,70.701],[148.184,70.629],[147.995,70.635],[147.856,70.599],[147.526,70.42],[147.335,70.25],[147.445,70.167],[147.284,70.138],[147.384,70.051],[147.54,69.985],[147.476,69.928],[147.44,69.794],[147.478,69.697],[147.407,69.644],[147.565,69.584],[147.678,69.413],[147.462,69.397],[147.363,69.317],[147.511,69.184],[147.426,69.029],[147.556,68.943],[147.314,68.926],[147.378,68.86],[147.176,68.839],[147.073,68.79],[147.019,68.702],[147.005,68.569],[146.744,68.585],[146.613,68.531],[146.375,68.592],[146.003,68.532],[145.866,68.398],[145.995,68.323],[145.821,68.273],[145.596,68.271],[145.716,68.214],[145.378,68.213],[145.304,68.037],[145.207,68.003],[145.021,67.995],[145.071,67.879],[144.83,67.822],[144.483,67.784],[144.568,67.727],[144.697,67.726],[144.688,67.646],[144.535,67.619],[144.388,67.641],[144.161,67.615],[144.061,67.634],[143.841,67.599],[143.582,67.649],[143.21,67.6],[143.023,67.563],[142.812,67.49],[142.557,67.368],[142.649,67.303],[142.601,67.23],[142.64,67.157],[142.605,67.108],[142.712,66.968],[142.803,66.714],[142.948,66.642],[143.048,66.629],[143.052,66.56],[143.255,66.275],[143.223,66.176],[143.142,66.09],[143.157,66.014],[143.103,65.924],[142.947,65.871],[142.812,65.777],[142.703,65.733],[142.592,65.534],[142.653,65.435],[142.944,65.408],[143.263,65.407],[143.289,65.373],[143.126,65.265],[143.168,65.226],[143.057,65.104],[143.196,65.039],[143.248,64.926],[143.386,64.816],[143.264,64.725],[143.254,64.597],[143.01,64.566],[142.82,64.523],[142.839,64.419],[142.775,64.352],[142.793,64.27],[142.233,64.306],[141.938,64.185],[141.928,64.082],[141.874,63.976],[141.973,63.886],[142.133,63.792],[142.38,63.688],[142.467,63.569],[142.649,63.538],[142.815,63.477],[142.97,63.496],[143.251,63.437],[143.356,63.392],[143.888,63.208],[144.105,63.161],[144.226,63.089],[144.328,63.097],[144.453,63.005],[144.571,62.858],[144.713,62.766]]}},{"type":"Feature","properties":{"name":"Indigirka","rank":5},"geometry":{"type":"LineString","coordinates":[[144.712,62.768],[144.765,62.724],[144.84,62.616],[145.009,62.507]]}},{"type":"Feature","properties":{"name":"Sprague","rank":5},"geometry":{"type":"LineString","coordinates":[[-120.882,42.4],[-120.981,42.407],[-121.124,42.458],[-121.256,42.476],[-121.441,42.473],[-121.566,42.495],[-121.698,42.609],[-121.81,42.601],[-121.951,42.476]]}},{"type":"Feature","properties":{"name":"Yangtze","rank":1},"geometry":{"type":"LineString","coordinates":[[112.782,29.744],[112.886,29.792],[112.945,29.709],[112.908,29.601],[112.928,29.495],[113.008,29.518],[113.128,29.463]]}},{"type":"Feature","properties":{"name":"Yangtze","rank":1},"geometry":{"type":"LineString","coordinates":[[103.851,28.668],[103.878,28.63],[103.952,28.615],[104.057,28.63],[104.292,28.632],[104.456,28.644],[104.564,28.708],[104.599,28.784],[104.757,28.798],[104.804,28.828],[105.013,28.767],[105.116,28.714],[105.176,28.784],[105.236,28.75],[105.34,28.784],[105.37,28.857],[105.471,28.913],[105.498,28.887],[105.607,28.956],[105.628,28.89],[105.709,28.894],[105.775,28.928],[105.792,28.869],[105.845,28.825],[105.897,28.864],[105.869,28.946],[105.824,28.977],[105.881,29.047],[106.001,29.072],[106.025,29.107],[106.141,29.091],[106.118,29.164],[106.157,29.222],[106.37,29.292],[106.464,29.397],[106.516,29.401],[106.501,29.488],[106.534,29.545],[106.62,29.624],[106.691,29.571],[106.775,29.617],[106.842,29.593],[106.964,29.757],[107.071,29.824],[107.118,29.74],[107.183,29.689],[107.334,29.751],[107.399,29.728],[107.474,29.824],[107.467,29.893],[107.636,29.853],[107.686,29.865],[107.837,29.987],[107.862,30.1],[107.928,30.156],[107.944,30.209],[107.993,30.233],[108.02,30.3],[108.153,30.408],[108.232,30.45],[108.349,30.639],[108.41,30.71],[108.417,30.834],[108.481,30.853],[108.522,30.912],[108.667,30.95],[108.746,30.923],[108.877,30.96],[109.013,30.949],[109.177,30.977],[109.297,30.966],[109.43,30.996],[109.498,31.034],[109.574,31.043],[109.67,30.997],[109.766,31.048],[109.955,31.073],[110.026,31.033],[110.15,31.039],[110.282,31.021],[110.343,31.05],[110.444,31.026],[110.512,31.033],[110.657,30.997],[110.815,30.936],[110.851,30.894],[110.966,30.874],[111.028,30.827],[111.124,30.853],[111.158,30.789],[111.263,30.757],[111.268,30.71],[111.387,30.593],[111.449,30.47],[111.444,30.423],[111.527,30.401],[111.5,30.334],[111.551,30.272],[111.592,30.281],[111.643,30.372],[111.711,30.411],[111.797,30.429],[111.881,30.418],[111.981,30.305],[112.021,30.285],[112.195,30.307],[112.268,30.265],[112.271,30.224],[112.193,30.134],[112.223,30.077],[112.309,30.073],[112.391,30.032],[112.425,29.949],[112.384,29.863],[112.367,29.748],[112.466,29.779],[112.533,29.774],[112.549,29.823],[112.638,29.805],[112.683,29.827],[112.764,29.79],[112.693,29.764],[112.722,29.739],[112.789,29.744]]}},{"type":"Feature","properties":{"name":"Juruena","rank":5},"geometry":{"type":"LineString","coordinates":[[-59.07,-14.532],[-59.07,-14.453],[-59.025,-14.32],[-59.067,-14.266],[-59.091,-14.124],[-59.064,-14.004],[-59.03,-13.96],[-59.016,-13.405],[-58.942,-13.25],[-58.926,-12.867],[-58.953,-12.652],[-58.922,-12.478],[-58.885,-12.414],[-58.904,-12.264],[-58.852,-12.137],[-58.781,-12.074],[-58.735,-11.996],[-58.696,-11.815],[-58.727,-11.722],[-58.687,-11.615],[-58.636,-11.565],[-58.648,-11.412],[-58.632,-11.345],[-58.686,-11.287],[-58.653,-11.226],[-58.662,-11.144],[-58.694,-11.051],[-58.659,-10.975]]}},{"type":"Feature","properties":{"name":"Vychegda","rank":5},"geometry":{"type":"LineString","coordinates":[[55.398,62.362],[55.256,62.433],[55.034,62.431],[54.894,62.462],[54.815,62.52],[54.678,62.498],[54.664,62.431],[54.517,62.419],[54.378,62.437],[54.273,62.404],[54.205,62.229],[54.269,62.158],[54.267,62.075],[54.329,61.971],[54.442,61.939],[54.464,61.898],[54.626,61.855],[54.703,61.872],[54.904,61.825],[54.917,61.657],[54.499,61.554],[54.388,61.579],[54.245,61.571],[54.099,61.522],[53.878,61.502],[53.719,61.582],[53.684,61.65]]}},{"type":"Feature","properties":{"name":"Vychegda","rank":5},"geometry":{"type":"LineString","coordinates":[[53.691,61.65],[53.569,61.765],[53.457,61.829],[53.242,61.784],[53.159,61.855],[52.9,61.901],[52.75,61.877],[52.632,61.896],[52.558,61.942],[52.136,61.93],[51.896,61.867],[51.886,61.815],[51.722,61.801],[51.457,61.848],[51.307,61.795],[51.04,61.73],[50.857,61.715],[50.785,61.763],[50.761,61.896],[50.813,61.944],[50.697,61.973],[50.663,62.025],[50.559,62.027],[50.46,61.984],[50.23,61.979],[50.245,62.148],[50.403,62.159],[50.347,62.223],[50.23,62.191],[50.032,62.218],[49.958,62.209],[49.839,62.126],[49.632,62.106],[49.484,62.045],[49.255,62.124],[49.062,62.159],[48.99,62.112],[48.606,62.01],[48.421,61.917],[48.357,61.785],[48.199,61.722],[48.012,61.577],[47.67,61.487],[47.606,61.43],[47.435,61.369],[46.931,61.334],[46.783,61.301],[46.591,61.287]]}},{"type":"Feature","properties":{"name":"Colorado","rank":5},"geometry":{"type":"LineString","coordinates":[[-70.302,-35.288],[-70.242,-35.512],[-70.178,-35.644],[-70.197,-35.691],[-70.022,-35.819],[-69.928,-35.87],[-69.796,-35.876],[-69.752,-35.928],[-69.753,-35.994],[-69.661,-36.251],[-69.702,-36.356],[-69.667,-36.559],[-69.726,-36.618],[-69.774,-36.707],[-69.795,-36.845],[-69.781,-36.919],[-69.81,-37.011],[-69.738,-37.086],[-69.624,-37.153],[-69.479,-37.177],[-69.26,-37.153],[-69.089,-37.207],[-69.039,-37.312],[-68.985,-37.364],[-68.884,-37.381],[-68.757,-37.372],[-68.678,-37.426],[-68.526,-37.441],[-68.428,-37.538],[-67.85,-37.6],[-67.749,-37.669],[-67.711,-37.78],[-67.748,-37.845],[-67.848,-37.908],[-67.876,-37.989],[-67.854,-38.049],[-67.706,-38.101],[-67.651,-38.192],[-67.554,-38.262],[-67.376,-38.256],[-67.305,-38.227],[-67.177,-38.223],[-67.136,-38.338],[-67.07,-38.409],[-66.878,-38.483],[-66.807,-38.495],[-66.648,-38.558],[-66.594,-38.607],[-66.562,-38.702],[-66.392,-38.734],[-66.215,-38.717],[-65.96,-38.742],[-65.776,-38.797],[-65.649,-38.81],[-65.59,-38.778],[-65.512,-38.784],[-65.368,-38.838],[-65.114,-38.804],[-64.978,-38.804]]}},{"type":"Feature","properties":{"name":"Colorado","rank":5},"geometry":{"type":"LineString","coordinates":[[-64.97,-38.804],[-64.821,-38.81],[-64.542,-38.852],[-64.472,-38.854],[-64.146,-38.949],[-63.995,-39.01],[-63.908,-39.092],[-63.82,-39.112],[-63.676,-39.213],[-63.478,-39.319],[-63.295,-39.338],[-63.222,-39.386],[-63.09,-39.417],[-63.019,-39.489],[-62.816,-39.496],[-62.586,-39.537],[-62.483,-39.616],[-62.468,-39.674],[-62.39,-39.762],[-62.309,-39.822]]}},{"type":"Feature","properties":{"name":"Chixoy","rank":5},"geometry":{"type":"LineString","coordinates":[[-91.413,15.267],[-91.389,15.218],[-91.303,15.277],[-91.237,15.292],[-91.117,15.283],[-91.073,15.314],[-90.984,15.314],[-90.857,15.253],[-90.692,15.215],[-90.541,15.212],[-90.479,15.31],[-90.494,15.34],[-90.651,15.363],[-90.703,15.394],[-90.692,15.449],[-90.604,15.514],[-90.633,15.623],[-90.662,15.647],[-90.781,15.679],[-90.812,15.765],[-90.767,15.839],[-90.751,15.949],[-90.66,16.04],[-90.59,16.018],[-90.469,16.011],[-90.449,16.079]]}},{"type":"Feature","properties":{"name":"Bío-Bío","rank":5},"geometry":{"type":"LineString","coordinates":[[-71.241,-38.769],[-71.102,-38.7],[-71.239,-38.481],[-71.244,-38.39],[-71.329,-38.321],[-71.303,-38.236],[-71.33,-38.132],[-71.377,-38.093],[-71.44,-38.092],[-71.572,-37.982],[-71.716,-37.77],[-71.856,-37.706],[-72.007,-37.745],[-72.081,-37.737],[-72.148,-37.652],[-72.292,-37.574],[-72.41,-37.545],[-72.567,-37.544],[-72.666,-37.468],[-72.744,-37.247],[-72.797,-37.2],[-72.932,-37.165],[-72.984,-37.05],[-72.967,-36.967],[-73.022,-36.927],[-73.093,-36.805],[-73.166,-36.796]]}},{"type":"Feature","properties":{"name":"Panj","rank":5},"geometry":{"type":"LineString","coordinates":[[72.657,37.029],[72.406,37.008],[72.259,36.968],[72.126,36.873],[71.836,36.699],[71.748,36.679],[71.611,36.705],[71.552,36.77],[71.538,36.836],[71.463,36.948],[71.431,37.067],[71.45,37.217],[71.487,37.267],[71.487,37.409],[71.511,37.486],[71.497,37.567],[71.541,37.71],[71.537,37.779],[71.59,37.816],[71.597,37.899],[71.501,37.946],[71.341,37.894],[71.255,37.95],[71.334,38.112],[71.364,38.207],[71.334,38.281],[71.217,38.326],[71.156,38.376],[70.974,38.474],[70.936,38.433],[70.871,38.453],[70.761,38.444],[70.683,38.415],[70.676,38.375],[70.595,38.338],[70.482,38.138],[70.326,38.012],[70.254,37.974],[70.165,37.89],[70.24,37.828],[70.283,37.705],[70.157,37.542],[70.017,37.546],[69.895,37.618],[69.802,37.582],[69.754,37.597],[69.665,37.576],[69.528,37.586],[69.491,37.537],[69.384,37.454],[69.377,37.381],[69.445,37.237],[69.407,37.178],[69.323,37.121],[69.245,37.104],[69.123,37.169],[68.965,37.329],[68.897,37.336],[68.81,37.312],[68.824,37.261],[68.668,37.279],[68.626,37.206],[68.532,37.169],[68.403,37.152],[68.411,37.114],[68.307,37.115],[68.277,37.01],[68.212,37.022]]}},{"type":"Feature","properties":{"name":"Santa Cruz","rank":5},"geometry":{"type":"LineString","coordinates":[[-71.982,-50.224],[-71.758,-50.228],[-71.571,-50.198],[-71.479,-50.22],[-71.255,-50.219],[-71.136,-50.205],[-70.979,-50.247],[-70.834,-50.19],[-70.737,-50.217],[-70.498,-50.202],[-70.24,-50.256],[-70.173,-50.187],[-70.106,-50.198],[-69.99,-50.164],[-69.837,-50.199],[-69.714,-50.168],[-69.656,-50.089],[-69.434,-50.091],[-69.319,-50.125],[-69.129,-50.114],[-69.013,-50.017]]}},{"type":"Feature","properties":{"name":"Xingu","rank":5},"geometry":{"type":"LineString","coordinates":[[-52.256,-1.699],[-52.283,-1.748],[-52.251,-1.808],[-52.258,-1.918],[-52.226,-2.014],[-52.205,-2.17],[-52.117,-2.277],[-52.027,-2.455],[-51.982,-2.601],[-52.028,-2.708],[-52.014,-2.808],[-51.932,-2.859],[-51.891,-2.941],[-51.796,-3.069],[-51.753,-3.098],[-51.67,-3.112],[-51.616,-3.17],[-51.644,-3.281],[-51.717,-3.36],[-51.681,-3.437],[-51.707,-3.504],[-51.795,-3.577],[-51.849,-3.59],[-51.933,-3.528],[-51.958,-3.413],[-52.064,-3.277],[-52.159,-3.23],[-52.17,-3.35],[-52.257,-3.508],[-52.315,-3.564],[-52.351,-3.635],[-52.457,-3.753],[-52.559,-3.801],[-52.609,-3.855]]}},{"type":"Feature","properties":{"name":"Xingu","rank":5},"geometry":{"type":"LineString","coordinates":[[-52.613,-3.861],[-52.609,-3.855]]}},{"type":"Feature","properties":{"name":"Xingu","rank":5},"geometry":{"type":"LineString","coordinates":[[-53.444,-11.444],[-53.4,-11.418],[-53.335,-11.323],[-53.259,-11.249],[-53.247,-11.187],[-53.321,-10.975],[-53.271,-10.883],[-53.144,-10.845],[-53.109,-10.798],[-53.072,-10.577],[-53.086,-10.502],[-53.047,-10.345],[-52.958,-10.272],[-53.015,-10.184],[-53.006,-10.084],[-52.983,-10.046],[-52.809,-9.872],[-52.787,-9.824],[-52.67,-9.769],[-52.619,-9.656],[-52.547,-9.578],[-52.383,-9.631],[-52.259,-9.659],[-52.196,-9.604],[-52.163,-9.461],[-52.108,-9.364],[-52.02,-9.267],[-52.045,-9.185],[-52.08,-9.157],[-52.058,-8.987],[-52.086,-8.905],[-52.268,-8.797],[-52.307,-8.716],[-52.309,-8.65],[-52.378,-8.584],[-52.552,-8.546],[-52.661,-8.401],[-52.647,-8.283],[-52.658,-8.228],[-52.804,-7.906],[-52.797,-7.839],[-52.763,-7.787],[-52.748,-7.639],[-52.662,-7.55],[-52.687,-7.503],[-52.665,-7.414],[-52.619,-7.371],[-52.568,-7.202],[-52.466,-7.098],[-52.455,-7.042],[-52.364,-6.963],[-52.191,-6.95],[-52.09,-6.911],[-52.052,-6.866],[-52.036,-6.78],[-51.983,-6.709],[-52.072,-6.567],[-52.111,-6.548],[-52.205,-6.571],[-52.306,-6.478],[-52.328,-6.425],[-52.43,-6.329],[-52.434,-6.202],[-52.517,-6.096],[-52.543,-5.98],[-52.531,-5.871],[-52.598,-5.77],[-52.683,-5.589],[-52.711,-5.47],[-52.85,-5.398],[-52.869,-5.37],[-52.872,-5.179],[-52.916,-5.104],[-52.924,-5.016],[-52.848,-4.91],[-52.793,-4.746],[-52.733,-4.689],[-52.704,-4.582],[-52.66,-4.477],[-52.663,-4.438],[-52.729,-4.37],[-52.729,-4.291],[-52.64,-4.199],[-52.647,-4.148],[-52.598,-3.962],[-52.609,-3.855]]}},{"type":"Feature","properties":{"name":"Tagus","rank":5},"geometry":{"type":"LineString","coordinates":[[-7.118,39.682],[-7.236,39.687],[-7.342,39.672],[-7.566,39.68],[-7.639,39.642],[-7.696,39.653],[-7.74,39.604],[-7.915,39.495],[-8.058,39.483],[-8.17,39.492],[-8.223,39.474],[-8.355,39.484],[-8.449,39.451],[-8.491,39.385],[-8.614,39.316],[-8.687,39.233],[-8.765,39.098]]}},{"type":"Feature","properties":{"name":"Amu  Darya","rank":5},"geometry":{"type":"LineString","coordinates":[[59.099,43.292],[59.098,43.325],[59.032,43.42],[58.973,43.467],[58.977,43.54],[59.061,43.657],[59.052,43.702],[58.959,43.8],[58.729,43.879],[58.594,43.879],[58.55,43.918],[58.543,44.06],[58.578,44.127],[58.494,44.209],[58.471,44.261],[58.319,44.393],[58.316,44.426]]}},{"type":"Feature","properties":{"name":"Amu  Darya","rank":5},"geometry":{"type":"LineString","coordinates":[[68.212,37.022],[68.054,36.935],[68.011,36.931],[67.878,37.065],[67.785,37.097],[67.764,37.221],[67.633,37.254],[67.545,37.232],[67.482,37.278],[67.391,37.22],[67.236,37.193],[67.208,37.244],[67.123,37.282],[67.097,37.341],[67.005,37.385],[66.735,37.364],[66.694,37.344],[66.539,37.369],[66.461,37.325],[66.389,37.347],[66.294,37.331],[66.163,37.377],[66.079,37.441],[65.855,37.508],[65.804,37.566],[65.649,37.604],[65.552,37.665],[65.403,37.711],[65.265,37.727],[65.146,37.944],[65.086,38.008],[64.954,38.092],[64.676,38.18],[64.451,38.272],[64.371,38.327],[64.281,38.441],[64.154,38.532],[64.072,38.682],[63.97,38.765],[63.967,38.829],[63.897,38.943],[63.755,39.004],[63.716,39.063],[63.648,39.111],[63.522,39.16],[63.469,39.22],[63.38,39.249],[63.279,39.313],[63.05,39.331],[62.983,39.406],[62.99,39.55],[62.925,39.584],[62.859,39.659],[62.754,39.667],[62.707,39.74],[62.617,39.781],[62.552,39.856],[62.524,39.94],[62.452,40.009],[62.421,40.115],[62.439,40.173],[62.353,40.431],[62.191,40.499],[62.12,40.599],[62.1,40.661],[62.044,40.715],[61.982,40.886],[61.97,41.016],[61.877,41.125],[61.654,41.25],[61.469,41.297],[61.41,41.292],[61.387,41.236],[61.278,41.278],[61.191,41.39],[61.092,41.414],[60.975,41.479],[60.738,41.639],[60.652,41.757],[60.55,41.777],[60.462,41.901],[60.459,41.966],[60.345,41.989],[60.276,42.044],[60.253,42.129],[60.052,42.266],[59.929,42.319],[59.772,42.316],[59.606,42.385],[59.512,42.48],[59.365,42.558],[59.286,42.618],[59.324,42.664],[59.318,42.75],[59.205,42.786],[59.224,42.885],[59.128,43.018],[59.159,43.114],[59.133,43.215],[59.084,43.269],[59.125,43.309],[59.121,43.345],[59.032,43.495],[59.066,43.553],[59.133,43.539],[59.253,43.591],[59.265,43.739],[59.221,43.806],[59.109,43.872],[59.056,43.948],[59.103,44.003],[59.258,44.078],[59.434,44.091],[59.541,44.148]]}},{"type":"Feature","properties":{"name":"Rosetta Branch","rank":1},"geometry":{"type":"LineString","coordinates":[[31.237,30.124],[31.145,30.175],[31.068,30.222],[30.979,30.226],[30.917,30.336],[30.833,30.362],[30.851,30.453],[30.774,30.716],[30.782,30.923],[30.699,31.092],[30.606,31.173],[30.502,31.23],[30.518,31.328],[30.426,31.385],[30.399,31.443]]}},{"type":"Feature","properties":{"name":"Yangtze","rank":1},"geometry":{"type":"LineString","coordinates":[[119.606,32.197],[119.53,32.232],[119.365,32.234],[119.229,32.203],[119.129,32.229],[119.028,32.221],[118.883,32.173],[118.78,32.191],[118.689,32.062],[118.499,31.851],[118.415,31.7],[118.38,31.556],[118.302,31.438],[118.325,31.356],[118.297,31.297],[118.22,31.291],[118.156,31.259],[118.002,31.223],[117.98,31.11],[117.922,31.086],[117.823,31.141],[117.772,31.104],[117.768,31.007],[117.732,30.874],[117.697,30.804],[117.593,30.774],[117.422,30.701],[117.346,30.699],[117.218,30.658],[117.233,30.555],[117.151,30.494],[117.033,30.491],[116.888,30.403],[116.921,30.337],[116.897,30.244],[116.822,30.115],[116.716,30.06],[116.65,30.051],[116.575,29.991],[116.492,29.885],[116.389,29.876],[116.236,29.781],[116.11,29.786],[115.999,29.744],[115.856,29.738],[115.743,29.809],[115.705,29.861],[115.506,29.858],[115.438,29.885],[115.396,29.956],[115.338,30.008],[115.275,30.121],[115.19,30.209],[115.107,30.22],[115.061,30.27],[115.073,30.341],[114.987,30.407],[114.843,30.428],[114.811,30.493],[114.852,30.577],[114.806,30.616],[114.613,30.574],[114.566,30.593],[114.502,30.673],[114.429,30.69],[114.354,30.657],[114.296,30.587]]}},{"type":"Feature","properties":{"name":"Yangtze","rank":1},"geometry":{"type":"LineString","coordinates":[[116.198,29.751],[116.208,29.779]]}},{"type":"Feature","properties":{"name":"Yangtze","rank":1},"geometry":{"type":"LineString","coordinates":[[113.128,29.463],[113.186,29.532],[113.416,29.764],[113.607,29.89],[113.688,29.963],[113.749,29.92],[113.831,29.958],[113.923,30.034],[114.044,30.079],[114.064,30.124],[113.964,30.198],[113.874,30.185],[113.858,30.231],[113.927,30.289],[113.968,30.291],[114.054,30.24],[114.107,30.352],[114.242,30.497],[114.283,30.568],[114.303,30.593]]}},{"type":"Feature","properties":{"name":"Tapajós","rank":5},"geometry":{"type":"LineString","coordinates":[[-58.659,-10.975],[-58.604,-10.872],[-58.605,-10.816],[-58.57,-10.674],[-58.568,-10.561],[-58.443,-10.512],[-58.35,-10.403],[-58.331,-10.222],[-58.252,-10.065],[-58.214,-9.898],[-58.22,-9.769],[-58.261,-9.683],[-58.26,-9.552],[-58.307,-9.487],[-58.439,-9.467],[-58.565,-9.388],[-58.636,-9.29],[-58.661,-9.122],[-58.572,-8.933],[-58.451,-8.796],[-58.337,-8.727],[-58.354,-8.696],[-58.431,-8.698],[-58.463,-8.622],[-58.437,-8.506],[-58.432,-8.407],[-58.384,-8.335],[-58.316,-8.123],[-58.334,-7.973],[-58.36,-7.911],[-58.36,-7.819],[-58.319,-7.775],[-58.216,-7.588],[-58.224,-7.439],[-58.16,-7.359],[-58.143,-7.247],[-58.213,-7.189],[-58.256,-7.098],[-58.347,-6.985],[-58.444,-6.902],[-58.472,-6.83],[-58.478,-6.737],[-58.428,-6.617],[-58.336,-6.551],[-58.215,-6.431],[-58.082,-6.411],[-57.888,-6.336],[-57.695,-6.193],[-57.635,-6.07],[-57.663,-5.975],[-57.638,-5.931],[-57.547,-5.888],[-57.502,-5.833],[-57.335,-5.726],[-57.227,-5.634],[-57.152,-5.553],[-57.054,-5.488],[-56.998,-5.368],[-57.007,-5.276],[-56.978,-5.235],[-56.873,-5.174],[-56.845,-5.118],[-56.835,-5.039],[-56.728,-4.863],[-56.714,-4.763],[-56.614,-4.694],[-56.555,-4.694],[-56.486,-4.743],[-56.421,-4.72],[-56.405,-4.676],[-56.296,-4.592],[-56.247,-4.47],[-56.261,-4.386],[-56.19,-4.343],[-56.106,-4.338],[-55.966,-4.27],[-55.951,-4.245],[-55.84,-4.177],[-55.645,-4.005],[-55.532,-3.848],[-55.504,-3.791],[-55.419,-3.723],[-55.344,-3.47],[-55.225,-3.233],[-55.179,-3.163],[-55.161,-3.064],[-55.18,-2.97],[-55.122,-2.828],[-55.124,-2.733],[-55.077,-2.65],[-55.058,-2.473],[-55.018,-2.414],[-54.933,-2.415],[-54.839,-2.376],[-54.798,-2.396],[-54.677,-2.412]]}},{"type":"Feature","properties":{"name":null,"rank":5},"geometry":{"type":"LineString","coordinates":[[106.422,10.317],[106.342,10.337],[106.139,10.296]]}},{"type":"Feature","properties":{"name":null,"rank":5},"geometry":{"type":"LineString","coordinates":[[106.139,10.296],[105.988,10.319],[105.939,10.289],[105.936,10.287]]}},{"type":"Feature","properties":{"name":null,"rank":5},"geometry":{"type":"LineString","coordinates":[[106.292,10.262],[106.212,10.237],[106.139,10.296]]}},{"type":"Feature","properties":{"name":"Trofimovskaya Protoka","rank":5},"geometry":{"type":"LineString","coordinates":[[126.512,72.386],[126.412,72.519],[126.528,72.638],[126.809,72.73],[126.796,72.834],[127.023,72.921],[127.106,72.991],[127.455,73.075],[127.6,73.068],[127.853,73.102],[128.235,73.265]]}},{"type":"Feature","properties":{"name":"Tumatskaya Protoka","rank":5},"geometry":{"type":"LineString","coordinates":[[126.554,72.337],[126.512,72.386],[126.315,72.467],[126.292,72.54],[126.384,72.781],[126.324,72.873],[126.4,72.969],[126.677,73.033],[126.693,73.139],[126.565,73.233]]}},{"type":"Feature","properties":{"name":"Japurá","rank":5},"geometry":{"type":"LineString","coordinates":[[-69.455,-1.2],[-69.422,-1.239],[-69.444,-1.531],[-69.381,-1.589],[-69.274,-1.614],[-69.174,-1.685],[-69.056,-1.812],[-68.998,-1.83],[-68.896,-1.793],[-68.749,-1.774],[-68.634,-1.794],[-68.551,-1.771],[-68.474,-1.728],[-68.409,-1.722],[-68.277,-1.68],[-68.22,-1.648],[-68.058,-1.633],[-67.931,-1.655],[-67.845,-1.642],[-67.682,-1.656],[-67.473,-1.771],[-67.261,-1.798],[-67.116,-1.869],[-67.027,-1.881],[-66.738,-1.777],[-66.602,-1.775],[-66.519,-1.758],[-66.456,-1.722],[-66.312,-1.704],[-66.178,-1.649],[-66.037,-1.679],[-65.957,-1.733],[-65.834,-1.776],[-65.752,-1.786],[-65.496,-1.922],[-65.375,-1.861],[-65.272,-1.868],[-65.258,-1.922],[-65.193,-2.042],[-65.238,-2.163],[-65.19,-2.2],[-65.176,-2.272],[-65.14,-2.306],[-65.126,-2.368],[-65.008,-2.575],[-65.015,-2.676],[-64.984,-2.715],[-64.905,-2.716],[-64.884,-2.788],[-64.902,-2.91],[-64.823,-2.942],[-64.771,-3.072],[-64.797,-3.185]]}},{"type":"Feature","properties":{"name":"R. des Outaouais","rank":6},"geometry":{"type":"LineString","coordinates":[[-77.527,47.744],[-77.56,47.842]]}},{"type":"Feature","properties":{"name":"R. des Outaouais","rank":6},"geometry":{"type":"LineString","coordinates":[[-78.724,47.685],[-78.724,47.684],[-78.813,47.656]]}},{"type":"Feature","properties":{"name":"R. des Outaouais","rank":6},"geometry":{"type":"LineString","coordinates":[[-77.326,47.622],[-77.294,47.523],[-77.245,47.495],[-77.115,47.531],[-77.097,47.483],[-76.935,47.488]]}},{"type":"Feature","properties":{"name":"R. des Outaouais","rank":6},"geometry":{"type":"LineString","coordinates":[[-77.463,47.546],[-77.491,47.611],[-77.632,47.54],[-77.646,47.601],[-77.545,47.671]]}},{"type":"Feature","properties":{"name":"R. des Outaouais","rank":6},"geometry":{"type":"LineString","coordinates":[[-77.56,47.842],[-77.668,47.766],[-77.82,47.758],[-77.982,47.821],[-78.068,47.671],[-78.169,47.711],[-78.306,47.739],[-78.35,47.811],[-78.451,47.841],[-78.443,47.924],[-78.59,47.944],[-78.714,47.891],[-78.756,47.785],[-78.724,47.685],[-78.724,47.684]]}},{"type":"Feature","properties":{"name":"R. des Outaouais","rank":6},"geometry":{"type":"LineString","coordinates":[[-77.545,47.671],[-77.527,47.744]]}},{"type":"Feature","properties":{"name":"R. des Outaouais","rank":6},"geometry":{"type":"LineString","coordinates":[[-78.813,47.656],[-79.046,47.52],[-79.111,47.581],[-79.252,47.577],[-79.43,47.607],[-79.496,47.577]]}},{"type":"Feature","properties":{"name":"R. des Outaouais","rank":6},"geometry":{"type":"LineString","coordinates":[[-77.326,47.622],[-77.463,47.546]]}},{"type":"Feature","properties":{"name":"R. des Outaouais","rank":6},"geometry":{"type":"LineString","coordinates":[[-76.819,47.517],[-76.899,47.544],[-76.935,47.488]]}},{"type":"Feature","properties":{"name":"Ottawa","rank":6},"geometry":{"type":"LineString","coordinates":[[-79.166,46.827],[-79.292,46.929],[-79.431,47.087],[-79.445,47.275],[-79.554,47.391],[-79.58,47.452],[-79.496,47.577]]}},{"type":"Feature","properties":{"name":"Ottawa","rank":6},"geometry":{"type":"LineString","coordinates":[[-79.166,46.827],[-79.096,46.704],[-79.014,46.638],[-78.964,46.533],[-78.891,46.47],[-78.754,46.401],[-78.694,46.336],[-78.422,46.293],[-78.321,46.266],[-78.111,46.263],[-78.046,46.238],[-77.921,46.236],[-77.682,46.187]]}},{"type":"Feature","properties":{"name":"Ottawa","rank":6},"geometry":{"type":"LineString","coordinates":[[-77.684,46.187],[-77.659,46.184],[-77.469,46.115],[-77.373,46.064]]}},{"type":"Feature","properties":{"name":"Ottawa","rank":6},"geometry":{"type":"LineString","coordinates":[[-77.371,46.063],[-77.283,45.999],[-77.267,45.936],[-77.176,45.898],[-76.903,45.892]]}},{"type":"Feature","properties":{"name":"Ottawa","rank":6},"geometry":{"type":"LineString","coordinates":[[-76.903,45.892],[-76.797,45.875],[-76.755,45.741],[-76.707,45.708],[-76.648,45.581],[-76.596,45.556],[-76.433,45.522],[-76.344,45.473],[-76.223,45.52],[-76.049,45.515],[-75.96,45.469],[-75.882,45.399],[-75.776,45.394],[-75.707,45.455],[-75.361,45.544],[-75.284,45.577],[-75.053,45.596],[-74.938,45.638],[-74.775,45.632],[-74.644,45.656],[-74.545,45.609],[-74.378,45.561]]}},{"type":"Feature","properties":{"name":"Ottawa","rank":6},"geometry":{"type":"LineString","coordinates":[[-76.903,45.892],[-76.902,45.892]]}},{"type":"Feature","properties":{"name":"Kem","rank":6},"geometry":{"type":"LineString","coordinates":[[31.955,64.864],[32.022,64.788],[32.138,64.754]]}},{"type":"Feature","properties":{"name":"Kem","rank":6},"geometry":{"type":"LineString","coordinates":[[32.044,64.46],[32.199,64.386]]}},{"type":"Feature","properties":{"name":"Kem","rank":6},"geometry":{"type":"LineString","coordinates":[[32.199,64.386],[32.273,64.411],[32.358,64.526],[32.134,64.721],[32.148,64.782],[32.4,64.843],[32.64,64.956],[32.703,65.029],[32.927,64.983],[33.041,65.117],[33.638,65.056],[33.782,65.018],[34.007,64.991],[34.278,64.932],[34.709,64.98]]}},{"type":"Feature","properties":{"name":"Kem","rank":6},"geometry":{"type":"LineString","coordinates":[[32.199,64.386],[32.2,64.384]]}},{"type":"Feature","properties":{"name":"Kem","rank":6},"geometry":{"type":"LineString","coordinates":[[31.57,63.869],[31.874,63.748],[32.06,63.828],[32.262,63.863],[32.394,64.047],[32.346,64.075],[32.401,64.211],[32.31,64.247],[32.199,64.386]]}},{"type":"Feature","properties":{"name":"Mur","rank":6},"geometry":{"type":"LineString","coordinates":[[13.499,47.163],[13.617,47.105],[13.777,47.129],[13.822,47.09],[13.904,47.08],[14.055,47.128],[14.219,47.122],[14.367,47.147],[14.468,47.216],[14.554,47.23],[14.641,47.202],[14.789,47.206],[14.975,47.348],[15.138,47.413],[15.282,47.417],[15.367,47.324],[15.309,47.292],[15.342,47.194],[15.336,47.134],[15.439,47.082],[15.501,46.957],[15.502,46.902],[15.583,46.811],[15.576,46.759],[15.652,46.711],[15.755,46.704],[15.878,46.721],[15.987,46.692],[16.254,46.547],[16.344,46.547],[16.491,46.515],[16.583,46.471],[16.659,46.464],[16.712,46.413],[16.837,46.382],[16.889,46.292],[16.974,46.211],[17.116,46.123],[17.197,46.121],[17.275,46.012],[17.345,45.956],[17.511,45.954],[17.591,45.936],[17.656,45.846],[17.889,45.792],[18.08,45.772],[18.211,45.786],[18.409,45.698],[18.482,45.692],[18.64,45.581],[18.773,45.555],[18.925,45.553],[18.928,45.553]]}},{"type":"Feature","properties":{"name":"Suez Canal","rank":6},"geometry":{"type":"LineString","coordinates":[[32.561,30.181],[32.561,30.182],[32.538,30.243],[32.431,30.29],[32.359,30.424]]}},{"type":"Feature","properties":{"name":"Suez Canal","rank":6},"geometry":{"type":"LineString","coordinates":[[32.36,30.424],[32.303,30.593],[32.344,30.721],[32.318,30.813],[32.303,31.244],[32.314,31.273]]}},{"type":"Feature","properties":{"name":"Suez Canal","rank":6},"geometry":{"type":"LineString","coordinates":[[32.561,30.182],[32.561,30.181],[32.578,30.011]]}},{"type":"Feature","properties":{"name":"Damietta Branch","rank":1},"geometry":{"type":"LineString","coordinates":[[31.145,30.175],[31.115,30.215],[31.104,30.332],[31.136,30.446],[31.249,30.548],[31.27,30.661],[31.231,30.814],[31.263,30.974],[31.399,31.073],[31.475,31.183],[31.582,31.186],[31.662,31.249],[31.659,31.278],[31.735,31.381],[31.811,31.422],[31.845,31.525]]}},{"type":"Feature","properties":{"name":"Ismailiya Canal","rank":6},"geometry":{"type":"LineString","coordinates":[[31.238,30.121],[31.297,30.131],[31.405,30.326],[31.515,30.382],[31.719,30.537],[32.255,30.579],[32.303,30.593]]}},{"type":"Feature","properties":{"name":"Ishikari","rank":6},"geometry":{"type":"LineString","coordinates":[[143.066,43.7],[142.928,43.759],[142.865,43.817],[142.789,43.83],[142.678,43.896],[142.619,43.903],[142.483,43.856],[142.373,43.773],[142.315,43.773],[142.173,43.711],[142.042,43.696],[141.96,43.661],[141.887,43.594],[141.901,43.51],[141.826,43.387],[141.659,43.296],[141.658,43.221],[141.597,43.127],[141.519,43.123],[141.42,43.168],[141.358,43.238]]}},{"type":"Feature","properties":{"name":"Kayan","rank":6},"geometry":{"type":"LineString","coordinates":[[114.762,1.76],[114.823,1.805],[114.902,1.918],[114.973,1.931],[115.047,1.976],[115.085,1.949],[115.234,1.988],[115.32,2.032],[115.402,2],[115.48,2.027],[115.502,1.968],[115.542,1.962],[115.659,2.008],[115.728,2.153],[115.825,2.251],[115.858,2.203],[115.882,2.093],[115.949,2.045],[116.115,2.076],[116.163,2.116],[116.198,2.311],[116.28,2.428],[116.372,2.488],[116.414,2.552],[116.619,2.779],[116.661,2.805],[116.726,2.787],[116.774,2.704],[116.829,2.733],[116.886,2.821],[116.944,2.83],[117.095,2.802],[117.133,2.744],[117.202,2.792],[117.241,2.762],[117.317,2.776],[117.38,2.886],[117.482,2.937],[117.544,2.922]]}},{"type":"Feature","properties":{"name":"Barito","rank":6},"geometry":{"type":"LineString","coordinates":[[114.838,0.565],[114.883,0.423],[114.766,0.4],[114.741,0.352],[114.651,0.258],[114.675,0.202],[114.642,0.154],[114.582,0.137],[114.495,0.183],[114.447,0.147],[114.354,0.177],[114.269,0.161],[114.229,0.088],[114.171,0.087],[114.193,0.017],[114.295,-0.029],[114.287,-0.114],[114.252,-0.15],[114.173,-0.169],[114.115,-0.207],[114.071,-0.282],[114.09,-0.339],[114.062,-0.401],[114.076,-0.458],[114.205,-0.566],[114.242,-0.652],[114.321,-0.691],[114.375,-0.745],[114.411,-0.713],[114.502,-0.731],[114.578,-0.715],[114.641,-0.631],[114.797,-0.62],[114.803,-0.675],[114.889,-0.754],[114.913,-0.894],[114.909,-0.957],[114.837,-0.961],[114.819,-1.011],[114.889,-1.115],[114.777,-1.266],[114.834,-1.313],[114.882,-1.32],[114.873,-1.557],[114.812,-1.642],[114.831,-1.693],[114.778,-1.818],[114.841,-1.856],[114.858,-1.943],[114.89,-1.997],[114.886,-2.056],[114.845,-2.207],[114.882,-2.231],[114.879,-2.293]]}},{"type":"Feature","properties":{"name":"Barito","rank":6},"geometry":{"type":"LineString","coordinates":[[114.879,-2.293],[114.879,-2.286]]}},{"type":"Feature","properties":{"name":"Barito","rank":6},"geometry":{"type":"LineString","coordinates":[[114.879,-2.293],[114.908,-2.419],[114.868,-2.515],[114.801,-2.6],[114.785,-2.689],[114.749,-2.731],[114.801,-2.862],[114.797,-2.92],[114.761,-2.964],[114.756,-3.024],[114.595,-3.137],[114.544,-3.238],[114.566,-3.278],[114.55,-3.348]]}},{"type":"Feature","properties":{"name":"Purari","rank":6},"geometry":{"type":"LineString","coordinates":[[143.492,-5.938],[143.542,-6.041],[143.544,-6.106],[143.626,-6.209],[143.643,-6.314],[143.627,-6.393],[143.667,-6.459],[143.812,-6.575],[143.901,-6.607],[144.036,-6.63],[144.14,-6.61],[144.27,-6.494],[144.394,-6.482],[144.457,-6.572],[144.544,-6.589],[144.596,-6.673],[144.667,-6.685],[144.77,-6.767],[144.819,-6.924],[144.863,-6.897],[144.967,-6.926],[144.955,-6.993],[145.062,-6.987],[145.094,-7.023],[145.155,-7.001],[145.179,-7.048],[145.282,-7.077],[145.325,-7.213],[145.291,-7.371],[145.255,-7.354],[145.195,-7.398],[145.127,-7.381],[145.093,-7.504],[145.138,-7.513],[145.199,-7.583],[145.219,-7.638],[145.217,-7.722],[145.172,-7.821]]}},{"type":"Feature","properties":{"name":"Indragi","rank":6},"geometry":{"type":"LineString","coordinates":[[100.55,-0.566],[100.629,-0.559],[100.707,-0.579],[100.807,-0.684],[100.888,-0.626],[101.004,-0.672],[101.084,-0.566],[101.211,-0.643],[101.415,-0.617],[101.498,-0.657],[101.527,-0.583],[101.679,-0.459],[101.743,-0.46],[101.811,-0.511],[102.044,-0.566],[102.129,-0.499],[102.216,-0.487],[102.273,-0.403],[102.342,-0.387],[102.424,-0.332],[102.584,-0.403],[102.635,-0.406],[102.748,-0.46],[102.828,-0.529],[102.893,-0.524],[103.049,-0.426],[103.16,-0.338],[103.257,-0.315],[103.346,-0.36]]}},{"type":"Feature","properties":{"name":"Bykovskaya Protoka","rank":1},"geometry":{"type":"LineString","coordinates":[[126.69,72.294],[126.661,72.501],[126.861,72.548],[127.183,72.491],[127.454,72.483],[127.666,72.43]]}},{"type":"Feature","properties":{"name":"Okavango","rank":6},"geometry":{"type":"LineString","coordinates":[[21.503,-18.06],[21.574,-18.103],[21.682,-18.109],[21.758,-18.184],[21.792,-18.251],[21.841,-18.294],[21.893,-18.402],[22.032,-18.424],[22.079,-18.496],[22.105,-18.59],[22.171,-18.637],[22.182,-18.685],[22.278,-18.813],[22.371,-18.815],[22.415,-18.87],[22.5,-18.893],[22.596,-19.013],[22.587,-19.061],[22.646,-19.099],[22.78,-19.087],[22.843,-19.063],[22.933,-19.1],[23.087,-19.128],[23.142,-19.198],[23.172,-19.27],[23.251,-19.342],[23.254,-19.378],[23.326,-19.418],[23.397,-19.41],[23.526,-19.521]]}},{"type":"Feature","properties":{"name":"Okavango","rank":6},"geometry":{"type":"LineString","coordinates":[[22.522,-18.922],[22.567,-19.117],[22.678,-19.211],[22.695,-19.289],[22.768,-19.324],[22.839,-19.452],[22.903,-19.496],[22.967,-19.483],[23.051,-19.539],[23.122,-19.533],[23.249,-19.565],[23.344,-19.561]]}},{"type":"Feature","properties":{"name":"Okavango","rank":6},"geometry":{"type":"LineString","coordinates":[[23.272,-19.406],[23.283,-19.456],[23.382,-19.606],[23.475,-19.655],[23.594,-19.671]]}},{"type":"Feature","properties":{"name":"Okavango","rank":6},"geometry":{"type":"LineString","coordinates":[[23.528,-19.522],[23.591,-19.617],[23.594,-19.671]]}},{"type":"Feature","properties":{"name":"Okavango","rank":6},"geometry":{"type":"LineString","coordinates":[[24.739,-21.265],[24.738,-21.206],[24.599,-21.112],[24.42,-21.048],[24.363,-20.98],[24.351,-20.888],[24.396,-20.673],[24.432,-20.578],[24.5,-20.457],[24.478,-20.389],[24.402,-20.403],[24.281,-20.294],[24.254,-20.242],[24.209,-20.243],[24.157,-20.199],[24.026,-20.248],[23.995,-20.3],[23.934,-20.316],[23.868,-20.301],[23.849,-20.254],[23.758,-20.178],[23.716,-20.183],[23.549,-20.114],[23.458,-20.109],[23.363,-20.136],[23.328,-20.124],[23.382,-20.042],[23.617,-19.806],[23.594,-19.671]]}},{"type":"Feature","properties":{"name":"Cubango","rank":6},"geometry":{"type":"LineString","coordinates":[[16.145,-12.654],[16.218,-12.634],[16.261,-12.719],[16.315,-12.758],[16.358,-12.91],[16.378,-13.278],[16.417,-13.331],[16.411,-13.452],[16.437,-13.551],[16.421,-13.605],[16.433,-13.688],[16.392,-13.756],[16.365,-13.886],[16.365,-13.964],[16.296,-14.11],[16.278,-14.239],[16.312,-14.289],[16.295,-14.403],[16.264,-14.454],[16.343,-14.563],[16.424,-14.637],[16.501,-14.628],[16.621,-14.737],[16.604,-14.777],[16.66,-14.878],[16.659,-14.971],[16.704,-15.03],[16.705,-15.114],[16.845,-15.303],[16.927,-15.354],[16.979,-15.422],[17.105,-15.47],[17.187,-15.47],[17.372,-15.525],[17.363,-15.564],[17.4,-15.645],[17.509,-15.731],[17.591,-15.82],[17.648,-15.922],[17.666,-16.063],[17.712,-16.309],[17.75,-16.35],[17.833,-16.497],[17.89,-16.672],[17.931,-16.747],[18.11,-16.916],[18.18,-17.046],[18.283,-17.173],[18.312,-17.185],[18.38,-17.33],[18.448,-17.376],[18.492,-17.464],[18.761,-17.748],[18.89,-17.799],[19.02,-17.822],[19.172,-17.801],[19.262,-17.814],[19.421,-17.859],[19.693,-17.848],[19.771,-17.89],[19.793,-17.862],[19.951,-17.862],[20.034,-17.896],[20.193,-17.872],[20.243,-17.883],[20.336,-17.855],[20.437,-17.894],[20.565,-17.985],[20.737,-17.993],[20.806,-18.031],[20.894,-18.012],[20.908,-17.986],[21.093,-17.938],[21.216,-17.931],[21.364,-17.992],[21.472,-18.061],[21.503,-18.06]]}},{"type":"Feature","properties":{"name":"Orange","rank":6},"geometry":{"type":"LineString","coordinates":[[24.731,-29.979],[24.784,-29.988],[24.907,-30.201],[24.978,-30.263]]}},{"type":"Feature","properties":{"name":"Orange","rank":6},"geometry":{"type":"LineString","coordinates":[[25.972,-30.545],[25.892,-30.542],[25.839,-30.618],[25.725,-30.681],[25.634,-30.657],[25.611,-30.606],[25.506,-30.612]]}},{"type":"Feature","properties":{"name":"Orange","rank":6},"geometry":{"type":"LineString","coordinates":[[29.058,-29.082],[29.017,-29.177],[29.009,-29.248],[28.947,-29.309],[28.894,-29.282],[28.811,-29.334],[28.803,-29.435],[28.709,-29.544],[28.781,-29.631],[28.732,-29.696],[28.787,-29.837],[28.653,-29.89],[28.691,-29.983],[28.609,-30.038],[28.529,-30.053],[28.375,-30.037],[28.301,-29.985],[28.206,-30.026],[28.14,-30.026],[28.057,-30.073],[27.944,-30.066],[27.897,-30.118],[27.903,-30.183],[27.863,-30.234],[27.78,-30.274],[27.69,-30.368],[27.622,-30.344],[27.566,-30.391],[27.493,-30.368],[27.459,-30.317],[27.366,-30.311]]}},{"type":"Feature","properties":{"name":"Orange","rank":6},"geometry":{"type":"LineString","coordinates":[[24.731,-29.979],[24.67,-29.95],[24.657,-29.896],[24.575,-29.866],[24.529,-29.816],[24.409,-29.765],[24.341,-29.649],[24.248,-29.621],[24.183,-29.635],[24.091,-29.588],[24.005,-29.498],[23.933,-29.47],[23.926,-29.387],[23.855,-29.299],[23.771,-29.282],[23.768,-29.213],[23.707,-29.184],[23.69,-29.108],[23.628,-29.074]]}},{"type":"Feature","properties":{"name":"Orange","rank":6},"geometry":{"type":"LineString","coordinates":[[27.376,-30.313],[27.335,-30.444],[27.298,-30.488],[27.132,-30.502],[27.117,-30.539],[27.01,-30.533],[27.025,-30.591],[26.947,-30.606],[26.922,-30.655],[26.835,-30.671],[26.781,-30.643],[26.703,-30.675],[26.534,-30.651],[26.48,-30.622],[26.441,-30.56],[26.311,-30.582],[26.205,-30.526],[26.06,-30.514],[25.972,-30.545]]}},{"type":"Feature","properties":{"name":"Orange","rank":6},"geometry":{"type":"LineString","coordinates":[[25.506,-30.612],[25.467,-30.613],[25.362,-30.545],[25.29,-30.543],[25.258,-30.497],[25.185,-30.456],[24.978,-30.263]]}},{"type":"Feature","properties":{"name":"Semliki","rank":6},"geometry":{"type":"LineString","coordinates":[[31.343,2.196],[31.323,2.133],[31.246,2.011],[31.097,1.831],[31.005,1.738],[30.798,1.594],[30.637,1.426],[30.539,1.296],[30.478,1.239]]}},{"type":"Feature","properties":{"name":"Semliki","rank":6},"geometry":{"type":"LineString","coordinates":[[29.452,-0.607],[29.512,-0.392],[29.616,-0.176],[29.597,-0.134]]}},{"type":"Feature","properties":{"name":"Semliki","rank":6},"geometry":{"type":"LineString","coordinates":[[29.597,-0.134],[29.567,-0.127],[29.631,0.017],[29.64,0.203],[29.56,0.274],[29.556,0.318],[29.499,0.348],[29.594,0.49],[29.635,0.497],[29.726,0.706],[29.823,0.798],[29.931,0.819],[30.038,0.879],[30.145,0.903],[30.22,1.017],[30.215,1.077],[30.238,1.136],[30.286,1.174],[30.323,1.156],[30.364,1.202],[30.412,1.202],[30.478,1.239]]}},{"type":"Feature","properties":{"name":"Semliki","rank":6},"geometry":{"type":"LineString","coordinates":[[29.838,-1.2],[29.816,-1.148],[29.763,-1.122],[29.646,-1.175],[29.573,-1.167],[29.514,-1.225],[29.417,-1.195],[29.358,-1.091],[29.354,-1.052],[29.431,-0.73],[29.466,-0.676],[29.452,-0.607]]}},{"type":"Feature","properties":{"name":"Koukourou","rank":6},"geometry":{"type":"LineString","coordinates":[[20.935,7.343],[20.876,7.271],[20.777,7.233],[20.698,7.247],[20.633,7.125],[20.572,7.075],[20.512,7.065],[20.463,7.027],[20.24,7.034],[20.076,7.139],[20.016,7.198],[19.921,7.246],[19.885,7.353],[19.763,7.447],[19.733,7.538]]}},{"type":"Feature","properties":{"name":"Chari","rank":6},"geometry":{"type":"LineString","coordinates":[[15.042,12.057],[14.93,12.037],[14.785,12.112],[14.672,12.153],[14.651,12.194],[14.548,12.242],[14.514,12.324],[14.423,12.353],[14.217,12.359],[14.179,12.386],[14.185,12.447]]}},{"type":"Feature","properties":{"name":"Chari","rank":6},"geometry":{"type":"LineString","coordinates":[[18.886,8.836],[18.867,8.81],[18.657,8.889],[18.509,8.987],[18.447,9.046],[18.42,9.117],[18.33,9.24],[18.15,9.4],[18.069,9.453],[18.061,9.495],[17.92,9.58],[17.863,9.663],[17.813,9.703],[17.745,9.793],[17.659,9.843],[17.627,9.891],[17.616,9.986],[17.574,10.027],[17.561,10.082],[17.288,10.376],[17.2,10.385],[17.131,10.421],[17.025,10.56],[16.943,10.577],[16.824,10.522],[16.753,10.509],[16.675,10.46],[16.419,10.543],[16.378,10.607],[16.31,10.638],[16.207,10.711],[16.101,10.763],[16.054,10.754],[16.001,10.789],[15.922,10.776],[15.745,10.811],[15.649,10.897],[15.549,10.926],[15.514,11.01],[15.453,11.035],[15.432,11.132],[15.394,11.217],[15.418,11.269],[15.357,11.406],[15.345,11.467],[15.29,11.571],[15.331,11.691],[15.309,11.748],[15.332,11.84],[15.28,11.893],[15.276,11.937],[15.196,11.95],[15.151,12.043],[15.03,12.101],[14.964,12.093],[14.903,12.146],[14.908,12.327],[14.83,12.618],[14.768,12.633],[14.694,12.724],[14.664,12.716],[14.549,12.781],[14.516,12.98]]}},{"type":"Feature","properties":{"name":"Bamingui","rank":6},"geometry":{"type":"LineString","coordinates":[[19.733,7.538],[19.577,7.585],[19.593,7.657],[19.499,7.74],[19.357,7.756],[19.321,7.804],[19.352,7.842],[19.332,7.945],[19.356,8.122],[19.339,8.171],[19.235,8.278],[19.222,8.343],[19.153,8.405],[19.064,8.583],[19.124,8.675],[19.048,8.746],[18.928,8.797],[18.886,8.836]]}},{"type":"Feature","properties":{"name":"Panama Canal","rank":6},"geometry":{"type":"LineString","coordinates":[[-79.691,9.104],[-79.778,9.114],[-79.809,9.158],[-79.889,9.194],[-79.923,9.267]]}},{"type":"Feature","properties":{"name":"Panama Canal","rank":6},"geometry":{"type":"LineString","coordinates":[[-79.923,9.267],[-79.927,9.304]]}},{"type":"Feature","properties":{"name":"Panama Canal","rank":6},"geometry":{"type":"LineString","coordinates":[[-79.691,9.104],[-79.56,8.96]]}},{"type":"Feature","properties":{"name":"Dalälven","rank":6},"geometry":{"type":"LineString","coordinates":[[13.717,61.414],[13.657,61.487],[13.393,61.549],[13.212,61.663]]}},{"type":"Feature","properties":{"name":"Dalälven","rank":6},"geometry":{"type":"LineString","coordinates":[[14.552,60.998],[14.552,60.997],[14.659,60.897],[14.937,60.832],[14.973,60.728]]}},{"type":"Feature","properties":{"name":"Dalälven","rank":6},"geometry":{"type":"LineString","coordinates":[[17.416,60.51],[17.38,60.445],[17.291,60.427],[17.175,60.365],[17.084,60.367],[16.962,60.3],[16.844,60.272],[16.795,60.191],[16.628,60.188],[16.499,60.163]]}},{"type":"Feature","properties":{"name":"Dalälven","rank":6},"geometry":{"type":"LineString","coordinates":[[16.434,60.156],[16.433,60.156],[16.323,60.122]]}},{"type":"Feature","properties":{"name":"Dalälven","rank":6},"geometry":{"type":"LineString","coordinates":[[11.981,61.802],[12.018,61.88],[12.163,61.881],[12.411,61.83],[12.497,61.894],[12.595,61.902],[12.835,61.835],[13.055,61.718],[13.212,61.663]]}},{"type":"Feature","properties":{"name":"Dalälven","rank":6},"geometry":{"type":"LineString","coordinates":[[13.718,61.413],[13.726,61.307],[13.782,61.277],[13.98,61.273],[14.124,61.156],[14.552,60.997]]}},{"type":"Feature","properties":{"name":"Dalälven","rank":6},"geometry":{"type":"LineString","coordinates":[[14.973,60.728],[15.083,60.69],[15.026,60.594],[15.15,60.537],[15.244,60.542],[15.46,60.492],[15.678,60.395],[15.764,60.416],[15.881,60.393],[15.951,60.419],[16.062,60.375],[16.022,60.211],[16.197,60.133],[16.323,60.122]]}},{"type":"Feature","properties":{"name":"Dalälven","rank":6},"geometry":{"type":"LineString","coordinates":[[17.417,60.51],[17.452,60.532],[17.459,60.641]]}},{"type":"Feature","properties":{"name":"Dalälven","rank":6},"geometry":{"type":"LineString","coordinates":[[16.434,60.156],[16.488,60.177]]}},{"type":"Feature","properties":{"name":"Dalälven","rank":6},"geometry":{"type":"LineString","coordinates":[[16.433,60.156],[16.499,60.163]]}},{"type":"Feature","properties":{"name":"Jordan","rank":6},"geometry":{"type":"LineString","coordinates":[[35.599,32.9],[35.591,32.744],[35.577,32.72]]}},{"type":"Feature","properties":{"name":"Jordan","rank":6},"geometry":{"type":"LineString","coordinates":[[35.423,31.325],[35.452,31.401],[35.48,31.641],[35.559,31.765]]}},{"type":"Feature","properties":{"name":"Jordan","rank":6},"geometry":{"type":"LineString","coordinates":[[35.864,33.596],[35.803,33.512],[35.677,33.411],[35.593,33.181],[35.584,32.996],[35.599,32.9]]}},{"type":"Feature","properties":{"name":"Jordan","rank":6},"geometry":{"type":"LineString","coordinates":[[35.577,32.72],[35.558,32.681],[35.58,32.498],[35.545,32.41],[35.572,32.238],[35.522,32.058],[35.524,31.919],[35.559,31.765]]}},{"type":"Feature","properties":{"name":"Jordan","rank":6},"geometry":{"type":"LineString","coordinates":[[35.423,31.325],[35.401,31.23]]}},{"type":"Feature","properties":{"name":"Olenekskaya Protoka","rank":1},"geometry":{"type":"LineString","coordinates":[[126.69,72.294],[126.477,72.359],[126.34,72.356],[126.21,72.298],[126.069,72.293],[125.872,72.356],[125.669,72.359],[125.436,72.459],[125.261,72.486],[125.109,72.557],[124.867,72.594],[124.722,72.657],[124.397,72.653],[124.14,72.734],[123.695,72.805],[123.52,72.752],[123.342,72.756],[122.732,72.827]]}},{"type":"Feature","properties":{"name":null,"rank":6},"geometry":{"type":"LineString","coordinates":[[-105.55,59.15],[-105.517,59.142],[-105.149,59.209],[-105.012,59.173]]}},{"type":"Feature","properties":{"name":null,"rank":6},"geometry":{"type":"LineString","coordinates":[[-111.016,58.691],[-110.922,58.695],[-110.731,58.762],[-110.485,58.897],[-110.353,58.995],[-110.157,59.059],[-109.968,59.139],[-109.625,59.237],[-109.197,59.316],[-108.964,59.273],[-108.828,59.271],[-108.426,59.316],[-108.138,59.316],[-107.924,59.362],[-107.587,59.377],[-107.336,59.318],[-106.96,59.31],[-106.605,59.276],[-106.018,59.271]]}},{"type":"Feature","properties":{"name":null,"rank":6},"geometry":{"type":"LineString","coordinates":[[-103.785,58.691],[-103.71,58.651],[-103.665,58.545],[-103.665,58.544]]}},{"type":"Feature","properties":{"name":null,"rank":6},"geometry":{"type":"LineString","coordinates":[[-105.55,59.15],[-105.579,59.245],[-105.683,59.242],[-106.018,59.271]]}},{"type":"Feature","properties":{"name":null,"rank":6},"geometry":{"type":"LineString","coordinates":[[-103.786,58.691],[-103.935,58.727],[-104.017,58.8],[-103.935,58.899],[-104.014,58.967],[-104.121,58.949],[-104.2,58.974],[-104.363,58.977],[-104.453,59.014],[-104.586,59.005],[-104.671,59.045],[-104.857,59.013],[-105.141,59.008],[-105.136,59.046],[-104.91,59.09],[-104.771,59.176],[-105.012,59.173]]}},{"type":"Feature","properties":{"name":null,"rank":6},"geometry":{"type":"LineString","coordinates":[[-103.55,58.455],[-103.568,58.51],[-103.665,58.544],[-103.665,58.545]]}},{"type":"Feature","properties":{"name":"Dniester","rank":6},"geometry":{"type":"LineString","coordinates":[[30.478,46.101],[30.341,46.242],[30.28,46.261],[30.269,46.32]]}},{"type":"Feature","properties":{"name":"Dniester","rank":6},"geometry":{"type":"LineString","coordinates":[[24.96,49],[25.119,48.951],[25.183,48.904],[25.277,48.781],[25.351,48.849],[25.431,48.849],[25.629,48.76],[25.636,48.678],[25.793,48.67],[25.911,48.588],[26.062,48.628],[26.146,48.596],[26.149,48.539],[26.326,48.511],[26.47,48.538],[26.566,48.457],[26.688,48.492],[26.787,48.568],[26.885,48.544],[26.945,48.581],[27.113,48.559],[27.247,48.57],[27.294,48.616],[27.37,48.63],[27.438,48.602],[27.503,48.473],[27.604,48.484],[27.627,48.451],[27.751,48.452],[27.864,48.399],[27.926,48.34],[28.055,48.322],[28.13,48.24],[28.199,48.212],[28.294,48.237],[28.436,48.15],[28.447,48.083],[28.555,48.116],[28.629,48.092],[28.532,48.02],[28.681,48.031],[28.785,47.983],[28.861,47.9],[28.98,47.876],[29.018,47.827],[28.98,47.766],[28.986,47.622],[29.025,47.533],[29.11,47.464],[29.082,47.406],[29.165,47.348],[29.093,47.311],[29.179,47.197],[29.069,47.102],[29.124,47.074],[29.179,47.156],[29.291,47.14],[29.377,47.071],[29.332,46.945],[29.471,46.942],[29.498,46.802],[29.562,46.787],[29.652,46.814],[29.698,46.728],[29.666,46.676],[29.758,46.659],[29.916,46.519],[30.013,46.462],[30.139,46.418],[30.249,46.427],[30.269,46.32]]}},{"type":"Feature","properties":{"name":"Dniester","rank":6},"geometry":{"type":"LineString","coordinates":[[30.478,46.101],[30.498,46.084]]}},{"type":"Feature","properties":{"name":"Ro Grande de Santiago","rank":6},"geometry":{"type":"LineString","coordinates":[[-105.108,21.822],[-105.034,21.779]]}},{"type":"Feature","properties":{"name":"Ro Grande de Santiago","rank":6},"geometry":{"type":"LineString","coordinates":[[-103.709,20.938],[-103.665,20.918],[-103.594,20.971]]}},{"type":"Feature","properties":{"name":"Ro Grande de Santiago","rank":6},"geometry":{"type":"LineString","coordinates":[[-102.781,20.31],[-102.803,20.217],[-102.77,20.198]]}},{"type":"Feature","properties":{"name":"Ro Grande de Santiago","rank":6},"geometry":{"type":"LineString","coordinates":[[-105.108,21.822],[-105.221,21.797],[-105.234,21.737],[-105.452,21.674]]}},{"type":"Feature","properties":{"name":"Ro Grande de Santiago","rank":6},"geometry":{"type":"LineString","coordinates":[[-104.079,21.206],[-104.214,21.198],[-104.299,21.259],[-104.369,21.284],[-104.454,21.471],[-104.497,21.466],[-104.617,21.659],[-104.66,21.776],[-104.723,21.849],[-104.785,21.843],[-104.847,21.776],[-104.949,21.739],[-105.027,21.738],[-105.033,21.777]]}},{"type":"Feature","properties":{"name":"Ro Grande de Santiago","rank":6},"geometry":{"type":"LineString","coordinates":[[-103.709,20.938],[-103.786,20.94],[-103.887,21.006],[-103.874,21.071],[-103.952,21.12],[-104.038,21.147],[-104.079,21.205]]}},{"type":"Feature","properties":{"name":"Ro Grande de Santiago","rank":6},"geometry":{"type":"LineString","coordinates":[[-102.781,20.31],[-102.764,20.376],[-102.99,20.428],[-103.082,20.412],[-103.177,20.474],[-103.138,20.627],[-103.214,20.707],[-103.346,20.784],[-103.328,20.865],[-103.421,21.047],[-103.521,21.051],[-103.525,21.006],[-103.592,20.972]]}},{"type":"Feature","properties":{"name":null,"rank":6},"geometry":{"type":"LineString","coordinates":[[-137,61.227],[-137.062,61.05],[-137.064,60.928],[-137.128,60.88],[-137.269,60.867],[-137.434,60.799],[-137.741,60.792],[-137.844,60.659],[-137.832,60.472],[-137.924,60.351],[-138,60.308],[-138.016,60.213],[-137.847,60.06],[-137.839,59.971],[-138.018,59.899],[-137.9,59.799],[-137.99,59.758],[-137.928,59.696],[-137.912,59.617],[-137.792,59.554],[-137.813,59.486],[-137.968,59.461]]}},{"type":"Feature","properties":{"name":null,"rank":6},"geometry":{"type":"LineString","coordinates":[[-138.061,59.437],[-138.066,59.409],[-138.246,59.376],[-138.26,59.32]]}},{"type":"Feature","properties":{"name":null,"rank":6},"geometry":{"type":"LineString","coordinates":[[-138.197,59.252],[-138.185,59.224]]}},{"type":"Feature","properties":{"name":null,"rank":6},"geometry":{"type":"LineString","coordinates":[[-138.239,59.176],[-138.318,59.199],[-138.438,59.183]]}},{"type":"Feature","properties":{"name":"Kuskokwim","rank":6},"geometry":{"type":"LineString","coordinates":[[-154.721,63.079],[-154.796,63.068],[-154.885,63],[-155.052,63.024],[-155.152,62.994],[-155.477,62.989],[-155.652,62.845],[-155.81,62.78],[-155.765,62.588],[-155.954,62.518],[-156.095,62.437],[-156.11,62.378],[-156.283,62.212],[-156.228,62.158],[-156.177,62.016],[-156.283,61.979],[-156.352,61.862],[-156.553,61.805],[-156.694,61.801],[-156.823,61.726],[-156.93,61.719],[-157.051,61.663],[-157.162,61.675],[-157.207,61.742],[-157.352,61.797],[-157.555,61.823],[-157.715,61.901],[-157.865,61.905],[-158.21,61.803],[-158.318,61.629],[-158.62,61.554],[-158.768,61.54],[-158.983,61.601],[-159.253,61.568],[-159.445,61.601],[-159.544,61.587],[-159.879,61.584],[-160.253,61.534],[-160.338,61.538],[-160.426,61.477],[-160.599,61.415],[-160.634,61.299],[-160.763,61.286],[-160.789,61.212],[-161.052,61.091],[-161.117,60.959],[-161.319,60.917],[-161.35,60.876],[-161.498,60.906],[-161.47,60.835],[-161.566,60.805],[-161.689,60.827],[-161.738,60.726],[-161.881,60.704]]}},{"type":"Feature","properties":{"name":"N. Fork Kuskokwim","rank":6},"geometry":{"type":"LineString","coordinates":[[-151.674,64.301],[-151.765,64.338],[-152.236,64.32],[-152.425,64.233],[-152.568,64.097],[-152.612,63.94],[-152.805,63.912],[-153.151,63.791],[-153.213,63.726],[-153.376,63.705],[-153.465,63.656],[-153.496,63.581],[-153.62,63.495],[-153.796,63.439],[-153.84,63.392],[-154.013,63.297],[-153.997,63.255],[-154.184,63.213],[-154.278,63.161],[-154.37,63.157],[-154.721,63.079]]}},{"type":"Feature","properties":{"name":"Copper","rank":6},"geometry":{"type":"LineString","coordinates":[[-144.616,60.714],[-144.504,60.813],[-144.627,60.877],[-144.786,60.998],[-144.901,61.187],[-144.843,61.308],[-144.747,61.368],[-144.506,61.428],[-144.411,61.55],[-144.464,61.647],[-144.632,61.692],[-145.093,61.864],[-145.253,61.945],[-145.384,62.073],[-145.43,62.185],[-145.372,62.275],[-145.279,62.332],[-145.079,62.414],[-144.891,62.468],[-144.734,62.567],[-144.543,62.651],[-144.32,62.704],[-143.929,62.706],[-143.733,62.631],[-143.681,62.585],[-143.658,62.474]]}},{"type":"Feature","properties":{"name":"Susitna","rank":6},"geometry":{"type":"LineString","coordinates":[[-146.684,62.505],[-146.788,62.538],[-146.882,62.609],[-146.887,62.661],[-147.228,62.708],[-147.328,62.66],[-147.466,62.706],[-147.607,62.712],[-147.845,62.81],[-148.021,62.811],[-148.292,62.87],[-148.639,62.853],[-148.804,62.797],[-148.994,62.812],[-149.021,62.848],[-149.245,62.839],[-149.385,62.862],[-149.585,62.853],[-149.859,62.745],[-150.028,62.647],[-150.111,62.563],[-150.175,62.406],[-150.135,62.328],[-150.153,62.241],[-150.095,61.951],[-150.218,61.791],[-150.328,61.705],[-150.394,61.583],[-150.551,61.532],[-150.526,61.461],[-150.582,61.356]]}},{"type":"Feature","properties":{"name":"Tanana","rank":6},"geometry":{"type":"LineString","coordinates":[[-142.022,62.027],[-142.091,62.092],[-142.06,62.228],[-141.773,62.32],[-141.757,62.375],[-141.624,62.478],[-141.425,62.558],[-141.382,62.686],[-141.481,62.753],[-141.532,62.829],[-141.65,62.846],[-141.601,62.908],[-141.77,62.978],[-141.851,63.048],[-141.952,63.064],[-142.137,63.166],[-142.342,63.167],[-142.629,63.264],[-142.697,63.355],[-142.839,63.358],[-143.029,63.439],[-143.149,63.411],[-143.452,63.406],[-143.633,63.418],[-143.76,63.398],[-143.839,63.476],[-143.776,63.534],[-143.872,63.635],[-143.995,63.697],[-144.182,63.73],[-144.541,63.725],[-144.744,63.805],[-144.781,63.902],[-144.914,63.946],[-144.849,64.004],[-145.09,64.085],[-145.159,64.066],[-145.362,64.082],[-145.607,64.171],[-145.737,64.192],[-145.888,64.162],[-146.111,64.246],[-146.21,64.24],[-146.449,64.285],[-146.655,64.253],[-146.724,64.301],[-146.86,64.326],[-147.021,64.426],[-147.022,64.546],[-147.169,64.61],[-147.255,64.689],[-147.522,64.775],[-147.846,64.806],[-148.238,64.69],[-148.621,64.644],[-148.7,64.585],[-149.105,64.576],[-149.132,64.72],[-149.115,64.867],[-149.211,64.912],[-149.491,64.877],[-149.612,64.902],[-149.69,64.843],[-149.92,64.783],[-150.156,64.823],[-150.296,64.868],[-150.415,64.963],[-150.565,64.979],[-150.999,64.971],[-151.297,64.877],[-151.394,64.882],[-151.506,64.976],[-151.69,65.014],[-151.679,65.099],[-151.808,65.105],[-151.92,65.16],[-152.048,65.165]]}},{"type":"Feature","properties":{"name":"Porcupine","rank":6},"geometry":{"type":"LineString","coordinates":[[-139.811,65.65],[-139.701,65.78],[-139.701,65.944],[-139.579,66.004],[-139.368,66.013],[-139.215,65.997],[-139.132,66.06],[-139.001,66.084],[-138.843,66.216],[-138.827,66.282],[-138.731,66.343],[-138.656,66.473],[-138.48,66.548],[-138.33,66.578],[-138.131,66.761],[-137.934,66.756],[-137.698,66.94],[-137.576,67.005],[-137.509,67.084],[-137.616,67.119],[-137.763,67.29],[-137.832,67.328],[-137.76,67.441],[-137.869,67.481],[-138.027,67.472],[-138.252,67.584],[-138.584,67.573],[-138.61,67.636],[-138.709,67.655],[-138.901,67.584],[-139.172,67.543],[-139.432,67.554],[-139.494,67.591],[-139.784,67.582],[-140.065,67.512],[-140.97,67.437],[-141.226,67.356],[-141.532,67.332],[-141.674,67.259],[-141.693,67.175],[-141.811,67.159],[-141.95,67.19],[-142.077,67.166],[-142.198,67.225],[-142.492,67.081],[-142.611,67.072],[-142.687,66.996],[-142.977,66.992],[-143.078,67.018],[-143.215,66.995],[-143.383,67.001],[-143.445,66.973],[-143.68,66.948],[-143.691,66.879],[-143.908,66.868],[-144.085,66.807],[-144.317,66.767],[-144.524,66.75],[-144.853,66.643],[-145.072,66.667],[-145.29,66.611],[-145.532,66.582]]}},{"type":"Feature","properties":{"name":"St. Lawrence","rank":2},"geometry":{"type":"LineString","coordinates":[[-74.713,44.999],[-74.869,45.01],[-75.13,44.925],[-75.271,44.864],[-75.701,44.582],[-75.792,44.497]]}},{"type":"Feature","properties":{"name":"Koyukuk","rank":6},"geometry":{"type":"LineString","coordinates":[[-150.821,68.043],[-150.897,67.809],[-151.02,67.712],[-151.047,67.577],[-150.918,67.489],[-150.807,67.448],[-150.694,67.322],[-150.814,67.195],[-150.823,67.15],[-150.973,67.089],[-151.163,67.042],[-151.427,67.003],[-151.543,66.941],[-151.66,66.917],[-151.715,66.849],[-151.683,66.786],[-151.716,66.692],[-151.925,66.598],[-152.07,66.595],[-152.313,66.543],[-152.456,66.569],[-152.664,66.577],[-152.793,66.515],[-153.004,66.462],[-153.285,66.454],[-153.556,66.4],[-153.914,66.296],[-154.063,66.271],[-154.172,66.145],[-154.362,65.96],[-154.447,65.961],[-154.59,65.864],[-154.766,65.791],[-154.82,65.821],[-154.998,65.803],[-155.149,65.882],[-155.234,65.878],[-155.485,66.013],[-155.672,65.98],[-155.919,66.029],[-156.112,65.988],[-156.286,65.909],[-156.382,65.786],[-156.468,65.782],[-156.547,65.717],[-156.519,65.655],[-156.352,65.622],[-156.399,65.498],[-156.498,65.464],[-156.642,65.459],[-156.819,65.564],[-156.968,65.542],[-157.082,65.485],[-157.325,65.463],[-157.496,65.487],[-157.66,65.46],[-157.693,65.4],[-157.599,65.234],[-157.647,65.172],[-157.653,65.064],[-157.423,65.085],[-157.346,65.028],[-157.564,65.017],[-157.552,64.925],[-157.736,64.868],[-157.74,64.867]]}},{"type":"Feature","properties":{"name":"Genale","rank":6},"geometry":{"type":"LineString","coordinates":[[38.774,6.605],[38.709,6.529],[38.787,6.378],[38.862,6.343],[38.938,6.223],[38.96,6.124],[39.014,6.083],[39.179,6.042],[39.227,5.999],[39.356,6.011],[39.399,5.968]]}},{"type":"Feature","properties":{"name":"Genale","rank":6},"geometry":{"type":"LineString","coordinates":[[39.376,5.985],[39.437,5.896],[39.451,5.818],[39.512,5.732],[39.549,5.714],[39.624,5.742],[39.691,5.711],[39.726,5.663],[39.677,5.595],[39.699,5.529],[39.801,5.533],[39.862,5.513],[39.937,5.423],[40.021,5.407],[40.188,5.355],[40.259,5.375],[40.487,5.403],[40.547,5.424],[40.704,5.565],[40.85,5.646],[40.935,5.705],[41.047,5.71],[41.062,5.671],[41.13,5.656],[41.205,5.471],[41.247,5.45],[41.256,5.396],[41.297,5.359],[41.333,5.174],[41.367,5.132],[41.428,5.004],[41.542,4.896],[41.603,4.697],[41.653,4.611],[41.711,4.594],[41.778,4.487],[41.85,4.433],[41.884,4.375],[41.966,4.324]]}},{"type":"Feature","properties":{"name":"Yarkant","rank":6},"geometry":{"type":"LineString","coordinates":[[77.525,35.521],[77.675,35.603],[77.708,35.715],[77.689,35.785],[77.553,35.88],[77.544,35.904],[77.642,36.079],[77.76,36.143],[77.746,36.178],[77.627,36.199],[77.558,36.255],[77.491,36.342],[77.451,36.43],[77.273,36.456],[77.079,36.459],[76.964,36.434],[76.838,36.385],[76.728,36.406],[76.644,36.4],[76.479,36.44],[76.421,36.552],[76.275,36.619],[76.192,36.634],[76.119,36.675],[76.058,36.761],[76.026,36.869],[75.92,36.972],[76.008,37.093],[76.015,37.177],[75.969,37.206],[75.907,37.318],[76.031,37.282],[76.122,37.28],[76.185,37.326],[76.249,37.418],[76.229,37.471],[76.236,37.597],[76.181,37.733],[76.219,37.892],[76.268,37.897],[76.276,37.967],[76.349,37.985],[76.451,37.972],[76.547,37.982],[76.537,37.932],[76.775,37.883],[76.942,38.035],[77.003,38.06],[77.21,38.234],[77.285,38.269],[77.394,38.354],[77.326,38.563],[77.387,38.666],[77.458,38.714],[77.484,38.796],[77.581,38.891],[77.561,39.013],[77.616,39.043],[77.669,39.132],[77.867,39.275],[77.929,39.296],[78.005,39.371],[78.26,39.493],[78.552,39.604],[78.628,39.57],[78.689,39.604],[78.902,39.617],[79.073,39.654],[79.153,39.702],[79.245,39.707],[79.386,39.761],[79.458,39.828],[79.591,39.838],[79.663,39.893],[79.908,40.005],[79.957,40.079],[80.052,40.086],[80.156,40.126],[80.199,40.171],[80.362,40.242],[80.382,40.31],[80.456,40.393],[80.617,40.446],[80.643,40.434],[80.888,40.467]]}},{"type":"Feature","properties":{"name":"Albany","rank":6},"geometry":{"type":"LineString","coordinates":[[-91.929,51.892],[-91.97,51.987]]}},{"type":"Feature","properties":{"name":"Albany","rank":6},"geometry":{"type":"LineString","coordinates":[[-91.915,51.762],[-91.869,51.709],[-91.932,51.55],[-91.893,51.487]]}},{"type":"Feature","properties":{"name":"Albany","rank":6},"geometry":{"type":"LineString","coordinates":[[-91.781,51.335],[-91.782,51.336],[-91.857,51.369],[-91.886,51.458]]}},{"type":"Feature","properties":{"name":"Albany","rank":6},"geometry":{"type":"LineString","coordinates":[[-91.598,51.162],[-91.598,51.161],[-91.458,51.11],[-91.418,51.069],[-91.418,51.068]]}},{"type":"Feature","properties":{"name":"Albany","rank":6},"geometry":{"type":"LineString","coordinates":[[-91.312,51.063],[-91.193,51.049],[-91.098,50.99],[-90.97,50.982],[-90.858,51.033],[-90.513,51.123],[-90.417,51.093]]}},{"type":"Feature","properties":{"name":"Albany","rank":6},"geometry":{"type":"LineString","coordinates":[[-92.299,51.974],[-92.217,51.939],[-91.97,51.987]]}},{"type":"Feature","properties":{"name":"Albany","rank":6},"geometry":{"type":"LineString","coordinates":[[-91.929,51.892],[-91.894,51.867],[-91.915,51.762]]}},{"type":"Feature","properties":{"name":"Albany","rank":6},"geometry":{"type":"LineString","coordinates":[[-91.893,51.487],[-91.886,51.458]]}},{"type":"Feature","properties":{"name":"Albany","rank":6},"geometry":{"type":"LineString","coordinates":[[-91.782,51.336],[-91.721,51.265],[-91.621,51.261],[-91.649,51.205],[-91.598,51.161]]}},{"type":"Feature","properties":{"name":"Albany","rank":6},"geometry":{"type":"LineString","coordinates":[[-90.416,51.092],[-90.373,51.083],[-90.151,51.124],[-90.086,51.121],[-89.774,51.22],[-89.678,51.233],[-89.516,51.291],[-89.463,51.349],[-89.295,51.426],[-89.16,51.436],[-89.103,51.53],[-89.01,51.517],[-88.946,51.468],[-88.804,51.558],[-88.64,51.556],[-88.549,51.574],[-88.449,51.492],[-88.153,51.466],[-88.088,51.488],[-87.905,51.47],[-87.79,51.425],[-87.77,51.368],[-87.626,51.323],[-87.532,51.261],[-87.304,51.268],[-87.126,51.328],[-87.002,51.412],[-86.817,51.399],[-86.618,51.513],[-86.444,51.567],[-86.38,51.66],[-86.385,51.723],[-86.282,51.78],[-86.142,51.762],[-86.034,51.711],[-85.927,51.634],[-85.515,51.673],[-85.436,51.641],[-85.316,51.525],[-85.22,51.494],[-85.179,51.434],[-85.111,51.415],[-85.041,51.298],[-84.918,51.273],[-84.823,51.199],[-84.597,51.113],[-84.504,51.111],[-84.4,51.189],[-84.217,51.255],[-83.925,51.309],[-83.761,51.391],[-83.569,51.433],[-83.512,51.482],[-83.384,51.501],[-83.291,51.551],[-83.24,51.654],[-83.107,51.784],[-82.921,51.887],[-82.795,51.938],[-82.586,51.942],[-82.403,52.022],[-82.319,52.102],[-82.055,52.138],[-82.002,52.175],[-81.883,52.194]]}},{"type":"Feature","properties":{"name":"Albany","rank":6},"geometry":{"type":"LineString","coordinates":[[-91.418,51.069],[-91.312,51.063]]}},{"type":"Feature","properties":{"name":"Churchill","rank":6},"geometry":{"type":"LineString","coordinates":[[-64.682,53.125],[-64.661,53.168],[-64.723,53.325],[-64.678,53.382]]}},{"type":"Feature","properties":{"name":"Churchill","rank":6},"geometry":{"type":"LineString","coordinates":[[-64.678,53.382],[-64.641,53.468],[-64.492,53.533],[-64.369,53.512],[-64.188,53.55],[-63.938,53.524],[-63.768,53.492],[-63.621,53.437],[-63.49,53.355],[-63.346,53.312],[-63.286,53.238],[-63.208,53.218],[-63.006,53.222],[-62.833,53.17],[-62.58,53.169],[-62.489,53.181],[-62.395,53.136],[-62.265,53.102],[-62.223,53.059],[-62.193,52.938],[-61.919,52.909],[-61.808,52.914],[-61.67,52.875],[-61.621,52.999],[-61.448,52.986],[-61.353,52.995],[-60.818,53.269],[-60.546,53.256],[-60.421,53.269]]}},{"type":"Feature","properties":{"name":"Churchill","rank":6},"geometry":{"type":"LineString","coordinates":[[-64.622,52.891],[-64.676,53.009],[-64.682,53.125]]}},{"type":"Feature","properties":{"name":"Taz","rank":6},"geometry":{"type":"LineString","coordinates":[[84.22,62.637],[84.33,62.753],[84.627,62.911],[84.719,62.904],[84.785,62.961],[84.891,62.956],[84.956,63.011],[85.254,63.068],[85.32,63.117],[85.467,63.143],[85.561,63.273],[85.656,63.335],[85.641,63.374],[85.41,63.353],[85.378,63.467],[85.276,63.522],[85.097,63.534],[85.035,63.589],[84.882,63.584],[84.705,63.691],[84.459,63.71],[83.935,63.584],[83.672,63.575],[83.808,63.654],[83.739,63.723],[83.493,63.74],[83.505,63.782],[83.383,63.828],[83.228,63.938],[83.156,63.938],[82.969,63.873],[83.034,63.828],[82.886,63.782],[82.719,63.754],[82.471,63.761],[82.372,63.804],[82.405,63.847],[82.241,63.936],[82.145,63.932],[82.068,64.014],[81.932,64.062],[81.744,64.273],[81.783,64.332],[81.65,64.405],[81.675,64.474],[81.376,64.555],[81.548,64.666],[81.437,64.829],[81.551,64.879],[81.43,64.939],[81.438,65.035],[81.494,65.103],[81.588,65.142],[81.822,65.159],[82.017,65.273],[82.093,65.291],[82.123,65.364],[81.982,65.396],[82.013,65.495],[82.096,65.506],[82.203,65.578],[82.405,65.634],[82.465,65.676],[82.303,65.768],[82.328,65.912],[82.129,66.028],[82.115,66.076],[82.247,66.21],[82.107,66.221],[82.075,66.344],[82.281,66.382],[82.202,66.469],[82.307,66.525],[82.255,66.575],[82.306,66.643],[82.247,66.709],[82.13,66.745],[82.034,66.823],[81.772,66.972],[81.627,66.974],[81.38,67.043],[81.102,67.092],[81.013,67.054],[80.683,67.104],[80.344,67.101],[80.277,67.141],[80.053,67.104],[79.97,67.152],[79.702,67.178],[79.315,67.286],[79.081,67.39],[78.894,67.431],[78.577,67.581]]}},{"type":"Feature","properties":{"name":"Liao","rank":6},"geometry":{"type":"LineString","coordinates":[[123.554,43.483],[123.634,43.37],[123.582,43.312],[123.548,43.185],[123.531,42.984],[123.58,42.947],[123.602,42.819],[123.561,42.702],[123.609,42.675],[123.684,42.579],[123.762,42.534],[123.805,42.455],[123.899,42.389],[123.799,42.305],[123.664,42.305],[123.557,42.21],[123.366,42.142],[123.272,42.172],[123.052,42.102],[122.991,42.068],[122.909,41.969],[122.925,41.942],[122.787,41.791],[122.739,41.695],[122.691,41.664],[122.704,41.585],[122.644,41.531],[122.625,41.471],[122.654,41.379],[122.621,41.285],[122.477,41.2],[122.398,41.177],[122.409,41.003],[122.342,40.996],[122.34,40.941],[122.266,40.859],[122.125,40.825],[122.164,40.751],[122.156,40.702]]}},{"type":"Feature","properties":{"name":"Yuan","rank":6},"geometry":{"type":"LineString","coordinates":[[112.994,29.147],[113,29.216],[113.069,29.388],[113.071,29.389]]}},{"type":"Feature","properties":{"name":"Yuan","rank":6},"geometry":{"type":"LineString","coordinates":[[112.905,29.031],[112.843,28.931],[112.7,28.871],[112.539,28.866],[112.508,28.831],[112.436,28.821],[112.362,28.892],[112.308,28.843],[112.187,28.914],[112.008,28.95],[111.993,28.985]]}},{"type":"Feature","properties":{"name":"Yuan","rank":6},"geometry":{"type":"LineString","coordinates":[[113.069,29.388],[113.128,29.463]]}},{"type":"Feature","properties":{"name":"Yuan","rank":6},"geometry":{"type":"LineString","coordinates":[[112.905,29.031],[112.994,29.147]]}},{"type":"Feature","properties":{"name":"Yuan","rank":6},"geometry":{"type":"LineString","coordinates":[[107.505,26.338],[107.506,26.199],[107.595,26.14],[107.656,26.16],[107.708,26.218],[107.719,26.269],[107.786,26.362],[107.807,26.441],[107.779,26.491],[107.821,26.536],[107.93,26.581],[108.028,26.723],[108.238,26.853],[108.312,26.857],[108.404,26.818],[108.402,26.772],[108.485,26.74],[108.519,26.672],[108.596,26.646],[108.641,26.599],[108.703,26.696],[108.763,26.695],[108.759,26.633],[108.905,26.556],[108.972,26.611],[109.033,26.633],[109.067,26.591],[109.191,26.667],[109.26,26.76],[109.307,26.77],[109.381,26.873],[109.454,26.912],[109.458,27.034],[109.584,27.137],[109.679,27.127],[109.752,27.147],[109.774,27.209],[109.882,27.152],[109.985,27.124],[110.055,27.208],[110.133,27.352],[110.177,27.366],[110.278,27.521],[110.27,27.608],[110.329,27.643],[110.377,27.715],[110.337,27.772],[110.383,27.846],[110.314,27.902],[110.244,27.908],[110.261,27.972],[110.139,28.022],[110.107,28.086],[110.149,28.112],[110.245,28.294],[110.322,28.393],[110.445,28.524],[110.452,28.578],[110.5,28.59],[110.544,28.654],[110.667,28.669],[110.84,28.775],[110.983,28.812],[111.013,28.782],[111.1,28.857],[111.205,28.814],[111.236,28.753],[111.322,28.747],[111.463,28.843],[111.532,29.034],[111.697,29.027],[111.718,28.977],[111.811,28.978],[111.85,29.017],[111.901,28.983],[111.993,28.985]]}},{"type":"Feature","properties":{"name":"Rupert","rank":6},"geometry":{"type":"LineString","coordinates":[[-75.263,51.446],[-75.124,51.42],[-75.027,51.441],[-74.951,51.358],[-74.895,51.355],[-74.818,51.412]]}},{"type":"Feature","properties":{"name":"Rupert","rank":6},"geometry":{"type":"LineString","coordinates":[[-76.819,51.416],[-76.821,51.415],[-76.869,51.328],[-76.774,51.312],[-76.613,51.35]]}},{"type":"Feature","properties":{"name":"Rupert","rank":6},"geometry":{"type":"LineString","coordinates":[[-75.263,51.446],[-75.218,51.498],[-75.271,51.542],[-75.378,51.532],[-75.558,51.549],[-75.976,51.453],[-76.27,51.43],[-76.517,51.35],[-76.613,51.35]]}},{"type":"Feature","properties":{"name":"Rupert","rank":6},"geometry":{"type":"LineString","coordinates":[[-76.821,51.415],[-76.825,51.48],[-77.04,51.4],[-77.14,51.38],[-77.265,51.403],[-77.437,51.359],[-77.548,51.347],[-77.826,51.377],[-77.981,51.358],[-78.134,51.36],[-78.21,51.386],[-78.379,51.366],[-78.491,51.391],[-78.553,51.445],[-78.69,51.487]]}},{"type":"Feature","properties":{"name":"Rupert","rank":6},"geometry":{"type":"LineString","coordinates":[[-74.818,51.412],[-74.783,51.444],[-74.558,51.467],[-74.53,51.501],[-74.335,51.471],[-74.299,51.419],[-74.126,51.362],[-74.061,51.386],[-73.913,51.396],[-73.863,51.336],[-73.824,51.21],[-73.873,51.068],[-73.771,51.054],[-73.641,51.078]]}},{"type":"Feature","properties":{"name":"San Joaquin","rank":6},"geometry":{"type":"LineString","coordinates":[[-119.698,37],[-119.601,37.062]]}},{"type":"Feature","properties":{"name":"San Joaquin","rank":6},"geometry":{"type":"LineString","coordinates":[[-121.204,37.651],[-121.272,37.72],[-121.31,37.882],[-121.314,37.96],[-121.378,38.004],[-121.445,38.004]]}},{"type":"Feature","properties":{"name":"San Joaquin","rank":6},"geometry":{"type":"LineString","coordinates":[[-118.737,37.096],[-118.808,37.203],[-118.915,37.242],[-118.958,37.307],[-119.082,37.355],[-119.191,37.484],[-119.296,37.375],[-119.342,37.203],[-119.384,37.162],[-119.521,37.144],[-119.547,37.077],[-119.601,37.063]]}},{"type":"Feature","properties":{"name":"San Joaquin","rank":6},"geometry":{"type":"LineString","coordinates":[[-119.698,37],[-119.792,36.871],[-119.933,36.829],[-120.052,36.83],[-120.155,36.789],[-120.279,36.768],[-120.35,36.795],[-120.426,36.863],[-120.439,36.929],[-120.551,37.094],[-120.655,37.152],[-120.711,37.144],[-120.83,37.291],[-120.926,37.323],[-120.97,37.412],[-121.149,37.586],[-121.204,37.651]]}},{"type":"Feature","properties":{"name":"Ob","rank":2},"geometry":{"type":"LineString","coordinates":[[68.965,66.81],[68.713,66.775],[68.552,66.732],[68.478,66.631],[68.169,66.519],[68.038,66.508],[67.835,66.598],[67.566,66.616],[67.428,66.664],[67.297,66.667],[67.131,66.574],[67.033,66.557],[66.893,66.614],[66.527,66.651],[66.391,66.473],[66.265,66.425],[66.224,66.332],[65.868,66.222],[65.713,66.151],[65.868,66.086],[65.879,65.882],[65.688,65.725],[65.604,65.563],[65.607,65.436],[65.442,65.362],[65.246,65.168],[65.243,65.078],[65.373,65.025],[65.578,65.034],[65.655,64.959],[65.502,64.907],[65.543,64.82],[65.487,64.734],[65.755,64.634],[65.643,64.559],[65.84,64.467],[65.934,64.361],[65.868,64.286],[65.982,64.232],[66.047,64.128],[65.905,64.139],[65.883,64.089],[65.777,64.059],[65.813,63.91],[65.771,63.868],[65.865,63.791],[65.851,63.758],[65.68,63.75],[65.752,63.687],[65.757,63.537],[65.466,63.457],[65.521,63.356],[65.266,63.272],[65.201,63.144],[65.046,63.007],[65.106,62.961],[65.228,62.932],[65.337,62.868],[65.417,62.772],[65.617,62.695],[65.884,62.497],[65.989,62.471],[66.245,62.453],[66.389,62.428],[66.464,62.384],[66.521,62.297],[67.056,62.229],[67.211,62.171],[67.333,62.086],[67.432,61.912],[67.536,61.835],[67.566,61.709],[67.729,61.624],[67.901,61.609],[68.267,61.489],[68.348,61.438],[68.356,61.35],[68.27,61.248],[68.312,61.193],[68.523,61.097],[68.806,61.087],[68.857,61.124]]}},{"type":"Feature","properties":{"name":"Ob","rank":2},"geometry":{"type":"LineString","coordinates":[[67.431,66.672],[67.583,66.783],[67.725,66.791],[67.958,66.769],[68.154,66.829],[68.582,66.742]]}},{"type":"Feature","properties":{"name":"Chattahoochee","rank":6},"geometry":{"type":"LineString","coordinates":[[-83.815,34.364],[-83.817,34.364],[-83.923,34.316],[-83.977,34.22],[-84.076,34.167]]}},{"type":"Feature","properties":{"name":"Chattahoochee","rank":6},"geometry":{"type":"LineString","coordinates":[[-85.067,31.635],[-85.11,31.692],[-85.144,31.824],[-85.122,31.903],[-85.061,32.004],[-85.064,32.051]]}},{"type":"Feature","properties":{"name":"Chattahoochee","rank":6},"geometry":{"type":"LineString","coordinates":[[-84.966,30.923],[-84.944,30.892],[-84.921,30.76],[-84.876,30.719],[-84.874,30.719]]}},{"type":"Feature","properties":{"name":"Chattahoochee","rank":6},"geometry":{"type":"LineString","coordinates":[[-83.746,34.716],[-83.66,34.675],[-83.624,34.551],[-83.727,34.399],[-83.817,34.364]]}},{"type":"Feature","properties":{"name":"Chattahoochee","rank":6},"geometry":{"type":"LineString","coordinates":[[-84.076,34.167],[-84.115,34.066],[-84.268,33.971],[-84.362,34.007],[-84.441,33.917],[-84.452,33.848],[-84.676,33.654],[-84.749,33.632],[-84.809,33.582],[-84.816,33.54],[-84.946,33.444],[-84.981,33.454],[-85.045,33.396],[-85.097,33.287],[-85.064,33.149],[-85.187,33.001],[-85.201,32.935],[-85.168,32.818],[-85.131,32.779],[-85.084,32.615],[-85.003,32.523],[-84.967,32.42]]}},{"type":"Feature","properties":{"name":"Chattahoochee","rank":6},"geometry":{"type":"LineString","coordinates":[[-84.967,32.42],[-84.995,32.355],[-84.901,32.261],[-85.018,32.183],[-85.065,32.051]]}},{"type":"Feature","properties":{"name":"Chattahoochee","rank":6},"geometry":{"type":"LineString","coordinates":[[-85.067,31.635],[-85.043,31.535],[-85.11,31.271],[-85.101,31.183],[-85.018,31.087],[-85.008,30.984],[-84.966,30.923]]}},{"type":"Feature","properties":{"name":"Chattahoochee","rank":6},"geometry":{"type":"LineString","coordinates":[[-84.876,30.719],[-84.904,30.638],[-84.992,30.542],[-85.028,30.436],[-85.052,30.313],[-85.126,30.197],[-85.148,30.123],[-85.131,30.059],[-85.008,29.952],[-85.041,29.779],[-84.974,29.751]]}},{"type":"Feature","properties":{"name":"Alabama","rank":6},"geometry":{"type":"LineString","coordinates":[[-86.2,33.588],[-86.199,33.547],[-86.295,33.492],[-86.33,33.444]]}},{"type":"Feature","properties":{"name":"Alabama","rank":6},"geometry":{"type":"LineString","coordinates":[[-86.522,33.032],[-86.502,32.922],[-86.447,32.851],[-86.446,32.812],[-86.445,32.811]]}},{"type":"Feature","properties":{"name":"Alabama","rank":6},"geometry":{"type":"LineString","coordinates":[[-85.183,34.259],[-85.253,34.216],[-85.386,34.264],[-85.477,34.204],[-85.552,34.223],[-85.755,34.184],[-85.83,34.074],[-85.896,34.017],[-85.993,34.001],[-86.001,33.945],[-86.059,33.922],[-86.058,33.797],[-86.131,33.725],[-86.2,33.588]]}},{"type":"Feature","properties":{"name":"Alabama","rank":6},"geometry":{"type":"LineString","coordinates":[[-86.33,33.444],[-86.371,33.299],[-86.421,33.288],[-86.492,33.205],[-86.46,33.142],[-86.514,33.096],[-86.522,33.032]]}},{"type":"Feature","properties":{"name":"Alabama","rank":6},"geometry":{"type":"LineString","coordinates":[[-86.446,32.812],[-86.37,32.751],[-86.332,32.672],[-86.223,32.579],[-86.211,32.543],[-86.322,32.46],[-86.453,32.402],[-86.512,32.348],[-86.655,32.402],[-86.701,32.361],[-86.779,32.392],[-86.823,32.347],[-86.882,32.392],[-86.93,32.361],[-87.008,32.41],[-87.049,32.375],[-87.088,32.284],[-87.156,32.244],[-87.122,32.165],[-87.245,32.163],[-87.269,32.056],[-87.327,32.082],[-87.321,32.126],[-87.388,32.148],[-87.413,32.05],[-87.468,32.021],[-87.455,31.929],[-87.509,31.914],[-87.523,31.855],[-87.423,31.79],[-87.44,31.751],[-87.554,31.69],[-87.544,31.609],[-87.607,31.522],[-87.573,31.492],[-87.585,31.428],[-87.68,31.422],[-87.763,31.368],[-87.792,31.284],[-87.862,31.244],[-87.876,31.163],[-87.94,31.16],[-87.934,31.073],[-87.968,30.98],[-87.944,30.942],[-87.984,30.88],[-87.954,30.844],[-88.023,30.785],[-87.995,30.685]]}},{"type":"Feature","properties":{"name":"Tugaloo","rank":6},"geometry":{"type":"LineString","coordinates":[[-83.166,34.598],[-83.015,34.482],[-82.9,34.483],[-82.857,34.461],[-82.819,34.366]]}},{"type":"Feature","properties":{"name":"Tugaloo","rank":6},"geometry":{"type":"LineString","coordinates":[[-83.356,34.708],[-83.324,34.672],[-83.166,34.6]]}},{"type":"Feature","properties":{"name":"Chattooga","rank":6},"geometry":{"type":"LineString","coordinates":[[-83.121,35.076],[-83.116,34.987],[-83.158,34.935],[-83.308,34.82],[-83.356,34.708]]}},{"type":"Feature","properties":{"name":"Savannah","rank":6},"geometry":{"type":"LineString","coordinates":[[-82.589,34.018],[-82.589,34.017],[-82.571,33.968],[-82.465,33.894],[-82.363,33.844],[-82.245,33.751],[-82.208,33.664]]}},{"type":"Feature","properties":{"name":"Savannah","rank":6},"geometry":{"type":"LineString","coordinates":[[-82.819,34.366],[-82.762,34.293],[-82.735,34.185],[-82.651,34.109],[-82.589,34.017]]}},{"type":"Feature","properties":{"name":"Savannah","rank":6},"geometry":{"type":"LineString","coordinates":[[-82.208,33.664],[-82.174,33.616],[-82.041,33.56],[-81.924,33.458],[-81.931,33.361],[-81.842,33.314],[-81.818,33.225],[-81.76,33.156],[-81.518,33.039],[-81.501,32.932],[-81.438,32.848],[-81.403,32.745],[-81.406,32.624],[-81.239,32.526],[-81.201,32.484],[-81.167,32.355],[-81.13,32.3],[-81.157,32.194],[-81.132,32.131],[-81.078,32.087],[-81.02,32.091],[-80.891,32.032]]}},{"type":"Feature","properties":{"name":"Rhne","rank":6},"geometry":{"type":"LineString","coordinates":[[6.133,46.205],[6.219,46.329],[6.301,46.395],[6.397,46.408],[6.482,46.449],[6.613,46.456],[6.866,46.403]]}},{"type":"Feature","properties":{"name":"Rhône","rank":6},"geometry":{"type":"LineString","coordinates":[[8.379,46.579],[8.348,46.543],[8.007,46.338],[7.924,46.319],[7.627,46.331],[7.476,46.29],[7.43,46.261],[7.195,46.181],[7.102,46.132],[6.894,46.348],[6.866,46.403]]}},{"type":"Feature","properties":{"name":"Rhône","rank":6},"geometry":{"type":"LineString","coordinates":[[6.133,46.205],[6.051,46.205],[5.955,46.128],[5.825,46.095],[5.832,45.898],[5.789,45.797],[5.708,45.757],[5.713,45.7],[5.601,45.656],[5.45,45.793],[5.43,45.844],[5.334,45.868],[5.239,45.786],[5.134,45.823],[4.992,45.827],[4.865,45.792],[4.824,45.745],[4.841,45.683],[4.802,45.593],[4.87,45.55],[4.76,45.444],[4.755,45.402],[4.812,45.299],[4.823,45.111],[4.893,44.95],[4.869,44.885],[4.778,44.795],[4.789,44.658],[4.721,44.573],[4.666,44.392],[4.658,44.276],[4.716,44.194],[4.719,44.103],[4.851,44.025],[4.771,43.937],[4.647,43.884],[4.616,43.709]]}},{"type":"Feature","properties":{"name":"Rhône","rank":6},"geometry":{"type":"LineString","coordinates":[[4.617,43.71],[4.616,43.709]]}},{"type":"Feature","properties":{"name":"Rhône","rank":6},"geometry":{"type":"LineString","coordinates":[[4.616,43.709],[4.48,43.7],[4.419,43.589],[4.36,43.537],[4.401,43.453]]}},{"type":"Feature","properties":{"name":"Rhône","rank":6},"geometry":{"type":"LineString","coordinates":[[4.616,43.709],[4.61,43.659],[4.695,43.579]]}},{"type":"Feature","properties":{"name":"Vuoksi","rank":6},"geometry":{"type":"LineString","coordinates":[[30.534,60.63],[30.7,60.655],[30.828,60.639],[31.073,60.573],[31.187,60.5]]}},{"type":"Feature","properties":{"name":"Vuoksi","rank":6},"geometry":{"type":"LineString","coordinates":[[30.478,60.574],[30.379,60.637],[30.238,60.68],[30.074,60.704],[29.958,60.672],[29.753,60.665],[29.596,60.717]]}},{"type":"Feature","properties":{"name":"Vuoksi","rank":6},"geometry":{"type":"LineString","coordinates":[[28.788,61.204],[28.857,61.074],[29.02,61.02],[29.186,60.893],[29.302,60.878],[29.364,60.821],[29.596,60.717]]}},{"type":"Feature","properties":{"name":"Vuoksi","rank":6},"geometry":{"type":"LineString","coordinates":[[30.478,60.574],[30.534,60.63]]}},{"type":"Feature","properties":{"name":"Ord","rank":6},"geometry":{"type":"LineString","coordinates":[[128.739,-16.108],[128.717,-16.179],[128.738,-16.215],[128.728,-16.411],[128.7,-16.578],[128.763,-16.669],[128.734,-16.789]]}},{"type":"Feature","properties":{"name":"Ord","rank":6},"geometry":{"type":"LineString","coordinates":[[128.739,-16.108],[128.688,-16.101],[128.701,-15.998],[128.749,-15.952],[128.765,-15.877],[128.712,-15.722],[128.713,-15.644],[128.666,-15.556],[128.566,-15.569],[128.536,-15.518],[128.482,-15.575],[128.375,-15.528],[128.289,-15.402]]}},{"type":"Feature","properties":{"name":"Ord","rank":6},"geometry":{"type":"LineString","coordinates":[[127.578,-17.623],[127.675,-17.568],[127.744,-17.573],[127.852,-17.476],[127.892,-17.464],[128.056,-17.471],[128.233,-17.543],[128.33,-17.683],[128.397,-17.709],[128.45,-17.698],[128.523,-17.621],[128.62,-17.588],[128.646,-17.54],[128.758,-17.462],[128.903,-17.296],[128.848,-17.131],[128.873,-17.068],[128.762,-17.011],[128.701,-16.961],[128.691,-16.827],[128.734,-16.789]]}},{"type":"Feature","properties":{"name":"Sutlej","rank":6},"geometry":{"type":"LineString","coordinates":[[76.765,31.409],[76.737,31.309],[76.65,31.268],[76.61,31.289],[76.469,31.426],[76.435,31.422]]}},{"type":"Feature","properties":{"name":"Sutlej","rank":6},"geometry":{"type":"LineString","coordinates":[[81.295,30.792],[81.294,30.792],[81.199,30.852]]}},{"type":"Feature","properties":{"name":"Sutlej","rank":6},"geometry":{"type":"LineString","coordinates":[[76.435,31.422],[76.374,31.409],[76.378,31.339],[76.437,31.243],[76.538,31.183],[76.587,31.079],[76.531,31.046],[76.532,30.997],[76.453,30.974],[76.395,31.012],[76.22,31.019],[76.083,30.991],[76,30.994],[75.923,31.023],[75.83,30.997],[75.539,30.973],[75.396,30.985],[75.296,31.035],[75.198,31.052],[75.177,31.09],[75.017,31.182],[74.811,31.148],[74.762,31.108],[74.708,31.114],[74.601,31.057],[74.519,30.963],[74.458,30.954],[74.401,30.893],[74.329,30.9],[74.266,30.789],[74.191,30.717],[74.163,30.665],[74.057,30.592],[74.057,30.532],[74.004,30.509],[73.906,30.395],[73.834,30.353],[73.77,30.368],[73.665,30.317],[73.571,30.313],[73.54,30.278],[73.418,30.225],[73.341,30.216],[73.335,30.171],[73.139,30.087],[73.053,30.093],[73.034,30.055],[72.945,29.99],[72.913,30.008],[72.768,29.943],[72.71,29.902],[72.636,29.893],[72.618,29.826],[72.474,29.853],[72.324,29.805],[72.25,29.712],[72.186,29.706],[72.148,29.66],[72.166,29.579],[72.065,29.547],[72.018,29.507],[71.881,29.462],[71.806,29.477],[71.72,29.443],[71.668,29.474],[71.568,29.394],[71.388,29.366],[71.359,29.402],[71.255,29.426],[71.218,29.387],[71.168,29.397],[71.022,29.367]]}},{"type":"Feature","properties":{"name":"Sutlej","rank":6},"geometry":{"type":"LineString","coordinates":[[81.199,30.852],[81.151,30.919],[80.937,30.989],[80.863,31.058],[80.766,31.121],[80.653,31.127],[80.563,31.096],[80.485,31.046],[80.286,31.114],[80.232,31.159],[80.152,31.186],[80.086,31.26],[79.998,31.306],[80.002,31.343],[79.93,31.402],[79.895,31.462],[79.807,31.498],[79.679,31.487],[79.526,31.51],[79.436,31.561],[79.354,31.633],[79.121,31.697],[79.049,31.69],[78.991,31.649],[78.93,31.671],[78.92,31.716],[78.843,31.805],[78.77,31.808],[78.703,31.847],[78.638,31.81],[78.628,31.765],[78.455,31.675],[78.442,31.6],[78.314,31.609],[78.272,31.528],[78.189,31.512],[77.946,31.573],[77.829,31.564],[77.703,31.505],[77.633,31.454],[77.621,31.395],[77.538,31.354],[77.356,31.351],[77.32,31.288],[77.138,31.238],[76.994,31.307],[76.884,31.415],[76.825,31.429],[76.765,31.409]]}},{"type":"Feature","properties":{"name":"Sutlej","rank":6},"geometry":{"type":"LineString","coordinates":[[81.376,30.758],[81.294,30.792]]}},{"type":"Feature","properties":{"name":"Coppermine","rank":6},"geometry":{"type":"LineString","coordinates":[[-114.173,65.639],[-114.173,65.638],[-114.357,65.629],[-114.371,65.512],[-114.032,65.439],[-114.044,65.375],[-113.743,65.325],[-113.488,65.319],[-113.418,65.288],[-113.147,65.279],[-112.827,65.226],[-112.659,65.172],[-112.397,65.183],[-112.406,65.126],[-112.318,64.96]]}},{"type":"Feature","properties":{"name":"Coppermine","rank":6},"geometry":{"type":"LineString","coordinates":[[-112.343,64.899],[-112.264,64.831],[-111.953,64.735],[-111.966,64.638]]}},{"type":"Feature","properties":{"name":"Coppermine","rank":6},"geometry":{"type":"LineString","coordinates":[[-114.173,65.638],[-114.166,65.699],[-114.347,65.747],[-114.425,65.816],[-114.444,66.005],[-114.284,66.115],[-114.345,66.222],[-114.492,66.321],[-114.636,66.536],[-114.81,66.615],[-115.047,66.693],[-115.261,66.71],[-115.773,66.838],[-116.095,66.823],[-116.235,66.803],[-116.307,66.856],[-116.364,66.958],[-116.175,67.055],[-116.103,67.133],[-116.218,67.228],[-115.695,67.216],[-115.557,67.262],[-115.723,67.341],[-115.729,67.413],[-115.591,67.523],[-115.5,67.684],[-115.237,67.782],[-115.112,67.804]]}},{"type":"Feature","properties":{"name":"Coppermine","rank":6},"geometry":{"type":"LineString","coordinates":[[-112.318,64.96],[-112.343,64.899]]}},{"type":"Feature","properties":{"name":"Coppermine","rank":6},"geometry":{"type":"LineString","coordinates":[[-111.212,64.583],[-111.426,64.544],[-111.602,64.576],[-111.605,64.619],[-111.966,64.638]]}},{"type":"Feature","properties":{"name":"Danube","rank":2},"geometry":{"type":"LineString","coordinates":[[17.206,48.061],[17.272,48.006],[17.369,47.981],[17.471,47.889],[17.676,47.789],[17.825,47.75],[18.112,47.763],[18.235,47.754],[18.347,47.777],[18.552,47.793],[18.692,47.778],[18.79,47.827],[18.948,47.803],[19.014,47.829],[19.107,47.803],[19.128,47.736],[19.112,47.654],[19.054,47.54],[19.036,47.413],[18.974,47.379],[18.92,47.293],[18.879,47.149],[18.903,47.082],[18.968,47.033],[18.967,46.917],[18.933,46.821],[18.985,46.776],[19.002,46.709],[18.953,46.656],[18.858,46.615],[18.92,46.499],[18.892,46.378],[18.913,46.331],[18.915,46.195],[18.7,46.045],[18.722,45.985],[18.806,45.924],[18.854,45.859],[18.844,45.816],[18.968,45.669],[18.912,45.619],[18.925,45.553],[19.018,45.568],[19.094,45.526],[18.996,45.474],[19.028,45.412],[19.003,45.366],[19.091,45.35],[19.162,45.285],[19.363,45.248],[19.53,45.267],[19.599,45.228],[19.698,45.247],[19.811,45.228],[19.899,45.279],[19.966,45.199],[20.065,45.175],[20.185,45.185],[20.289,45.132],[20.357,45.034],[20.303,44.955],[20.397,44.865],[20.455,44.84],[20.639,44.837],[20.633,44.765],[20.764,44.668],[20.883,44.673],[20.99,44.717],[21.164,44.748],[21.269,44.814],[21.36,44.827],[21.395,44.79],[21.595,44.766],[21.656,44.688],[21.756,44.678],[21.855,44.699],[22.004,44.652],[22.045,44.569],[22.104,44.51],[22.185,44.515],[22.319,44.686],[22.426,44.734],[22.483,44.724],[22.621,44.638],[22.699,44.631],[22.765,44.583],[22.699,44.542],[22.621,44.569],[22.484,44.5],[22.48,44.456],[22.549,44.349],[22.681,44.306],[22.69,44.229],[22.906,44.123],[23.031,44.093],[23.022,44.032],[22.885,43.995],[22.85,43.897],[22.919,43.834],[23.131,43.848],[23.325,43.887]]}},{"type":"Feature","properties":{"name":"Danube","rank":2},"geometry":{"type":"LineString","coordinates":[[23.325,43.887],[23.484,43.881],[23.592,43.838],[23.72,43.846],[23.799,43.819],[24.159,43.753],[24.358,43.76],[24.5,43.8],[24.705,43.744],[24.963,43.75],[25.081,43.719],[25.252,43.705],[25.359,43.654],[25.556,43.671],[25.671,43.718],[25.781,43.732],[25.934,43.871],[26.054,43.935],[26.15,44.013],[26.31,44.053],[26.614,44.085],[26.789,44.116],[26.884,44.157],[27.027,44.177],[27.1,44.145],[27.226,44.121],[27.292,44.151],[27.445,44.134],[27.608,44.205],[27.733,44.21],[27.789,44.24],[27.934,44.266],[27.993,44.304],[28.048,44.398],[28.109,44.458],[28.086,44.505],[28.007,44.532],[28.034,44.631],[27.916,44.694],[27.877,44.744],[27.815,44.813],[27.879,44.882],[27.877,45.005],[27.952,45.128],[27.942,45.224],[28.018,45.343],[28.034,45.402],[28.107,45.43],[28.17,45.415],[28.237,45.452],[28.33,45.323],[28.577,45.248],[28.747,45.231]]}},{"type":"Feature","properties":{"name":"Atbara","rank":6},"geometry":{"type":"LineString","coordinates":[[35.902,14.936],[35.903,14.84],[35.935,14.804],[35.895,14.62]]}},{"type":"Feature","properties":{"name":"Atbara","rank":6},"geometry":{"type":"LineString","coordinates":[[35.586,16.004],[35.612,15.948],[35.595,15.83],[35.623,15.704],[35.622,15.62],[35.709,15.47],[35.764,15.406],[35.771,15.319],[35.844,15.209],[35.936,15.127],[35.997,15.003],[35.984,14.969],[35.902,14.936]]}},{"type":"Feature","properties":{"name":"Atbara","rank":6},"geometry":{"type":"LineString","coordinates":[[35.583,16],[35.506,16.095],[35.451,16.231],[35.38,16.27],[35.275,16.417],[35.273,16.51],[35.162,16.673],[35.07,16.772],[34.96,16.934],[34.955,17.027],[34.921,17.063],[34.835,17.083],[34.733,17.146],[34.655,17.228],[34.527,17.261],[34.247,17.409],[34.201,17.468],[34.207,17.517],[34.146,17.601],[33.985,17.666]]}},{"type":"Feature","properties":{"name":"Biya","rank":6},"geometry":{"type":"LineString","coordinates":[[87.756,51.364],[87.756,51.447],[87.68,51.597],[87.662,51.726],[87.631,51.745],[87.392,51.762]]}},{"type":"Feature","properties":{"name":"Biya","rank":6},"geometry":{"type":"LineString","coordinates":[[87.392,51.762],[87.238,51.798],[87.111,51.868],[87.083,51.964],[87.134,52.003],[87.094,52.057],[87.084,52.152],[87.114,52.269],[86.938,52.365],[86.902,52.45],[86.775,52.461],[86.616,52.54],[86.574,52.587],[86.449,52.639],[86.342,52.612],[86.356,52.56],[86.31,52.508],[86.172,52.54],[86.16,52.592],[86.058,52.635],[85.954,52.604],[85.903,52.561],[85.744,52.584],[85.71,52.611],[85.494,52.584],[85.454,52.563],[85.306,52.57],[85.169,52.481],[85.056,52.434]]}},{"type":"Feature","properties":{"name":null,"rank":6},"geometry":{"type":"LineString","coordinates":[[-103.167,55.874],[-103.081,55.993],[-103.081,55.995]]}},{"type":"Feature","properties":{"name":null,"rank":6},"geometry":{"type":"LineString","coordinates":[[-103.241,56.278],[-103.12,56.229],[-103.189,56.141],[-103.081,55.993]]}},{"type":"Feature","properties":{"name":null,"rank":6},"geometry":{"type":"LineString","coordinates":[[-103.167,55.874],[-103.149,55.752],[-103.175,55.657],[-103.154,55.578]]}},{"type":"Feature","properties":{"name":"Rainy","rank":6},"geometry":{"type":"LineString","coordinates":[[-91.319,48.828],[-91.401,48.914],[-91.513,48.923],[-91.63,48.865]]}},{"type":"Feature","properties":{"name":"Rainy","rank":6},"geometry":{"type":"LineString","coordinates":[[-93.382,48.616],[-93.314,48.633],[-93.018,48.636],[-92.779,48.678]]}},{"type":"Feature","properties":{"name":"Rainy","rank":6},"geometry":{"type":"LineString","coordinates":[[-90.503,49.329],[-90.602,49.23],[-90.582,49.152],[-90.62,49.096],[-90.696,49.052],[-90.859,49.054],[-91.029,49.029],[-91.128,48.967],[-91.182,48.888],[-91.319,48.828]]}},{"type":"Feature","properties":{"name":"Rainy","rank":6},"geometry":{"type":"LineString","coordinates":[[-91.63,48.865],[-91.662,48.781],[-91.805,48.783],[-92.012,48.746],[-92.125,48.801],[-92.291,48.759],[-92.618,48.694],[-92.779,48.678]]}},{"type":"Feature","properties":{"name":"Rainy","rank":6},"geometry":{"type":"LineString","coordinates":[[-93.377,48.617],[-93.382,48.616],[-93.452,48.598],[-93.493,48.543],[-93.758,48.517],[-93.81,48.544],[-93.876,48.637],[-94.233,48.652],[-94.312,48.714],[-94.48,48.701],[-94.594,48.727],[-94.69,48.779],[-94.713,48.863]]}},{"type":"Feature","properties":{"name":"Winnipeg","rank":6},"geometry":{"type":"LineString","coordinates":[[-96.598,50.979],[-96.397,50.677],[-96.295,50.625],[-96.294,50.624]]}},{"type":"Feature","properties":{"name":"Winnipeg","rank":6},"geometry":{"type":"LineString","coordinates":[[-96.026,50.283],[-95.989,50.404],[-95.989,50.405]]}},{"type":"Feature","properties":{"name":"Winnipeg","rank":6},"geometry":{"type":"LineString","coordinates":[[-94.614,49.993],[-94.582,49.883],[-94.512,49.786],[-94.463,49.654],[-94.472,49.612],[-94.633,49.507],[-94.78,49.457],[-94.861,49.377],[-94.854,49.116],[-94.834,49.049],[-94.713,48.863]]}},{"type":"Feature","properties":{"name":"Winnipeg","rank":6},"geometry":{"type":"LineString","coordinates":[[-95.989,50.404],[-96.056,50.479],[-96.295,50.625]]}},{"type":"Feature","properties":{"name":"Winnipeg","rank":6},"geometry":{"type":"LineString","coordinates":[[-94.614,49.993],[-94.663,50.034],[-94.588,50.124],[-94.793,50.137],[-94.993,50.122],[-95.02,50.199],[-95.147,50.236],[-95.232,50.281],[-95.168,50.324],[-95.215,50.364],[-95.411,50.377],[-95.535,50.339],[-95.567,50.241],[-95.638,50.186],[-96.025,50.137],[-96.061,50.179],[-96.026,50.283]]}},{"type":"Feature","properties":{"name":"Back","rank":6},"geometry":{"type":"LineString","coordinates":[[-97.267,65.974],[-97.125,66.036],[-97.076,66.122],[-96.995,66.152],[-96.995,66.151]]}},{"type":"Feature","properties":{"name":"Back","rank":6},"geometry":{"type":"LineString","coordinates":[[-98.656,65.928],[-98.666,66.018],[-98.84,66.018],[-99.051,66.099],[-99.308,65.97],[-99.513,65.908],[-99.804,65.872],[-99.996,65.925],[-100.333,65.9],[-100.473,65.859],[-100.649,65.888],[-100.737,65.857],[-100.91,65.907],[-101.024,65.876],[-101.332,65.885],[-101.401,65.913],[-101.679,65.957],[-101.77,65.947]]}},{"type":"Feature","properties":{"name":"Back","rank":6},"geometry":{"type":"LineString","coordinates":[[-108.089,64.715],[-107.979,64.72]]}},{"type":"Feature","properties":{"name":"Back","rank":6},"geometry":{"type":"LineString","coordinates":[[-108.533,64.562],[-108.325,64.604],[-108.18,64.686]]}},{"type":"Feature","properties":{"name":"Back","rank":6},"geometry":{"type":"LineString","coordinates":[[-96.995,66.152],[-96.788,66.081],[-96.541,66.072],[-96.279,66.158],[-96.017,66.318],[-95.943,66.343],[-95.792,66.505],[-95.821,66.591]]}},{"type":"Feature","properties":{"name":"Back","rank":6},"geometry":{"type":"LineString","coordinates":[[-98.656,65.927],[-98.549,65.871],[-98.421,65.937],[-98.135,65.922],[-98.101,65.987],[-97.939,66.037],[-97.681,65.982],[-97.398,65.939],[-97.267,65.974]]}},{"type":"Feature","properties":{"name":"Back","rank":6},"geometry":{"type":"LineString","coordinates":[[-107.979,64.72],[-107.806,64.766],[-107.723,64.829],[-107.702,64.897],[-107.54,64.954],[-107.499,65.034],[-107.378,65.071],[-107.369,65.24],[-107.423,65.326],[-107.178,65.488],[-107.066,65.495],[-106.879,65.448],[-106.631,65.272],[-106.506,65.243],[-106.135,65.241],[-106.104,65.193],[-105.489,65.119],[-105.388,65.083],[-105.192,65.061],[-105.004,65.083],[-104.915,65.069],[-104.627,65.129],[-104.017,65.206],[-103.667,65.288],[-103.671,65.308],[-103.3,65.413],[-103.305,65.46],[-103.012,65.599],[-102.688,65.595],[-102.496,65.61],[-102.251,65.602],[-102.072,65.699],[-102.167,65.796],[-101.77,65.947]]}},{"type":"Feature","properties":{"name":"Back","rank":6},"geometry":{"type":"LineString","coordinates":[[-108.18,64.686],[-108.09,64.715]]}},{"type":"Feature","properties":{"name":"Back","rank":6},"geometry":{"type":"LineString","coordinates":[[-108.828,64.562],[-108.533,64.562]]}},{"type":"Feature","properties":{"name":"South Saskatchewan","rank":6},"geometry":{"type":"LineString","coordinates":[[-106.853,51.262],[-106.774,51.168],[-106.636,51.086],[-106.759,51.04],[-106.858,51.032],[-106.916,50.926],[-106.966,50.884],[-106.957,50.822],[-107.073,50.744],[-107.172,50.754],[-107.284,50.703],[-107.385,50.696],[-107.551,50.629],[-107.627,50.658],[-107.868,50.676],[-108.006,50.658]]}},{"type":"Feature","properties":{"name":"South Saskatchewan","rank":6},"geometry":{"type":"LineString","coordinates":[[-116.422,51.667],[-116.318,51.626],[-116.312,51.544],[-116.215,51.461],[-116.14,51.428],[-116.073,51.359],[-115.868,51.27],[-115.815,51.262],[-115.723,51.194],[-115.615,51.178],[-115.542,51.209],[-115.443,51.182],[-115.361,51.105],[-115.26,51.055],[-115.106,51.103],[-115.023,51.15],[-114.922,51.165],[-114.674,51.248],[-114.555,51.227],[-114.439,51.176],[-114.261,51.136],[-114.239,51.11],[-114.015,51.021],[-114.039,50.982],[-113.965,50.856],[-113.845,50.846],[-113.792,50.815],[-113.516,50.795],[-113.338,50.856],[-113.196,50.863],[-113.138,50.833],[-113.153,50.778],[-113.025,50.754],[-112.944,50.792],[-112.739,50.763],[-112.65,50.794],[-112.514,50.706],[-112.466,50.633],[-112.378,50.624],[-112.34,50.47],[-112.165,50.412],[-112.178,50.345],[-112.097,50.274],[-112.053,50.2],[-111.88,50.193],[-111.843,50.146],[-111.678,50.144],[-111.581,50.047],[-111.599,49.98],[-111.704,49.929]]}},{"type":"Feature","properties":{"name":"South Saskatchewan","rank":6},"geometry":{"type":"LineString","coordinates":[[-106.853,51.263],[-106.969,51.329],[-106.996,51.384],[-107.069,51.429],[-107.049,51.587],[-106.94,51.663],[-106.792,51.727],[-106.728,51.813],[-106.769,51.972],[-106.713,51.991],[-106.713,52.076],[-106.608,52.159],[-106.6,52.194],[-106.464,52.287],[-106.402,52.38],[-106.344,52.4],[-106.289,52.481],[-106.155,52.563],[-106.108,52.663],[-106.128,52.775],[-106.012,52.914],[-105.894,52.906],[-105.744,52.933],[-105.711,52.998],[-105.614,53.022],[-105.525,53.009],[-105.491,53.111],[-105.415,53.159],[-105.221,53.139],[-105.085,53.189],[-105.065,53.24]]}},{"type":"Feature","properties":{"name":"South Saskatchewan","rank":6},"geometry":{"type":"LineString","coordinates":[[-111.706,49.931],[-111.704,49.929]]}},{"type":"Feature","properties":{"name":"South Saskatchewan","rank":6},"geometry":{"type":"LineString","coordinates":[[-111.704,49.929],[-111.627,49.891],[-111.548,49.918],[-111.44,49.914],[-111.425,49.967],[-111.264,50.047],[-111.15,50.062],[-110.961,50.023],[-110.836,50.083],[-110.743,50.037],[-110.63,50.069],[-110.688,50.125],[-110.582,50.141],[-110.591,50.218],[-110.65,50.247],[-110.589,50.384],[-110.589,50.438],[-110.5,50.459],[-110.421,50.417],[-110.382,50.585],[-110.195,50.635],[-110.075,50.795],[-110.003,50.84],[-110.018,50.894],[-109.928,50.899],[-109.842,50.953],[-109.736,50.932],[-109.693,50.971],[-109.464,50.96],[-109.308,51.008],[-109.114,51.022],[-108.946,51.014],[-108.807,50.946],[-108.697,50.96],[-108.612,50.928],[-108.499,50.918],[-108.447,50.866],[-108.429,50.796],[-108.268,50.677],[-108.067,50.677],[-108.006,50.658]]}},{"type":"Feature","properties":{"name":"South Saskatchewan","rank":6},"geometry":{"type":"LineString","coordinates":[[-111.704,49.929],[-111.706,49.925]]}},{"type":"Feature","properties":{"name":"White Volta","rank":6},"geometry":{"type":"LineString","coordinates":[[-0.974,8.661],[-1.002,8.751],[-1.097,8.831],[-1.157,8.92],[-1.126,9.078],[-1.152,9.117]]}},{"type":"Feature","properties":{"name":"White Volta","rank":6},"geometry":{"type":"LineString","coordinates":[[-2.083,14.01],[-2.09,13.98],[-2.063,13.787],[-2.057,13.68],[-2.125,13.528],[-2.063,13.427],[-2.043,13.325],[-2.093,13.226],[-2.096,13.164],[-2.149,13.081],[-2.09,13.029],[-2.018,13.029],[-1.98,13.071],[-1.876,13.06],[-1.82,13.078],[-1.686,13.064],[-1.557,12.997],[-1.483,12.99],[-1.453,12.934],[-1.344,12.98],[-1.267,12.974],[-1.193,12.9],[-1.158,12.811],[-1.152,12.697],[-1.09,12.663],[-1.076,12.504],[-1.06,12.448],[-1.115,12.321],[-1.097,12.242],[-1.034,12.15],[-1.022,12.088],[-0.899,11.95],[-0.893,11.895],[-0.833,11.882],[-0.767,11.81],[-0.76,11.732],[-0.795,11.694],[-0.754,11.615],[-0.744,11.549],[-0.626,11.521],[-0.562,11.488],[-0.482,11.38],[-0.522,11.34],[-0.435,11.194],[-0.367,11.145],[-0.357,11.056],[-0.384,10.838],[-0.329,10.796],[-0.368,10.735],[-0.336,10.638],[-0.41,10.607],[-0.481,10.622],[-0.507,10.563],[-0.589,10.543],[-0.687,10.571],[-0.72,10.652],[-0.785,10.643],[-0.891,10.501],[-1.013,10.534],[-1.069,10.481],[-1.049,10.37],[-1.067,10.327],[-1.007,10.249],[-1.01,10.188],[-1.09,10.138],[-1.02,10.074],[-0.992,9.952],[-1.004,9.853],[-0.943,9.755],[-0.974,9.706],[-1.062,9.673],[-1.09,9.705],[-1.168,9.727],[-1.247,9.699],[-1.378,9.617],[-1.395,9.562],[-1.354,9.503],[-1.367,9.408],[-1.243,9.258],[-1.226,9.154],[-1.152,9.117]]}},{"type":"Feature","properties":{"name":"Kemijoki","rank":6},"geometry":{"type":"LineString","coordinates":[[27.385,66.765],[27.551,66.684],[27.563,66.636],[27.389,66.593],[27.359,66.467]]}},{"type":"Feature","properties":{"name":"Kemijoki","rank":6},"geometry":{"type":"LineString","coordinates":[[28.781,68.105],[28.98,67.975],[28.827,67.841],[28.842,67.784],[28.685,67.653],[28.564,67.608],[28.456,67.524],[28.157,67.399],[28.195,67.276],[28.062,67.279],[28.055,67.221],[27.753,67.194],[27.52,67.091],[27.56,67.006],[27.467,66.897],[27.474,66.841],[27.385,66.765]]}},{"type":"Feature","properties":{"name":"Kemijoki","rank":6},"geometry":{"type":"LineString","coordinates":[[27.359,66.467],[27.312,66.385],[27.15,66.336],[26.154,66.415],[26.116,66.454],[25.927,66.516],[25.828,66.522],[25.595,66.429],[25.433,66.419],[25.382,66.365],[25.335,66.207],[25.121,66.134],[24.875,66.107],[24.791,66.071],[24.711,65.912]]}},{"type":"Feature","properties":{"name":"Vilyuy","rank":6},"geometry":{"type":"LineString","coordinates":[[109.587,63.455],[109.659,63.478],[109.889,63.416],[110.088,63.492],[110.306,63.445],[110.462,63.356],[110.409,63.255],[110.432,63.165],[110.587,63.186],[110.679,63.131],[110.546,63.08],[110.68,63.041],[110.751,62.992],[110.932,62.948],[111.081,62.937],[111.056,62.997],[111.133,63.047],[111.315,63.099],[111.537,63.085],[111.696,63.249],[111.876,63.208],[111.917,63.08],[111.742,63.022],[111.772,62.946],[111.939,62.861],[112.164,62.855],[112.213,62.888],[112.284,63.03],[112.399,63.06],[112.48,63.021]]}},{"type":"Feature","properties":{"name":"Vilyuy","rank":6},"geometry":{"type":"LineString","coordinates":[[103.516,65.994],[103.731,66.013],[103.795,65.959],[103.968,65.915],[104.004,65.834],[104.13,65.755],[104.277,65.756],[104.539,65.714],[104.73,65.645],[105.054,65.652],[105.242,65.692],[105.236,65.741],[105.446,65.775],[105.628,65.708],[105.919,65.538],[105.915,65.447],[105.999,65.427],[106.135,65.46],[106.302,65.42],[106.472,65.416],[106.528,65.456],[106.738,65.481],[106.775,65.561],[107.218,65.616],[107.587,65.638],[107.8,65.583],[107.854,65.523],[107.821,65.46],[107.922,65.371],[108.057,65.322],[108.273,65.337],[108.417,65.26],[108.584,65.22],[108.823,65.089],[109.063,65.156],[109.184,65.114],[109.232,65.035],[109.481,64.981],[109.506,64.912],[109.451,64.843],[109.344,64.803],[109.322,64.685],[109.535,64.633],[109.533,64.543],[109.326,64.504],[109.428,64.375],[109.349,64.317],[109.203,64.337],[109.095,64.309],[109.113,64.252],[109.046,64.159],[109.245,64.151],[109.361,64.182],[109.542,64.153],[109.542,64.084],[109.387,64.054],[109.444,63.911],[109.565,63.885],[109.49,63.816],[109.456,63.733],[109.239,63.678],[109.337,63.62],[109.352,63.552],[109.442,63.495],[109.587,63.455]]}},{"type":"Feature","properties":{"name":"Vilyuy","rank":6},"geometry":{"type":"LineString","coordinates":[[126.43,64.414],[126.429,64.412],[126.427,64.26],[125.986,63.996],[125.816,63.949],[125.357,63.906],[125.18,63.869],[124.746,63.978],[124.609,63.987],[124.609,64.032],[124.363,64.041],[124.238,64.073],[124.007,64.05],[123.737,64.105],[123.256,63.958],[123.179,63.91],[122.981,63.904],[122.825,63.94],[122.678,63.905],[122.515,63.908],[122.369,63.875],[121.855,63.874],[121.608,63.785],[121.261,63.783],[121.156,63.796],[121.07,63.719],[120.897,63.752],[120.665,63.638],[120.477,63.643],[120.496,63.513],[120.441,63.479],[120.231,63.511],[120.042,63.579],[119.929,63.591],[119.741,63.571],[119.58,63.521],[119.222,63.516],[119.12,63.478],[118.907,63.49],[118.848,63.435],[118.927,63.399],[118.867,63.349],[118.767,63.347],[118.6,63.296],[118.332,63.295],[118.205,63.25],[118.113,63.277],[117.875,63.262],[117.629,63.171],[117.536,63.05],[117.523,62.932],[117.445,62.838],[117.502,62.78],[117.418,62.706],[117.444,62.657],[117.416,62.556],[117.544,62.492],[117.52,62.346],[117.733,62.208],[117.599,62.102],[117.546,62.116],[117.432,62.008],[117.354,61.999],[117.175,61.929],[116.653,62.004],[116.423,62.017],[116.395,62.064],[116.287,62.074],[116.112,62.178],[116.172,62.259],[116.104,62.306],[115.967,62.318],[115.87,62.36],[115.755,62.37],[115.728,62.462],[115.777,62.586],[115.536,62.577],[115.368,62.635],[115.309,62.737],[115.382,62.795],[115.204,62.845],[115.294,62.936],[115.208,63.018],[115.086,63.057],[114.918,62.992],[114.706,63.029],[114.615,63.096],[114.68,63.166],[114.624,63.192],[114.288,63.134],[114.173,63.136],[114.114,63.195],[114.004,63.2],[113.743,63.256],[113.631,63.218],[113.472,63.116],[113.496,63.06],[113.317,63.057],[113.367,62.955],[113.446,62.905],[113.402,62.838],[113.318,62.824],[113.238,62.886],[113.236,62.945],[113.167,62.985],[113.047,62.986],[112.891,63.066],[112.799,63.041],[112.715,62.948],[112.48,63.02]]}},{"type":"Feature","properties":{"name":"Ideriyn","rank":2},"geometry":{"type":"LineString","coordinates":[[98.007,47.999],[97.931,47.992],[97.796,48.045],[97.655,48.047],[97.521,48.099],[97.496,48.14],[97.415,48.152],[97.392,48.225],[97.46,48.318],[97.438,48.475],[97.542,48.594],[97.719,48.702],[97.861,48.754],[97.982,48.769],[98.103,48.726],[98.206,48.74],[98.645,48.732],[98.851,48.718],[98.885,48.697],[99.147,48.625],[99.307,48.608],[99.415,48.68],[99.6,48.737],[99.723,48.796],[99.913,48.847],[99.963,48.885],[100.246,48.964],[100.291,49.014],[100.406,49.026],[100.473,49.059],[100.59,49.078],[100.685,49.168],[100.7,49.263]]}},{"type":"Feature","properties":{"name":"Han","rank":6},"geometry":{"type":"LineString","coordinates":[[111.478,32.568],[111.365,32.575],[111.139,32.689],[111.046,32.704],[111,32.741]]}},{"type":"Feature","properties":{"name":"Han","rank":6},"geometry":{"type":"LineString","coordinates":[[106.398,33.068],[106.473,33.115],[106.666,33.144],[106.7,33.122],[106.884,33.131],[107.016,33.038],[107.156,33.047],[107.213,33.097],[107.323,33.101],[107.547,33.191],[107.645,33.171],[107.787,33.169],[107.889,33.244],[107.96,33.188],[107.937,33.134],[108.026,33.047],[108.22,33.032],[108.279,32.989],[108.248,32.926],[108.286,32.8],[108.472,32.633],[108.448,32.599],[108.523,32.529],[108.616,32.488],[108.697,32.492],[108.758,32.537],[108.76,32.602],[108.89,32.612],[108.903,32.643],[108.996,32.656],[109.033,32.711],[109.086,32.724],[109.149,32.788],[109.255,32.752],[109.335,32.759],[109.413,32.868],[109.566,32.883],[109.739,32.937]]}},{"type":"Feature","properties":{"name":"Han","rank":6},"geometry":{"type":"LineString","coordinates":[[109.739,32.93],[109.835,32.896],[109.899,32.914],[109.993,32.889],[110.124,32.813],[110.215,32.813],[110.274,32.79],[110.398,32.858],[110.507,32.813],[110.567,32.829],[110.637,32.793],[110.746,32.862],[110.824,32.815],[110.866,32.834],[110.952,32.801],[111,32.741]]}},{"type":"Feature","properties":{"name":"Han","rank":6},"geometry":{"type":"LineString","coordinates":[[111.478,32.568],[111.492,32.53],[111.615,32.454],[111.665,32.402],[111.633,32.349],[111.699,32.265],[111.694,32.224],[111.801,32.135],[111.827,32.079],[111.932,32.094],[112.027,32.046],[112.193,32.022],[112.168,31.939],[112.22,31.884],[112.177,31.797],[112.268,31.738],[112.337,31.724],[112.452,31.55],[112.452,31.443],[112.402,31.358],[112.57,31.193],[112.508,31.063],[112.589,30.869],[112.65,30.783],[112.596,30.676],[112.703,30.662],[112.679,30.605],[112.693,30.552],[112.784,30.577],[112.816,30.518],[112.884,30.508],[112.951,30.531],[113.066,30.511],[113.113,30.453],[113.196,30.429],[113.289,30.429],[113.427,30.395],[113.486,30.399],[113.546,30.473],[113.623,30.532],[113.647,30.586],[113.739,30.627],[113.789,30.6],[113.848,30.655],[113.885,30.633],[113.968,30.662],[113.996,30.625],[114.07,30.6],[114.171,30.598],[114.283,30.568],[114.29,30.566]]}},{"type":"Feature","properties":{"name":"Mahäna Nadï","rank":6},"geometry":{"type":"LineString","coordinates":[[83.858,21.52],[83.857,21.52],[83.714,21.695],[83.575,21.748],[83.528,21.72],[83.467,21.646],[83.39,21.692],[83.3,21.695]]}},{"type":"Feature","properties":{"name":"Mahäna Nadï","rank":6},"geometry":{"type":"LineString","coordinates":[[83.857,21.52],[83.934,21.492],[83.98,21.432],[83.975,21.39],[83.897,21.308],[83.903,21.188],[83.83,21.055],[83.833,20.931],[83.965,20.836],[84.048,20.814],[84.168,20.876],[84.229,20.891],[84.313,20.868],[84.365,20.757],[84.516,20.736],[84.73,20.608],[84.764,20.539],[84.81,20.512],[84.895,20.518],[85.016,20.439],[85.169,20.378],[85.233,20.396],[85.266,20.367],[85.344,20.357],[85.397,20.382],[85.495,20.376],[85.554,20.396],[85.645,20.458],[85.724,20.437],[85.772,20.471],[85.865,20.446],[85.964,20.362],[86.011,20.367],[86.063,20.261],[86.133,20.221],[86.159,20.143]]}},{"type":"Feature","properties":{"name":"Mahäna Nadï","rank":6},"geometry":{"type":"LineString","coordinates":[[80.625,20.599],[80.615,20.698],[80.632,20.753],[80.748,20.779],[80.81,20.863],[80.842,20.936],[80.931,21.028],[81.031,21.065],[81.088,21.054],[81.135,21.096],[81.232,21.102],[81.266,21.239],[81.32,21.376],[81.369,21.435],[81.356,21.487],[81.389,21.574],[81.436,21.617],[81.519,21.613],[81.602,21.637],[81.619,21.591],[81.674,21.576],[81.713,21.69],[81.701,21.758],[81.879,21.782],[82.035,21.888],[82.109,21.849],[82.17,21.852],[82.186,21.788],[82.277,21.76],[82.325,21.719],[82.444,21.754],[82.659,21.721],[82.806,21.735],[82.852,21.703],[83.017,21.735],[83.3,21.695]]}},{"type":"Feature","properties":{"name":"Pit","rank":6},"geometry":{"type":"LineString","coordinates":[[-122.095,40.784],[-122.165,40.754],[-122.223,40.772],[-122.369,40.763]]}},{"type":"Feature","properties":{"name":"Pit","rank":6},"geometry":{"type":"LineString","coordinates":[[-120.429,41.709],[-120.415,41.608],[-120.478,41.511],[-120.589,41.502],[-120.763,41.43],[-120.855,41.444],[-121.026,41.376],[-121.126,41.352],[-121.115,41.256],[-121.142,41.184],[-121.11,41.048],[-121.192,40.95],[-121.251,40.984],[-121.279,41.043],[-121.359,41.054],[-121.513,40.991],[-121.653,41.031],[-121.816,40.973],[-121.899,41.033],[-121.978,40.97],[-121.952,40.867],[-122.048,40.827],[-122.095,40.784]]}},{"type":"Feature","properties":{"name":"Sassandra","rank":6},"geometry":{"type":"LineString","coordinates":[[-7.044,7.041],[-7.065,6.961],[-7.062,6.875],[-6.987,6.782],[-6.975,6.634],[-7.01,6.569],[-6.979,6.513],[-7.015,6.454],[-7.014,6.385],[-7.06,6.335],[-7.045,6.253]]}},{"type":"Feature","properties":{"name":"Sassandra","rank":6},"geometry":{"type":"LineString","coordinates":[[-7.167,9.714],[-7.209,9.647],[-7.231,9.553],[-7.208,9.498],[-7.207,9.366],[-7.23,9.267],[-7.195,9.145],[-7.23,9.145],[-7.263,9.032],[-7.236,8.952]]}},{"type":"Feature","properties":{"name":"Sassandra","rank":6},"geometry":{"type":"LineString","coordinates":[[-7.236,8.945],[-7.23,8.87],[-7.191,8.796],[-7.22,8.642],[-7.167,8.473],[-7.158,8.37],[-7.127,8.304],[-7.131,8.218],[-7.093,8.116],[-7.101,8.031],[-7.072,7.958],[-7.099,7.904],[-7.079,7.678],[-7.055,7.609],[-6.983,7.569],[-7.024,7.538],[-7.006,7.445],[-7.086,7.366],[-7.069,7.274],[-7.079,7.171],[-7.042,7.042]]}},{"type":"Feature","properties":{"name":"Sassandra","rank":6},"geometry":{"type":"LineString","coordinates":[[-7.045,6.253],[-6.955,6.177],[-6.866,6.136],[-6.815,6.055],[-6.716,6.013],[-6.68,5.972],[-6.743,5.94],[-6.668,5.8],[-6.627,5.801],[-6.518,5.574],[-6.43,5.503],[-6.377,5.405],[-6.287,5.324],[-6.267,5.235],[-6.224,5.206],[-6.207,5.054],[-6.144,5.028],[-6.064,4.957]]}},{"type":"Feature","properties":{"name":"Nelson","rank":4},"geometry":{"type":"LineString","coordinates":[[-95.431,56.339],[-95.153,56.387],[-95.021,56.37],[-94.779,56.394]]}},{"type":"Feature","properties":{"name":"Nelson","rank":4},"geometry":{"type":"LineString","coordinates":[[-96.553,56.063],[-96.523,56.11],[-96.436,56.133],[-96.217,56.147],[-96.131,56.242],[-95.842,56.291],[-95.841,56.291]]}},{"type":"Feature","properties":{"name":"Nelson","rank":4},"geometry":{"type":"LineString","coordinates":[[-97.946,54.948],[-97.801,54.993],[-97.615,55.119],[-97.441,55.167],[-97.254,55.236]]}},{"type":"Feature","properties":{"name":"Nelson","rank":4},"geometry":{"type":"LineString","coordinates":[[-97.901,54.705],[-97.833,54.591],[-97.791,54.571]]}},{"type":"Feature","properties":{"name":"Nelson","rank":4},"geometry":{"type":"LineString","coordinates":[[-96.598,50.979],[-96.583,51.157],[-96.594,51.418],[-96.634,51.5],[-96.778,51.722],[-96.977,51.861],[-97.093,51.963],[-97.175,52.074],[-97.287,52.171],[-97.457,52.271],[-97.589,52.415],[-97.631,52.555],[-97.717,52.682],[-97.803,52.883],[-97.909,53.305],[-97.914,53.519],[-97.911,53.593],[-97.858,53.694],[-97.868,53.745],[-98.018,53.867],[-97.993,53.981],[-97.932,54.014],[-97.832,54.013],[-97.74,54.091]]}},{"type":"Feature","properties":{"name":"Nelson","rank":4},"geometry":{"type":"LineString","coordinates":[[-94.779,56.394],[-94.512,56.388],[-94.199,56.429],[-94.098,56.515],[-93.913,56.575],[-93.765,56.7],[-93.519,56.812],[-93.435,56.894],[-93.149,56.922],[-92.882,56.915]]}},{"type":"Feature","properties":{"name":"Nelson","rank":4},"geometry":{"type":"LineString","coordinates":[[-95.842,56.291],[-95.684,56.33],[-95.595,56.319],[-95.431,56.339]]}},{"type":"Feature","properties":{"name":"Nelson","rank":4},"geometry":{"type":"LineString","coordinates":[[-97.254,55.236],[-97.096,55.235],[-96.952,55.284],[-96.773,55.449],[-96.732,55.628],[-96.598,55.824],[-96.534,56.021],[-96.553,56.063]]}},{"type":"Feature","properties":{"name":"Nelson","rank":4},"geometry":{"type":"LineString","coordinates":[[-97.901,54.705],[-98.011,54.803],[-98.01,54.91],[-97.946,54.948]]}},{"type":"Feature","properties":{"name":"Nelson","rank":4},"geometry":{"type":"LineString","coordinates":[[-97.74,54.091],[-97.673,54.134],[-97.546,54.292],[-97.592,54.313],[-97.638,54.4],[-97.575,54.516],[-97.791,54.571]]}},{"type":"Feature","properties":{"name":"Vorma","rank":6},"geometry":{"type":"LineString","coordinates":[[11.216,59.652],[11.21,59.792],[11.134,59.912]]}},{"type":"Feature","properties":{"name":"Vorma","rank":6},"geometry":{"type":"LineString","coordinates":[[11.17,59.389],[11.218,59.485]]}},{"type":"Feature","properties":{"name":"Vorma","rank":6},"geometry":{"type":"LineString","coordinates":[[12.028,60.525],[12.043,60.364],[12.011,60.323],[12.014,60.21],[11.888,60.204],[11.698,60.248],[11.374,60.083],[11.134,59.912]]}},{"type":"Feature","properties":{"name":"Vorma","rank":6},"geometry":{"type":"LineString","coordinates":[[11.216,59.652],[11.101,59.567],[11.218,59.485]]}},{"type":"Feature","properties":{"name":"Vorma","rank":6},"geometry":{"type":"LineString","coordinates":[[11.17,59.389],[11.132,59.27],[11.029,59.255],[10.936,59.183]]}},{"type":"Feature","properties":{"name":"Don","rank":6},"geometry":{"type":"LineString","coordinates":[[42.11,47.602],[42.329,47.671],[42.693,47.8],[42.858,47.845],[42.992,48.07],[43.033,48.182],[43.167,48.344],[43.243,48.401],[43.393,48.479],[43.527,48.608],[43.539,48.646],[43.46,48.722],[43.479,48.785],[43.562,48.817],[43.649,48.928],[43.815,48.932],[43.931,49.001],[43.931,49.081],[43.993,49.194],[43.892,49.216],[43.771,49.182],[43.699,49.225],[43.696,49.367],[43.61,49.471],[43.549,49.507]]}},{"type":"Feature","properties":{"name":"Don","rank":6},"geometry":{"type":"LineString","coordinates":[[43.549,49.507],[43.453,49.48],[43.323,49.48],[43.295,49.384],[43.149,49.321],[43.015,49.364],[43,49.428]]}},{"type":"Feature","properties":{"name":"Don","rank":6},"geometry":{"type":"LineString","coordinates":[[42.11,47.602],[41.983,47.546],[41.862,47.562],[41.722,47.603],[41.434,47.612],[41.36,47.557],[41.221,47.548],[41.006,47.561],[40.985,47.618],[40.78,47.534],[40.636,47.525],[40.476,47.46],[40.458,47.403],[40.364,47.319],[40.2,47.221],[40.02,47.231],[39.864,47.222],[39.58,47.17],[39.542,47.141],[39.378,47.111]]}},{"type":"Feature","properties":{"name":"Gan","rank":6},"geometry":{"type":"LineString","coordinates":[[115.982,29.279],[116.052,29.333],[116.046,29.424],[116.115,29.492],[116.198,29.751]]}},{"type":"Feature","properties":{"name":"Gan","rank":6},"geometry":{"type":"LineString","coordinates":[[114.413,24.707],[114.485,24.7],[114.575,24.767],[114.619,24.824],[114.771,24.922],[114.785,25.018],[114.752,25.104],[114.899,25.163],[114.865,25.266],[114.886,25.344],[114.964,25.423],[114.954,25.461],[115.004,25.505],[115.009,25.643],[115.084,25.706],[115.107,25.866],[115.023,25.894],[114.954,25.857],[114.942,25.928],[114.897,25.966],[114.954,26.057],[114.95,26.1],[114.893,26.132],[114.954,26.215],[114.901,26.341],[114.792,26.44],[114.704,26.502],[114.676,26.56],[114.804,26.676],[114.838,26.776],[114.941,26.794],[115.003,26.825],[114.972,26.921],[115.03,26.988],[114.982,27.064],[114.998,27.142],[115.09,27.201],[115.115,27.302],[115.063,27.451],[115.112,27.469],[115.136,27.535],[115.215,27.626],[115.33,27.695],[115.432,27.893],[115.448,27.996],[115.483,28.056],[115.583,28.137],[115.708,28.188],[115.758,28.19],[115.865,28.284],[115.818,28.452],[115.828,28.494],[115.797,28.565],[115.816,28.629],[115.982,28.853],[116.027,28.974],[115.997,29.106],[115.999,29.23],[115.982,29.279]]}},{"type":"Feature","properties":{"name":"Krishna","rank":6},"geometry":{"type":"LineString","coordinates":[[78.997,16.23],[79.022,16.247],[79.161,16.219],[79.215,16.244],[79.233,16.331],[79.208,16.389],[79.213,16.493],[79.266,16.57],[79.313,16.579]]}},{"type":"Feature","properties":{"name":"Krishna","rank":6},"geometry":{"type":"LineString","coordinates":[[73.796,17.992],[73.856,17.976],[73.931,17.91],[73.983,17.805],[74.036,17.765],[74.046,17.703],[74.125,17.642],[74.146,17.579],[74.125,17.512],[74.09,17.491],[74.108,17.392],[74.21,17.282],[74.193,17.235],[74.203,17.154],[74.304,17.107],[74.336,17.12],[74.379,17.032],[74.448,16.993],[74.551,16.881],[74.552,16.83],[74.609,16.811],[74.671,16.73],[74.616,16.72],[74.631,16.617],[74.698,16.565],[74.779,16.591],[74.806,16.651],[74.89,16.669],[74.916,16.635],[74.988,16.667],[75.095,16.54],[75.16,16.552],[75.16,16.606],[75.217,16.627],[75.263,16.593],[75.36,16.602],[75.405,16.537],[75.452,16.515],[75.438,16.456],[75.517,16.47],[75.568,16.429],[75.63,16.449],[75.7,16.419],[75.786,16.349],[75.832,16.361],[75.912,16.322],[75.983,16.312],[76.053,16.272],[76.08,16.198],[76.202,16.182],[76.281,16.155],[76.368,16.243],[76.477,16.251],[76.552,16.336],[76.774,16.436],[76.809,16.42],[76.875,16.484],[77.052,16.519],[77.149,16.472],[77.165,16.442],[77.394,16.381],[77.493,16.378],[77.572,16.348],[77.646,16.352],[77.735,16.327],[77.86,16.249],[77.911,16.201],[77.936,16.141],[78.072,16.025],[78.128,16.004],[78.176,15.949],[78.256,16.006],[78.4,16.083],[78.5,16.094],[78.582,16.056],[78.629,16.071],[78.734,16.03],[78.839,16.067],[78.839,16.125],[78.889,16.139],[78.923,16.19],[78.997,16.23]]}},{"type":"Feature","properties":{"name":"Krishna","rank":6},"geometry":{"type":"LineString","coordinates":[[79.313,16.579],[79.406,16.587],[79.504,16.642],[79.542,16.628],[79.592,16.667],[79.721,16.689],[79.752,16.724],[79.826,16.692],[79.882,16.703],[79.91,16.631],[79.958,16.63],[80.043,16.739],[80.073,16.823],[80.121,16.791],[80.14,16.658],[80.192,16.612],[80.272,16.58],[80.476,16.59],[80.621,16.494],[80.683,16.436],[80.718,16.357],[80.817,16.264],[80.839,16.164],[80.869,16.107],[80.883,16.014]]}},{"type":"Feature","properties":{"name":"Selenga","rank":2},"geometry":{"type":"LineString","coordinates":[[106.585,52.159],[106.512,52.194],[106.47,52.259],[106.497,52.383]]}},{"type":"Feature","properties":{"name":"Selenga","rank":2},"geometry":{"type":"LineString","coordinates":[[106.585,52.159],[106.591,52.269],[106.752,52.316]]}},{"type":"Feature","properties":{"name":"Selenga","rank":2},"geometry":{"type":"LineString","coordinates":[[106.587,52.159],[106.585,52.159]]}},{"type":"Feature","properties":{"name":"Selenga","rank":2},"geometry":{"type":"LineString","coordinates":[[100.7,49.263],[100.955,49.303],[101.087,49.359],[101.199,49.431],[101.304,49.422],[101.331,49.457],[101.426,49.463],[101.588,49.388],[102.018,49.4],[102.191,49.341],[102.29,49.355],[102.46,49.346],[102.688,49.395],[102.804,49.355],[102.898,49.394],[103.062,49.342],[103.33,49.35],[103.397,49.341],[103.548,49.362],[103.925,49.488],[104.274,49.471],[104.313,49.484],[104.545,49.637],[104.724,49.685],[104.898,49.698],[105.011,49.754],[105.135,49.756],[105.186,49.814],[105.415,49.859],[105.504,49.939],[105.744,50.02],[105.799,50.1],[105.965,50.145],[106.155,50.254],[106.083,50.343],[106.059,50.416],[106.082,50.463],[106.285,50.554],[106.236,50.621],[106.313,50.713],[106.265,50.863],[106.312,50.951],[106.46,51.021],[106.638,51.044],[106.69,51.124],[106.805,51.23],[106.991,51.317],[107.008,51.402],[107.169,51.506],[107.304,51.523],[107.364,51.573],[107.41,51.681],[107.545,51.782],[107.573,51.84],[107.508,51.879],[107.492,51.994],[107.519,52.048],[107.471,52.138],[107.068,52.126],[106.794,52.036],[106.631,52.111],[106.585,52.159]]}},{"type":"Feature","properties":{"name":"Skeena","rank":6},"geometry":{"type":"LineString","coordinates":[[-128.57,57.079],[-128.474,57.043],[-128.284,56.907],[-128.137,56.862],[-127.931,56.776],[-127.612,56.592],[-127.508,56.442],[-127.362,56.339],[-127.45,56.272],[-127.651,56.278],[-127.727,56.308],[-127.821,56.297],[-127.968,56.205],[-127.971,56.083],[-127.871,55.963],[-127.885,55.87],[-127.944,55.838],[-127.922,55.766],[-127.711,55.751],[-127.748,55.674],[-127.72,55.576],[-127.627,55.501],[-127.607,55.42],[-127.685,55.359],[-127.684,55.246],[-127.827,55.129],[-127.978,55.137],[-128.208,55.093],[-128.38,54.979],[-128.384,54.916],[-128.268,54.799],[-128.274,54.762],[-128.415,54.643],[-128.426,54.596],[-128.583,54.514],[-128.667,54.525],[-128.753,54.474],[-128.926,54.421],[-128.994,54.431],[-129.21,54.349],[-129.384,54.308],[-129.484,54.242]]}},{"type":"Feature","properties":{"name":"Liard","rank":6},"geometry":{"type":"LineString","coordinates":[[-131.373,61.204],[-131.313,61.032],[-131.213,61.03],[-131.065,61.091],[-130.928,61.049],[-130.55,60.855],[-130.508,60.798],[-130.283,60.745],[-130.12,60.729],[-129.97,60.664],[-129.908,60.588],[-129.765,60.558],[-129.753,60.506],[-129.544,60.413],[-129.468,60.334],[-129.165,60.272],[-128.982,60.158],[-128.905,60.069],[-128.824,60.032],[-128.658,60.031],[-128.515,59.933],[-128.447,59.936],[-128.28,59.861],[-128.137,59.844],[-128.05,59.86],[-127.919,59.928],[-127.836,60.015],[-127.58,59.977],[-127.467,59.93],[-127.423,59.877],[-127.484,59.839],[-127.519,59.751],[-127.415,59.713],[-127.3,59.738],[-127.181,59.705],[-127.138,59.636],[-127.066,59.627],[-126.962,59.668],[-126.627,59.598],[-126.528,59.597],[-126.403,59.558],[-126.214,59.454],[-126.004,59.412],[-125.818,59.47],[-125.785,59.415],[-125.636,59.4],[-125.576,59.361],[-125.334,59.291],[-125.142,59.335],[-125.047,59.333],[-124.926,59.368],[-124.819,59.451],[-124.665,59.658],[-124.508,59.761],[-124.366,59.743],[-124.326,59.693],[-124.229,59.668],[-124.224,59.618],[-124.037,59.578],[-123.966,59.697],[-123.872,59.768],[-123.89,59.835],[-123.842,59.999],[-123.862,60.054],[-123.766,60.167],[-123.497,60.257],[-123.385,60.328],[-123.514,60.519],[-123.562,60.646],[-123.527,60.718],[-123.36,60.742],[-123.356,60.81],[-123.507,60.809],[-123.578,60.855],[-123.497,60.904],[-123.334,60.905],[-123.341,60.967],[-123.256,61.014],[-123.339,61.048],[-123.099,61.1],[-122.89,61.109],[-122.71,61.251],[-122.564,61.264],[-122.249,61.338],[-122.04,61.376],[-121.848,61.378],[-121.715,61.433],[-121.578,61.446],[-121.403,61.575],[-121.445,61.661],[-121.219,61.735],[-121.203,61.796],[-121.276,61.846]]}},{"type":"Feature","properties":{"name":"Kwango","rank":6},"geometry":{"type":"LineString","coordinates":[[18.797,-11.256],[18.79,-11.167],[18.748,-11.064],[18.754,-10.935],[18.64,-10.804],[18.619,-10.695],[18.66,-10.64],[18.653,-10.582],[18.554,-10.515],[18.44,-10.352],[18.502,-10.297],[18.475,-10.263],[18.627,-10.085],[18.667,-10.078],[18.688,-9.894],[18.624,-9.751],[18.592,-9.707],[18.458,-9.653],[18.409,-9.605],[18.311,-9.448],[18.266,-9.32],[18.194,-9.262],[18.029,-9.221],[18.021,-9.161],[18.057,-9.08],[18.017,-8.994],[17.999,-8.807],[17.941,-8.775],[17.911,-8.711],[17.92,-8.666],[17.882,-8.628],[17.871,-8.567],[17.752,-8.501],[17.755,-8.44],[17.626,-8.381],[17.566,-8.337],[17.551,-8.287],[17.553,-8.162],[17.534,-8.11],[17.536,-8.015],[17.481,-7.945],[17.434,-7.916],[17.42,-7.844],[17.342,-7.784],[17.288,-7.699],[17.286,-7.625],[17.217,-7.586],[17.148,-7.473],[17.167,-7.423],[17.098,-7.402],[17.082,-7.342],[16.996,-7.298],[16.945,-7.205],[16.927,-7.086],[16.973,-7.015],[16.934,-6.946],[16.926,-6.888],[16.832,-6.828],[16.768,-6.708],[16.73,-6.57],[16.72,-6.428],[16.693,-6.398],[16.72,-6.342],[16.726,-6.189],[16.604,-6.062],[16.577,-5.89],[16.601,-5.86],[16.551,-5.753],[16.563,-5.698],[16.535,-5.376],[16.501,-5.268],[16.494,-5.181],[16.508,-5.068],[16.549,-4.956],[16.534,-4.889],[16.529,-4.746],[16.542,-4.605],[16.497,-4.504],[16.548,-4.349],[16.54,-4.278],[16.503,-4.22],[16.515,-4.18],[16.577,-4.15],[16.69,-4.143],[16.772,-4.095],[16.844,-4.088],[16.93,-3.992],[17.004,-3.989],[17.084,-4.026],[17.202,-3.924],[17.242,-3.783],[17.337,-3.653],[17.277,-3.491],[17.365,-3.369]]}},{"type":"Feature","properties":{"name":"Kafue","rank":6},"geometry":{"type":"LineString","coordinates":[[27.157,-11.626],[27.136,-11.698],[27.137,-11.784],[27.226,-11.852],[27.301,-11.982],[27.342,-12.12],[27.383,-12.192],[27.467,-12.289],[27.528,-12.311],[27.563,-12.368],[27.644,-12.438],[27.731,-12.393],[27.777,-12.438],[27.923,-12.475],[28.076,-12.488],[28.15,-12.575],[28.164,-12.633],[28.233,-12.716],[28.267,-12.839],[28.231,-12.966],[28.197,-13.028],[28.157,-13.257],[28.105,-13.285],[28.027,-13.367],[27.925,-13.332],[27.829,-13.367],[27.761,-13.421],[27.719,-13.511],[27.67,-13.528],[27.613,-13.508],[27.6,-13.617],[27.636,-13.648],[27.623,-13.702],[27.555,-13.792],[27.49,-13.795],[27.493,-13.843],[27.369,-13.978],[27.419,-14.119],[27.366,-14.184],[27.365,-14.247],[27.25,-14.302],[27.191,-14.367],[27.077,-14.382],[27.03,-14.41],[26.804,-14.415],[26.736,-14.449],[26.588,-14.443],[26.533,-14.47],[26.492,-14.532],[26.428,-14.58],[26.376,-14.648],[26.37,-14.699],[26.198,-14.655],[26.164,-14.62],[26.114,-14.727],[26.18,-14.763],[26.194,-14.826],[26.105,-14.908],[26.05,-14.895],[25.924,-14.968],[26.026,-15.004],[25.972,-15.13],[25.982,-15.319],[25.999,-15.415],[25.958,-15.433],[26.006,-15.505],[26.02,-15.591],[25.985,-15.686],[26.037,-15.768],[26.125,-15.778],[26.202,-15.818],[26.308,-15.738],[26.406,-15.718],[26.424,-15.689],[26.558,-15.645],[26.581,-15.694],[26.642,-15.676],[26.822,-15.658],[26.834,-15.609],[26.925,-15.567],[27.068,-15.57],[27.102,-15.615],[27.164,-15.635],[27.226,-15.726],[27.301,-15.744],[27.35,-15.725],[27.48,-15.724],[27.573,-15.661],[27.636,-15.697],[27.664,-15.642],[27.8,-15.648],[27.856,-15.69],[27.929,-15.664],[28.007,-15.683],[28.04,-15.732],[28.178,-15.778],[28.246,-15.817],[28.291,-15.791],[28.391,-15.784],[28.506,-15.824],[28.566,-15.88],[28.677,-15.895],[28.744,-15.947],[28.808,-15.957],[28.887,-15.926],[28.946,-15.957]]}},{"type":"Feature","properties":{"name":"Jequitinhonha","rank":6},"geometry":{"type":"LineString","coordinates":[[-43.409,-18.294],[-43.43,-18.284],[-43.566,-18.066],[-43.562,-18.002],[-43.524,-17.953],[-43.493,-17.853],[-43.513,-17.807],[-43.59,-17.839],[-43.633,-17.735],[-43.632,-17.662],[-43.671,-17.613],[-43.631,-17.55],[-43.497,-17.508],[-43.383,-17.51],[-43.323,-17.471],[-43.277,-17.377],[-43.181,-17.293],[-43.086,-17.266],[-43.042,-17.191],[-43.001,-17.177],[-42.934,-17.051],[-42.836,-17.048],[-42.786,-16.989],[-42.746,-16.865],[-42.67,-16.782],[-42.473,-16.662],[-42.323,-16.622],[-42.165,-16.628],[-42.12,-16.683],[-41.981,-16.75],[-41.859,-16.635],[-41.785,-16.612],[-41.725,-16.56],[-41.694,-16.577],[-41.49,-16.567],[-41.399,-16.547],[-41.34,-16.498],[-41.26,-16.512],[-41.219,-16.436],[-41.143,-16.409],[-41.02,-16.441],[-40.945,-16.397],[-40.889,-16.336],[-40.774,-16.267],[-40.742,-16.195],[-40.655,-16.149],[-40.618,-16.107],[-40.514,-16.133],[-40.469,-16.114],[-40.318,-16.115],[-40.225,-16.142],[-40.143,-16.118],[-40.068,-16.06],[-40.003,-16.075],[-39.949,-16],[-39.717,-15.95],[-39.618,-15.966],[-39.564,-15.941],[-39.474,-15.96],[-39.386,-16.045],[-39.269,-16.035],[-39.195,-16.002],[-39.102,-15.876],[-39.003,-15.79],[-38.986,-15.832],[-38.862,-15.847]]}},{"type":"Feature","properties":{"name":"Chubut","rank":6},"geometry":{"type":"LineString","coordinates":[[-70.899,-43.393],[-70.878,-43.297],[-70.793,-43.019],[-70.757,-42.979],[-70.652,-42.961],[-70.598,-42.779],[-70.502,-42.678],[-70.381,-42.612],[-70.249,-42.615],[-70.035,-42.66],[-69.955,-42.629],[-69.833,-42.633],[-69.637,-42.674],[-69.582,-42.735],[-69.519,-42.847],[-69.383,-42.997],[-69.32,-43.029],[-69.197,-43.218],[-69.123,-43.261],[-69.154,-43.376],[-69.153,-43.454],[-69.048,-43.557],[-68.929,-43.615],[-68.815,-43.827],[-68.654,-43.788],[-68.442,-43.82],[-68.342,-43.861],[-68.129,-43.794],[-68.044,-43.818],[-67.905,-43.818],[-67.697,-43.794],[-67.615,-43.757],[-67.428,-43.72],[-67.283,-43.714],[-67.236,-43.795],[-67.156,-43.837],[-67.035,-43.852],[-66.982,-43.833],[-66.83,-43.823],[-66.76,-43.847],[-66.609,-43.831],[-66.447,-43.791]]}},{"type":"Feature","properties":{"name":"Chubut","rank":6},"geometry":{"type":"LineString","coordinates":[[-71.22,-43.582],[-71.131,-43.622],[-71.049,-43.617],[-71.016,-43.54],[-70.906,-43.396]]}},{"type":"Feature","properties":{"name":"Chubut","rank":6},"geometry":{"type":"LineString","coordinates":[[-66.457,-43.745],[-66.506,-43.703],[-66.389,-43.663],[-66.362,-43.605],[-66.022,-43.493],[-65.942,-43.444],[-65.876,-43.362],[-65.717,-43.359],[-65.587,-43.339],[-65.435,-43.275],[-65.423,-43.307],[-65.265,-43.283],[-65.142,-43.29],[-65.047,-43.333]]}},{"type":"Feature","properties":{"name":"Mendoza","rank":6},"geometry":{"type":"LineString","coordinates":[[-70.136,-32.238],[-70.041,-32.29],[-69.991,-32.37],[-69.931,-32.366],[-69.824,-32.284],[-69.789,-32.139],[-69.81,-32.069],[-69.758,-32.024],[-69.714,-31.893],[-69.553,-31.752],[-69.503,-31.663],[-69.487,-31.594],[-69.426,-31.514],[-69.43,-31.278]]}},{"type":"Feature","properties":{"name":"Salado","rank":6},"geometry":{"type":"LineString","coordinates":[[-65.865,-24.208],[-65.871,-24.251],[-65.822,-24.375],[-65.825,-24.44],[-65.865,-24.51],[-65.862,-24.578],[-65.791,-24.667],[-65.705,-24.893],[-65.543,-25.031],[-65.423,-25.106],[-65.441,-25.211],[-65.3,-25.268],[-65.216,-25.251],[-65.186,-25.161],[-65.086,-25.102],[-64.95,-25.158],[-64.883,-25.306],[-64.827,-25.337],[-64.671,-25.364],[-64.522,-25.254],[-64.398,-25.22],[-64.34,-25.126],[-64.28,-25.079],[-64.196,-25.085],[-64.155,-25.14],[-64.011,-25.502],[-63.95,-25.581],[-63.955,-25.709],[-63.867,-25.818],[-63.74,-26.015],[-63.721,-26.091],[-63.785,-26.212],[-63.779,-26.298],[-63.731,-26.384],[-63.662,-26.606],[-63.698,-26.651],[-63.697,-26.771],[-63.719,-26.829],[-63.68,-27.131],[-63.601,-27.288],[-63.538,-27.446],[-63.572,-27.689],[-63.538,-27.723],[-63.448,-27.958],[-63.388,-28.051],[-63.189,-28.19],[-63.114,-28.275],[-63.121,-28.361],[-63.061,-28.423],[-62.97,-28.45],[-62.894,-28.516],[-62.85,-28.591],[-62.738,-28.663],[-62.724,-28.723],[-62.633,-28.888],[-62.658,-28.979],[-62.593,-29.091],[-62.483,-29.141],[-62.346,-29.244],[-62.271,-29.327],[-62.195,-29.355],[-62.112,-29.356],[-61.992,-29.396],[-61.952,-29.393],[-61.811,-29.333],[-61.761,-29.273],[-61.716,-29.277],[-61.67,-29.347],[-61.582,-29.395],[-61.479,-29.402],[-61.324,-29.474],[-61.277,-29.519],[-61.145,-29.551],[-61.096,-29.616],[-61.024,-29.656],[-60.893,-29.689],[-60.756,-29.772],[-60.703,-29.868],[-60.708,-29.955],[-60.742,-30.067],[-60.715,-30.132],[-60.722,-30.204],[-60.653,-30.279],[-60.667,-30.399],[-60.647,-30.455],[-60.669,-30.554],[-60.599,-30.675],[-60.633,-30.752],[-60.699,-30.753],[-60.825,-30.831],[-60.791,-30.88],[-60.835,-30.926],[-60.85,-30.994],[-60.837,-31.08],[-60.797,-31.118],[-60.85,-31.222],[-60.912,-31.295],[-60.907,-31.364],[-60.838,-31.348],[-60.782,-31.457],[-60.754,-31.658],[-60.774,-31.722],[-60.822,-31.766],[-60.835,-31.872],[-60.779,-31.882],[-60.722,-31.958]]}},{"type":"Feature","properties":{"name":"Branco","rank":6},"geometry":{"type":"LineString","coordinates":[[-63.78,2.846],[-63.684,3.021],[-63.689,3.085],[-63.767,3.161],[-63.761,3.253],[-63.792,3.299],[-63.758,3.45],[-63.786,3.543],[-63.737,3.587],[-63.705,3.68],[-63.615,3.759],[-63.477,3.653],[-63.404,3.616],[-63.279,3.607],[-63.271,3.666],[-63.188,3.674],[-63.155,3.618],[-63.168,3.539],[-63.147,3.492],[-63.04,3.416],[-63.004,3.359],[-62.839,3.258],[-62.614,3.233],[-62.497,3.196],[-62.429,3.136],[-62.229,3.142],[-62.163,3.171],[-62.083,3.253],[-61.921,3.255],[-61.905,3.3],[-61.839,3.285],[-61.787,3.34],[-61.709,3.334],[-61.602,3.347],[-61.565,3.32],[-61.376,3.367],[-61.322,3.361],[-61.23,3.446],[-61.12,3.436],[-60.993,3.443],[-60.936,3.464],[-60.711,3.477],[-60.591,3.404],[-60.567,3.186],[-60.51,3.097],[-60.508,3.022],[-60.561,2.907],[-60.647,2.823],[-60.715,2.71],[-60.794,2.609],[-60.824,2.484],[-60.82,2.335],[-60.893,2.278],[-60.931,2.22],[-61.026,2.13],[-61.04,2.049],[-60.962,1.935],[-61.019,1.875],[-61.109,1.822],[-61.145,1.73],[-61.218,1.65],[-61.263,1.494],[-61.277,1.329],[-61.345,1.171],[-61.332,1.086],[-61.373,0.935],[-61.475,0.784],[-61.599,0.647],[-61.624,0.545],[-61.721,0.456],[-61.712,0.397],[-61.756,0.287],[-61.769,0.178],[-61.756,0.086],[-61.814,-0.016],[-61.818,-0.172],[-61.846,-0.258],[-61.859,-0.367],[-61.81,-0.451],[-61.82,-0.614],[-61.87,-0.703],[-61.859,-0.785],[-61.887,-0.864],[-61.887,-0.987],[-61.871,-1.065],[-61.88,-1.128],[-61.853,-1.234],[-61.895,-1.376]]}},{"type":"Feature","properties":{"name":"Purús","rank":6},"geometry":{"type":"LineString","coordinates":[[-72.426,-10.845],[-72.388,-10.902],[-72.324,-10.927],[-72.193,-10.886],[-72.075,-10.894],[-71.951,-10.854],[-71.842,-10.785],[-71.83,-10.722],[-71.62,-10.635],[-71.603,-10.603],[-71.478,-10.606],[-71.376,-10.523],[-71.354,-10.488],[-71.237,-10.434],[-71.228,-10.403],[-71.139,-10.378],[-71.152,-10.307],[-71.049,-10.248],[-71.022,-10.123],[-71.037,-10.1],[-71.001,-9.975],[-70.912,-9.934],[-70.911,-9.889],[-70.854,-9.83],[-70.797,-9.812],[-70.781,-9.761],[-70.714,-9.726],[-70.69,-9.605],[-70.579,-9.542],[-70.442,-9.317],[-70.386,-9.318],[-70.362,-9.257],[-70.302,-9.234],[-70.278,-9.139],[-70.225,-9.148],[-70.123,-9.084],[-70.038,-9.063],[-69.939,-9.076],[-69.847,-9.107],[-69.799,-9.047],[-69.688,-9.049],[-69.597,-9.034],[-69.572,-8.994],[-69.449,-8.998],[-69.435,-8.951],[-69.37,-8.892],[-69.317,-8.883],[-69.285,-8.837],[-69.099,-8.755],[-68.954,-8.714],[-68.856,-8.739],[-68.798,-8.803],[-68.66,-8.83],[-68.645,-8.885],[-68.595,-8.926],[-68.599,-9.011],[-68.521,-9.011],[-68.397,-9.084],[-68.377,-9.056],[-68.308,-9.084],[-68.235,-9.036],[-68.154,-9.067],[-68.131,-9.019],[-68.057,-9.016],[-68.023,-8.97],[-67.966,-8.982],[-67.9,-8.931],[-67.856,-8.926],[-67.803,-8.876],[-67.708,-8.831],[-67.606,-8.851],[-67.588,-8.802],[-67.451,-8.769],[-67.382,-8.714],[-67.399,-8.685],[-67.362,-8.587],[-67.403,-8.44],[-67.375,-8.379],[-67.381,-8.307],[-67.336,-8.252],[-67.335,-8.207],[-67.232,-8.081],[-67.257,-7.986],[-67.223,-7.975],[-67.206,-7.897],[-67.141,-7.893],[-67.143,-7.844],[-67.051,-7.771],[-66.983,-7.762],[-66.937,-7.672],[-66.876,-7.686],[-66.78,-7.65],[-66.66,-7.666],[-66.604,-7.613],[-66.515,-7.589],[-66.493,-7.557],[-66.397,-7.542],[-66.334,-7.494],[-66.314,-7.541],[-66.205,-7.577],[-66.176,-7.621],[-66.084,-7.658],[-66.041,-7.709],[-65.935,-7.666],[-65.823,-7.664],[-65.775,-7.718],[-65.742,-7.675],[-65.674,-7.713],[-65.636,-7.644],[-65.553,-7.648],[-65.524,-7.59],[-65.464,-7.638],[-65.438,-7.556],[-65.388,-7.508],[-65.205,-7.398],[-65.136,-7.393],[-65.13,-7.301],[-65.05,-7.35],[-64.978,-7.32],[-64.978,-7.247],[-64.909,-7.282],[-64.841,-7.289],[-64.742,-7.216],[-64.69,-7.161],[-64.592,-6.959],[-64.662,-6.883],[-64.566,-6.815],[-64.546,-6.685],[-64.467,-6.699],[-64.45,-6.617],[-64.318,-6.557],[-64.291,-6.463],[-64.305,-6.342],[-64.261,-6.246],[-64.276,-6.147],[-64.312,-6.064],[-64.315,-5.969],[-64.451,-5.914],[-64.464,-5.87],[-64.392,-5.796],[-64.399,-5.734],[-64.374,-5.685],[-64.306,-5.669],[-64.313,-5.591],[-64.162,-5.595],[-64.173,-5.65],[-64.084,-5.648],[-64.086,-5.606],[-64.028,-5.585],[-63.943,-5.615],[-63.885,-5.59],[-63.849,-5.653],[-63.799,-5.665],[-63.794,-5.719],[-63.726,-5.701],[-63.614,-5.695],[-63.634,-5.786],[-63.572,-5.822],[-63.483,-5.787],[-63.475,-5.744],[-63.421,-5.727],[-63.386,-5.77],[-63.313,-5.739],[-63.23,-5.662],[-63.163,-5.682],[-63.081,-5.746],[-63.031,-5.722],[-63.052,-5.561],[-62.99,-5.52],[-62.937,-5.414],[-62.907,-5.448],[-62.845,-5.452],[-62.82,-5.304],[-62.846,-5.15],[-62.756,-5.082],[-62.786,-4.999],[-62.637,-4.873],[-62.64,-4.984],[-62.535,-4.87],[-62.466,-4.747],[-62.379,-4.741],[-62.363,-4.698],[-62.298,-4.684],[-62.25,-4.712],[-62.164,-4.722],[-62.057,-4.545],[-62.057,-4.466],[-61.993,-4.409],[-61.885,-4.408],[-61.844,-4.296],[-61.814,-4.299],[-61.626,-4.232],[-61.582,-4.173],[-61.537,-4.053],[-61.388,-3.9],[-61.383,-3.853],[-61.483,-3.67]]}},{"type":"Feature","properties":{"name":"Angara","rank":6},"geometry":{"type":"LineString","coordinates":[[103.374,53.107],[103.362,53.182],[103.405,53.281],[103.411,53.387],[103.368,53.522],[103.375,53.679],[103.271,53.805],[103.231,53.896],[103.158,53.982],[103.047,54.053],[102.992,54.15],[103.029,54.238],[103.256,54.423],[103.235,54.657],[103.082,54.747],[103.065,54.813],[103.102,54.91],[103.215,54.984],[103.336,55.129],[103.333,55.272],[103.281,55.385],[103.184,55.516],[103.215,55.677],[103.19,55.751],[103.031,55.853],[102.992,55.925],[103.001,56.022],[102.92,56.123],[102.855,56.162],[102.678,56.201],[102.44,56.205],[101.978,56.093],[101.894,56.054],[101.799,56.088],[101.763,56.179],[101.803,56.291]]}},{"type":"Feature","properties":{"name":"Angara","rank":6},"geometry":{"type":"LineString","coordinates":[[106.497,52.383],[106.418,52.425],[106.155,52.338],[106.023,52.254],[105.81,52.043],[105.683,51.957],[105.471,51.863],[105.252,51.821],[105.031,51.801],[104.895,51.83],[104.867,51.87],[104.866,51.872]]}},{"type":"Feature","properties":{"name":"Angara","rank":6},"geometry":{"type":"LineString","coordinates":[[104.867,51.87],[104.729,51.947],[104.531,52.112],[104.48,52.128],[104.406,52.208],[104.28,52.28],[104.277,52.364],[104.194,52.382],[104.063,52.488],[103.996,52.501],[103.921,52.653],[103.799,52.693],[103.716,52.789],[103.716,52.878],[103.576,52.974],[103.395,53.006],[103.374,53.107]]}},{"type":"Feature","properties":{"name":"Meta","rank":6},"geometry":{"type":"LineString","coordinates":[[-73.872,4.67],[-73.921,4.587],[-73.909,4.553],[-73.904,4.4],[-73.818,4.228],[-73.721,4.19],[-73.711,4.155],[-73.761,4.091],[-73.717,4.048],[-73.619,4.04],[-73.317,3.97],[-73.233,3.974],[-73.063,3.93],[-72.947,4.043],[-72.913,4.211],[-72.865,4.272],[-72.758,4.284],[-72.748,4.313],[-72.588,4.31],[-72.56,4.355],[-72.505,4.321],[-72.433,4.355],[-72.367,4.344],[-72.324,4.41],[-72.15,4.451],[-72.07,4.394],[-72.012,4.399],[-71.898,4.485],[-71.82,4.57],[-71.686,4.608],[-71.565,4.682],[-71.275,4.807],[-71.215,4.816],[-71.087,4.895],[-71.027,4.959],[-70.96,5.118],[-70.888,5.155],[-70.687,5.323],[-70.679,5.389],[-70.514,5.485],[-70.449,5.533],[-70.343,5.568],[-70.185,5.587],[-70.069,5.669],[-69.97,5.808],[-69.899,5.971],[-69.846,6.037],[-69.785,6.062],[-69.572,6.054],[-69.532,6.062],[-69.359,6.152],[-69.312,6.146],[-69.247,6.081],[-69.19,6.113],[-69.062,6.218],[-68.894,6.184],[-68.83,6.188],[-68.636,6.136],[-68.586,6.17],[-68.45,6.195],[-68.305,6.177],[-68.147,6.224],[-68.02,6.212],[-67.925,6.235],[-67.905,6.275],[-67.84,6.308],[-67.732,6.303],[-67.575,6.266],[-67.491,6.202],[-67.451,6.198]]}},{"type":"Feature","properties":{"name":"Madre de Dios","rank":6},"geometry":{"type":"LineString","coordinates":[[-72.165,-12.182],[-72.159,-12.115],[-72.093,-12.075],[-72.07,-12.023],[-72.098,-11.864],[-72.162,-11.771],[-72.093,-11.7],[-71.983,-11.653],[-71.881,-11.643],[-71.776,-11.675],[-71.661,-11.65],[-71.547,-11.692],[-71.488,-11.79],[-71.377,-11.822],[-71.338,-11.883],[-71.299,-11.894],[-71.204,-11.982],[-71.131,-12.023],[-71.07,-12.123],[-70.975,-12.197],[-70.962,-12.236],[-70.892,-12.284],[-70.83,-12.275],[-70.768,-12.298],[-70.716,-12.356],[-70.679,-12.441],[-70.549,-12.509],[-70.442,-12.545],[-70.362,-12.597],[-70.254,-12.613],[-70.178,-12.596],[-70.131,-12.558],[-70.083,-12.591],[-70.043,-12.575],[-69.915,-12.64],[-69.884,-12.619],[-69.778,-12.637],[-69.739,-12.685],[-69.594,-12.68],[-69.558,-12.637],[-69.379,-12.561],[-69.295,-12.583],[-69.254,-12.571],[-69.202,-12.495],[-69.174,-12.595],[-69.118,-12.595],[-69.037,-12.524],[-68.952,-12.565],[-68.891,-12.531],[-68.829,-12.546],[-68.764,-12.492],[-68.636,-12.495],[-68.594,-12.421],[-68.51,-12.428],[-68.459,-12.387],[-68.39,-12.243],[-68.272,-12.181],[-68.246,-12.154],[-68.231,-12.048],[-68.185,-12.006],[-68.013,-11.97],[-67.973,-11.91],[-67.986,-11.811],[-67.931,-11.767],[-67.904,-11.701],[-67.795,-11.69],[-67.701,-11.599],[-67.691,-11.523],[-67.634,-11.481],[-67.561,-11.475],[-67.462,-11.524],[-67.417,-11.571],[-67.259,-11.495],[-67.212,-11.386],[-67.177,-11.365],[-67.049,-11.372],[-66.982,-11.35],[-66.955,-11.277],[-66.869,-11.305],[-66.799,-11.274],[-66.783,-11.201],[-66.726,-11.241],[-66.662,-11.174],[-66.581,-11.167],[-66.519,-11.1],[-66.41,-11.105],[-66.362,-11.064],[-66.341,-10.964],[-66.288,-11.034],[-66.215,-10.991],[-66.183,-10.921],[-66.147,-10.922],[-66.106,-10.979],[-66.045,-10.868],[-66.076,-10.831],[-66.012,-10.789],[-65.895,-10.812],[-65.909,-10.674],[-65.856,-10.723],[-65.753,-10.667],[-65.764,-10.58],[-65.674,-10.572],[-65.526,-10.487],[-65.464,-10.407],[-65.395,-10.392]]}},{"type":"Feature","properties":{"name":"Paraiba","rank":6},"geometry":{"type":"LineString","coordinates":[[-43.138,-22.097],[-43.059,-22.073],[-43.038,-22.026],[-42.952,-22.006],[-42.887,-21.96],[-42.68,-21.871],[-42.555,-21.83],[-42.458,-21.776],[-42.334,-21.741],[-42.23,-21.69],[-42.101,-21.678],[-41.894,-21.563],[-41.822,-21.597],[-41.766,-21.591],[-41.713,-21.64],[-41.611,-21.614],[-41.53,-21.611],[-41.465,-21.679],[-41.279,-21.749],[-41.206,-21.73],[-41.018,-21.611]]}},{"type":"Feature","properties":{"name":"Paraiba","rank":6},"geometry":{"type":"LineString","coordinates":[[-45.049,-23.049],[-45.13,-23.08],[-45.15,-23.12],[-45.262,-23.156],[-45.305,-23.211],[-45.383,-23.269],[-45.447,-23.283],[-45.65,-23.359],[-45.77,-23.327],[-45.92,-23.351],[-45.974,-23.407],[-46.005,-23.353],[-45.972,-23.31],[-45.967,-23.22],[-45.909,-23.142],[-45.831,-23.105],[-45.717,-23.081],[-45.701,-23.036],[-45.564,-22.957],[-45.515,-22.909],[-45.189,-22.81],[-45.108,-22.697],[-45.012,-22.653],[-44.941,-22.56],[-44.889,-22.57],[-44.81,-22.535],[-44.711,-22.522],[-44.598,-22.552],[-44.553,-22.499],[-44.491,-22.466],[-44.414,-22.466],[-44.281,-22.394],[-44.285,-22.439],[-44.151,-22.53],[-44.057,-22.466],[-43.987,-22.504],[-43.86,-22.476],[-43.797,-22.441],[-43.662,-22.31],[-43.472,-22.211],[-43.384,-22.211],[-43.203,-22.111],[-43.144,-22.097]]}},{"type":"Feature","properties":{"name":"Uruguay","rank":6},"geometry":{"type":"LineString","coordinates":[[-49.737,-28.511],[-49.847,-28.484],[-49.883,-28.451],[-49.964,-28.452],[-50.038,-28.48],[-50.162,-28.484],[-50.217,-28.45],[-50.484,-28.402],[-50.539,-28.416],[-50.621,-28.374],[-50.696,-28.264],[-50.744,-28.237],[-50.774,-28.156],[-50.868,-28.127],[-50.886,-28.025],[-50.945,-27.962],[-51.013,-27.935],[-51.081,-27.821],[-51.19,-27.765],[-51.227,-27.768],[-51.335,-27.669],[-51.495,-27.559],[-51.551,-27.571],[-51.606,-27.502],[-51.779,-27.524],[-51.892,-27.514],[-51.916,-27.449],[-52.012,-27.394],[-52.024,-27.331],[-52.098,-27.332],[-52.179,-27.268],[-52.261,-27.296],[-52.543,-27.237],[-52.609,-27.255],[-52.738,-27.25],[-52.869,-27.161],[-52.907,-27.197],[-52.964,-27.188],[-53.002,-27.096],[-53.054,-27.099],[-53.07,-27.151],[-53.165,-27.175],[-53.218,-27.161],[-53.369,-27.072],[-53.402,-27.12],[-53.5,-27.127],[-53.518,-27.195],[-53.566,-27.178],[-53.654,-27.216],[-53.687,-27.154],[-53.759,-27.18],[-53.965,-27.154],[-54.093,-27.285],[-54.19,-27.261],[-54.288,-27.428],[-54.462,-27.413],[-54.469,-27.47],[-54.534,-27.487],[-54.606,-27.468],[-54.627,-27.515],[-54.7,-27.553],[-54.775,-27.564],[-54.828,-27.545],[-54.846,-27.612],[-54.899,-27.624],[-54.914,-27.737],[-54.986,-27.785],[-55.026,-27.84],[-55.198,-27.861],[-55.271,-27.922],[-55.331,-27.928],[-55.441,-28.079],[-55.507,-28.079],[-55.554,-28.146],[-55.605,-28.117],[-55.685,-28.196],[-55.773,-28.232],[-55.688,-28.29],[-55.678,-28.374],[-55.843,-28.346],[-55.906,-28.378],[-55.899,-28.461],[-56.012,-28.496],[-56.023,-28.586],[-56.104,-28.648],[-56.185,-28.744],[-56.287,-28.78],[-56.302,-28.881],[-56.392,-28.952],[-56.416,-29.051],[-56.514,-29.094],[-56.618,-29.161],[-56.657,-29.223],[-56.678,-29.313],[-56.782,-29.395],[-56.82,-29.475],[-56.967,-29.601],[-56.98,-29.635],[-57.095,-29.752],[-57.22,-29.778],[-57.309,-29.848],[-57.326,-29.981],[-57.412,-30.04],[-57.507,-30.144],[-57.643,-30.193],[-57.624,-30.258],[-57.653,-30.329],[-57.85,-30.485],[-57.886,-30.59],[-57.819,-30.712],[-57.796,-30.858],[-57.808,-30.908],[-57.912,-30.947],[-57.856,-31.059],[-57.912,-31.17],[-57.906,-31.241],[-57.967,-31.314],[-57.991,-31.399],[-58.076,-31.475],[-57.988,-31.554],[-57.989,-31.643],[-58.06,-31.811],[-58.169,-31.846],[-58.203,-31.893],[-58.159,-31.944],[-58.149,-32.063],[-58.187,-32.153],[-58.108,-32.252],[-58.102,-32.311],[-58.2,-32.445]]}},{"type":"Feature","properties":{"name":"Pilcomayo","rank":6},"geometry":{"type":"LineString","coordinates":[[-66.444,-19.37],[-66.368,-19.287],[-66.403,-19.232],[-66.302,-19.153],[-66.204,-19.169],[-66.156,-19.274],[-66.005,-19.384],[-65.923,-19.39],[-65.79,-19.32],[-65.765,-19.222],[-65.724,-19.217],[-65.66,-19.142],[-65.602,-19.143],[-65.522,-19.087],[-65.462,-19.128],[-65.453,-19.167],[-65.373,-19.254],[-65.293,-19.31],[-65.155,-19.372],[-65.072,-19.377],[-64.964,-19.351],[-64.92,-19.371],[-64.869,-19.454],[-64.861,-19.567],[-64.776,-19.672],[-64.721,-19.803],[-64.702,-19.884],[-64.638,-19.973],[-64.598,-20.068],[-64.568,-20.412],[-64.432,-20.482],[-64.307,-20.487],[-64.247,-20.601],[-64.23,-20.699],[-64.183,-20.758],[-64.176,-20.884],[-64.143,-20.916],[-64.074,-20.914],[-63.983,-20.994],[-63.957,-21.117],[-63.896,-21.175],[-63.813,-21.2],[-63.686,-21.178],[-63.511,-21.262],[-63.443,-21.263],[-63.298,-21.36],[-63.163,-21.43],[-63.101,-21.497],[-63.001,-21.575],[-62.911,-21.79],[-62.839,-21.891],[-62.805,-22.004],[-62.792,-22.113],[-62.626,-22.247],[-62.633,-22.296],[-62.471,-22.382],[-62.369,-22.464],[-62.288,-22.484],[-62.234,-22.556],[-62.254,-22.604],[-62.188,-22.639],[-62.171,-22.717],[-62.036,-22.885],[-62.01,-22.97],[-61.957,-23.034],[-61.846,-23.097],[-61.753,-23.187],[-61.745,-23.235],[-61.668,-23.283],[-61.606,-23.289],[-61.493,-23.413],[-61.298,-23.481],[-61.273,-23.523],[-61.181,-23.557],[-61.111,-23.607],[-61.12,-23.666],[-61.007,-23.805],[-60.937,-23.814],[-60.838,-23.872],[-60.73,-23.872],[-60.594,-23.912],[-60.486,-23.977],[-60.388,-23.987],[-60.329,-24.018],[-60.144,-24.025],[-60.034,-24.007],[-59.674,-24.225],[-59.618,-24.283],[-59.541,-24.309],[-59.46,-24.358],[-59.342,-24.487],[-59.118,-24.599],[-59.002,-24.644],[-58.81,-24.777],[-58.695,-24.812],[-58.474,-24.851],[-58.313,-24.994],[-58.225,-24.941],[-58.112,-25.012],[-57.971,-25.078],[-57.891,-25.079],[-57.755,-25.181],[-57.722,-25.246],[-57.672,-25.29]]}},{"type":"Feature","properties":{"name":"Lom","rank":6},"geometry":{"type":"LineString","coordinates":[[14.665,6.698],[14.72,6.661],[14.645,6.569],[14.589,6.382],[14.504,6.308],[14.435,6.278],[14.404,6.215],[14.428,6.188],[14.433,6.074],[14.363,5.999],[14.37,5.944],[14.308,5.896],[14.158,5.848],[14.101,5.77],[14.102,5.662],[14.006,5.63],[14.007,5.595],[13.94,5.553],[13.856,5.533],[13.863,5.403],[13.73,5.329],[13.575,5.28],[13.503,5.392],[13.445,5.389],[13.356,5.28],[13.382,5.085],[13.31,5.041],[13.268,4.94],[13.214,4.912],[13.126,4.933]]}},{"type":"Feature","properties":{"name":"Tshuapa","rank":6},"geometry":{"type":"LineString","coordinates":[[24.594,-3.177],[24.633,-3.04],[24.625,-2.934],[24.457,-2.807],[24.388,-2.656],[24.362,-2.418],[24.228,-2.248],[24.191,-2.227],[24.143,-2.115],[24.098,-2.111],[24.033,-2.053],[23.996,-1.983],[23.973,-1.838],[23.95,-1.788],[23.961,-1.656],[23.943,-1.601],[23.927,-1.443],[23.91,-1.377],[23.861,-1.346],[23.727,-1.361],[23.663,-1.291],[23.649,-1.244],[23.454,-1.222],[23.196,-1.163],[23.106,-1.117],[23.005,-1.114],[22.917,-1.038],[22.867,-0.946],[22.826,-0.915],[22.668,-0.901],[22.525,-0.813],[22.495,-0.815],[22.367,-0.727],[22.364,-0.681],[22.282,-0.679],[22.274,-0.641],[22.091,-0.592],[22.045,-0.552],[21.898,-0.546],[21.832,-0.47],[21.803,-0.491],[21.751,-0.444],[21.603,-0.394],[21.516,-0.391],[21.352,-0.295],[21.155,-0.303],[21.024,-0.271],[20.948,-0.191],[20.749,-0.237],[20.754,-0.282]]}},{"type":"Feature","properties":{"name":"Omo","rank":6},"geometry":{"type":"LineString","coordinates":[[37.032,9.151],[37.018,9.066],[37.06,8.987],[37.107,8.983],[37.177,8.93],[37.206,8.812],[37.189,8.753],[37.145,8.734],[37.174,8.641],[37.248,8.606],[37.371,8.41],[37.46,8.322],[37.489,8.272],[37.605,8.218],[37.592,8.06],[37.619,7.975],[37.594,7.874],[37.585,7.76],[37.505,7.618],[37.405,7.47],[37.395,7.404],[37.352,7.314],[37.361,7.274],[37.451,7.202],[37.544,7.202],[37.462,7.129],[37.422,7.01],[37.419,6.901],[37.375,6.863],[37.326,6.869],[37.257,6.785],[37.233,6.693],[37.2,6.671],[37.05,6.647],[36.984,6.615],[36.955,6.699],[36.899,6.712],[36.833,6.677],[36.802,6.698],[36.692,6.711],[36.563,6.606],[36.522,6.558],[36.216,6.404],[36.11,6.445],[36.011,6.341],[36.017,6.282],[35.98,6.264],[35.983,6.198],[35.946,6.164],[36.004,5.983],[35.971,5.939],[35.949,5.821],[35.957,5.735],[35.938,5.599],[35.895,5.523],[35.936,5.382],[35.981,5.37],[36.106,5.375],[36.101,5.462],[36.12,5.506],[36.21,5.403],[36.178,5.277],[36.203,5.218],[36.147,5.168],[36.076,5.183],[36.045,5.123],[36.098,4.964],[36.079,4.879],[35.986,4.785],[35.973,4.7],[36.011,4.667],[36.045,4.539]]}},{"type":"Feature","properties":{"name":"Mananantanana","rank":6},"geometry":{"type":"LineString","coordinates":[[47.167,-22.011],[47.163,-21.96],[47.028,-21.931],[46.958,-21.896],[46.908,-21.805],[46.787,-21.731],[46.731,-21.75],[46.678,-21.711],[46.667,-21.597],[46.701,-21.528],[46.663,-21.497],[46.564,-21.473],[46.577,-21.426],[46.437,-21.376],[46.368,-21.297],[46.27,-21.263],[46.081,-21.265],[46.06,-21.302],[45.932,-21.313],[45.861,-21.419],[45.718,-21.46],[45.653,-21.428]]}},{"type":"Feature","properties":{"name":"Ouham","rank":6},"geometry":{"type":"LineString","coordinates":[[15.323,6.462],[15.35,6.382],[15.424,6.302],[15.48,6.328],[15.541,6.311],[15.631,6.369],[15.702,6.387],[15.837,6.492],[15.917,6.485],[15.98,6.451],[15.974,6.369],[16,6.291],[16.069,6.253],[16.164,6.271],[16.217,6.259],[16.282,6.301],[16.415,6.461],[16.404,6.501],[16.454,6.554],[16.543,6.601],[16.607,6.662],[16.715,6.671],[16.785,6.613],[16.795,6.564],[16.849,6.498],[16.947,6.458],[17.034,6.491],[17.11,6.441],[17.171,6.459],[17.221,6.423],[17.368,6.451],[17.461,6.522],[17.554,6.533],[17.657,6.52],[17.81,6.671],[17.877,6.695],[17.886,6.79],[17.958,6.84],[17.937,6.874],[17.971,7.003],[18.035,7.028],[18.093,7.082],[18.214,7.295],[18.303,7.315],[18.266,7.409],[18.192,7.504],[18.112,7.445],[18.078,7.466],[18.004,7.445],[17.947,7.523],[17.886,7.554],[17.762,7.551],[17.73,7.6],[17.792,7.742],[17.729,7.909],[17.694,8.079],[17.714,8.273],[17.797,8.423],[17.849,8.474],[17.875,8.551],[17.937,8.656],[17.922,8.729],[17.963,8.836],[17.965,9],[18.064,9.021],[18.121,9.076],[18.146,9.145],[18.202,9.168],[18.235,9.316]]}},{"type":"Feature","properties":{"name":"Ertis","rank":2},"geometry":{"type":"LineString","coordinates":[[83.364,49.644],[83.438,49.589],[83.582,49.557],[83.646,49.495],[83.873,49.446],[84.044,49.34],[84.179,49.238],[84.218,49.178],[84.203,49.132],[84.115,49.096],[83.754,49.005],[83.565,48.941],[83.45,48.807],[83.436,48.731],[83.472,48.634],[83.493,48.48],[83.604,48.401],[83.614,48.36],[83.517,48.314],[83.49,48.231],[83.573,48.154],[83.805,48.078],[84.01,47.958],[84.135,47.864],[84.198,47.777],[84.283,47.726],[84.357,47.732]]}},{"type":"Feature","properties":{"name":"Ertis","rank":2},"geometry":{"type":"LineString","coordinates":[[79.073,50.617],[78.818,50.644],[78.744,50.672],[78.637,50.748],[78.563,50.757],[78.482,50.828],[78.27,50.901],[78.202,51.002],[78.135,51.028],[78.129,51.102],[78.064,51.253],[77.864,51.372],[77.775,51.468],[77.693,51.485],[77.429,51.6],[77.425,51.696],[77.47,51.762],[77.448,51.837],[77.358,51.897],[77.069,51.988],[77.035,52.046],[76.96,52.064],[76.962,52.179],[76.891,52.326],[76.772,52.389],[76.808,52.443],[76.775,52.558],[76.645,52.636],[76.69,52.688],[76.649,52.752],[76.517,52.838],[76.33,52.912],[76.24,52.994],[76.097,53.05],[75.983,53.022],[75.866,53.05],[75.791,53.111],[75.781,53.18],[75.596,53.259],[75.479,53.335],[75.497,53.413],[75.435,53.485],[75.167,53.604],[75.107,53.698],[75.01,53.773],[75.085,53.942],[74.994,53.986]]}},{"type":"Feature","properties":{"name":"Ertis","rank":2},"geometry":{"type":"LineString","coordinates":[[79.073,50.617],[79.059,50.617]]}},{"type":"Feature","properties":{"name":"Ertis","rank":2},"geometry":{"type":"LineString","coordinates":[[83.364,49.644],[83.05,49.695],[82.889,49.864],[82.77,49.921],[82.698,49.915],[82.463,50.045],[82.366,50.05],[82.317,50.084],[82.248,50.227],[82.08,50.203],[82.006,50.22],[81.821,50.206],[81.774,50.26],[81.646,50.262],[81.511,50.334],[81.328,50.315],[81.116,50.393],[81.009,50.405],[80.823,50.354],[80.608,50.391],[80.465,50.356],[80.293,50.379],[80.195,50.452],[80.111,50.478],[79.94,50.487],[79.813,50.471],[79.709,50.498],[79.619,50.556],[79.451,50.603],[79.367,50.654],[79.26,50.637],[79.234,50.679],[79.126,50.677],[79.073,50.617]]}},{"type":"Feature","properties":{"name":"Ertis","rank":2},"geometry":{"type":"LineString","coordinates":[[85.267,47.994],[85.179,47.999],[84.889,47.894],[84.793,47.802],[84.597,47.76],[84.536,47.725],[84.357,47.732]]}},{"type":"Feature","properties":{"name":"Amazonas","rank":1},"geometry":{"type":"LineString","coordinates":[[-54.321,-2.19],[-54.306,-2.247],[-54.243,-2.257],[-54.144,-2.245],[-54.143,-2.245]]}},{"type":"Feature","properties":{"name":"Amazonas","rank":1},"geometry":{"type":"LineString","coordinates":[[-52.712,-1.584],[-52.851,-1.599],[-52.928,-1.62],[-53.069,-1.741],[-53.191,-1.803],[-53.338,-1.821],[-53.438,-1.855],[-53.71,-1.897],[-53.779,-1.918],[-53.912,-1.986],[-54.035,-2.078],[-54.066,-2.151],[-54.074,-2.33],[-54.192,-2.381],[-54.301,-2.39],[-54.575,-2.45],[-54.636,-2.445],[-54.677,-2.412],[-54.699,-2.361],[-54.7,-2.271],[-54.673,-2.225],[-54.693,-2.174],[-54.894,-2.073],[-54.947,-2.081],[-55.034,-2.177],[-55.09,-2.198],[-55.315,-2.135],[-55.43,-1.997],[-55.572,-1.917],[-55.663,-1.917],[-55.769,-1.982],[-55.945,-2.004],[-56.02,-2.004],[-56.079,-2.034],[-56.192,-2.162],[-56.361,-2.278],[-56.473,-2.424],[-56.54,-2.527],[-56.637,-2.571],[-56.723,-2.589],[-56.89,-2.56],[-57.015,-2.509],[-57.13,-2.532],[-57.203,-2.563],[-57.407,-2.409],[-57.514,-2.384],[-57.572,-2.417],[-57.681,-2.63],[-57.84,-2.769],[-58.054,-2.84],[-58.131,-2.907],[-58.18,-3.077],[-58.191,-3.155],[-58.237,-3.216],[-58.316,-3.212],[-58.475,-3.157],[-58.551,-3.19],[-58.66,-3.341],[-58.749,-3.334],[-58.833,-3.349],[-58.909,-3.327],[-58.985,-3.26],[-59.073,-3.239],[-59.147,-3.247],[-59.28,-3.222],[-59.361,-3.173],[-59.471,-3.151],[-59.542,-3.113],[-59.614,-3.108],[-59.685,-3.071],[-59.778,-3.072],[-59.888,-3.099],[-59.906,-3.127],[-59.902,-3.196],[-59.983,-3.261],[-60.165,-3.337],[-60.212,-3.334],[-60.317,-3.29],[-60.582,-3.343],[-60.704,-3.335],[-60.747,-3.429],[-60.823,-3.502],[-60.851,-3.557],[-60.951,-3.618],[-61.04,-3.595],[-61.189,-3.59],[-61.264,-3.612],[-61.377,-3.61],[-61.427,-3.627],[-61.567,-3.73],[-61.663,-3.856],[-61.909,-3.963],[-61.969,-3.946],[-62.102,-3.844],[-62.325,-3.74],[-62.388,-3.695],[-62.438,-3.741],[-62.462,-3.838],[-62.623,-3.889],[-62.752,-3.886],[-62.835,-3.915],[-62.97,-4.01],[-63.076,-4.071],[-63.169,-4.058],[-63.2,-3.949],[-63.36,-3.916],[-63.533,-3.845],[-63.719,-3.879],[-63.787,-3.847],[-63.895,-3.835],[-63.979,-3.798],[-64.02,-3.747],[-64.106,-3.734],[-64.215,-3.687],[-64.286,-3.626],[-64.453,-3.534],[-64.499,-3.43],[-64.588,-3.394],[-64.67,-3.309],[-64.738,-3.26],[-64.843,-3.141],[-64.994,-3.057],[-65.195,-2.855],[-65.234,-2.767],[-65.356,-2.734],[-65.438,-2.695],[-65.491,-2.591],[-65.54,-2.589],[-65.661,-2.621],[-65.761,-2.603],[-65.8,-2.535],[-65.947,-2.456],[-66.068,-2.495],[-66.161,-2.427],[-66.2,-2.431],[-66.235,-2.511],[-66.298,-2.568],[-66.345,-2.553],[-66.441,-2.444],[-66.561,-2.423],[-66.602,-2.464],[-66.608,-2.643],[-66.663,-2.69],[-66.739,-2.708],[-66.847,-2.689],[-66.952,-2.73],[-67.017,-2.719],[-67.075,-2.666],[-67.228,-2.64],[-67.273,-2.586],[-67.348,-2.58],[-67.391,-2.612],[-67.468,-2.734],[-67.533,-2.763],[-67.619,-2.772],[-67.756,-2.825],[-67.818,-2.868],[-67.895,-2.977],[-67.928,-3.055],[-67.925,-3.262],[-67.971,-3.336],[-68.248,-3.327],[-68.351,-3.293],[-68.488,-3.35],[-68.563,-3.332],[-68.833,-3.404],[-68.939,-3.399],[-69.065,-3.409],[-69.328,-3.501],[-69.351,-3.532],[-69.422,-3.707],[-69.398,-3.936],[-69.439,-4.011],[-69.505,-4.087],[-69.422,-4.148],[-69.437,-4.221],[-69.605,-4.337],[-69.734,-4.368],[-69.927,-4.329],[-69.994,-4.181],[-70.061,-4.107],[-70.189,-4.029],[-70.218,-3.925],[-70.312,-3.829],[-70.378,-3.819],[-70.439,-3.868],[-70.492,-3.878],[-70.626,-3.868],[-70.799,-3.936],[-71.034,-3.992],[-71.11,-3.994],[-71.185,-3.95],[-71.198,-3.893],[-71.253,-3.861],[-71.32,-3.853],[-71.434,-3.866],[-71.524,-3.826],[-71.587,-3.756],[-71.682,-3.721],[-71.728,-3.632],[-71.733,-3.413],[-71.759,-3.367],[-71.836,-3.337],[-72.056,-3.46],[-72.232,-3.511],[-72.287,-3.516],[-72.648,-3.449],[-72.821,-3.445],[-72.887,-3.475],[-73.027,-3.51],[-73.223,-3.683],[-73.248,-3.753],[-73.197,-3.781],[-73.19,-3.842],[-73.214,-3.926],[-73.171,-3.996],[-73.196,-4.12],[-73.236,-4.145],[-73.33,-4.105],[-73.372,-4.118],[-73.375,-4.229],[-73.459,-4.323],[-73.441,-4.379],[-73.489,-4.445]]}},{"type":"Feature","properties":{"name":"Amazonas","rank":1},"geometry":{"type":"LineString","coordinates":[[-54.144,-2.245],[-54.128,-2.148],[-54.088,-2.018],[-54.035,-1.996],[-53.993,-1.943],[-53.851,-1.909],[-53.79,-1.923]]}},{"type":"Feature","properties":{"name":"Kadéï","rank":6},"geometry":{"type":"LineString","coordinates":[[14.617,5.865],[14.631,5.738],[14.592,5.624],[14.618,5.526],[14.579,5.396],[14.528,5.293],[14.468,5.259],[14.452,5.218],[14.5,5.136],[14.496,5.075],[14.424,4.98],[14.343,4.955],[14.272,4.902],[14.246,4.844],[14.243,4.757],[14.212,4.575],[14.246,4.539],[14.246,4.484],[14.332,4.413],[14.322,4.347],[14.396,4.346],[14.452,4.293],[14.466,4.237],[14.507,4.224],[14.562,4.252],[14.606,4.144],[14.718,4.227],[14.787,4.235],[14.87,4.193],[14.904,4.119],[15.045,4.126],[15.076,4.094],[15.132,4.109],[15.207,4.032],[15.306,4.005],[15.364,4.019],[15.392,4.061],[15.529,3.983],[15.571,3.984],[15.606,3.885],[15.584,3.792],[15.698,3.769],[15.806,3.707],[15.971,3.569],[16.107,3.477],[16.111,3.265],[16.133,3.237],[16.111,3.169],[16.128,3.136],[16.224,3.07],[16.225,3.017],[16.289,2.96],[16.299,2.905],[16.202,2.878],[16.142,2.794],[16.09,2.662],[16.111,2.586],[16.09,2.511],[16.111,2.419],[16.159,2.333],[16.199,2.212],[16.159,2.182],[16.104,2.194],[16.064,1.979],[16.135,1.845],[16.159,1.735],[16.114,1.719],[16.069,1.655]]}},{"type":"Feature","properties":{"name":"Ruvuma","rank":6},"geometry":{"type":"LineString","coordinates":[[35.599,-10.807],[35.501,-10.731],[35.355,-10.683],[35.278,-10.68],[35.206,-10.741],[35.18,-10.867],[35.22,-10.901],[35.246,-10.996],[35.232,-11.031],[35.303,-11.092],[35.285,-11.263],[35.364,-11.343],[35.367,-11.424],[35.435,-11.516],[35.421,-11.571],[35.576,-11.605],[35.654,-11.578],[35.695,-11.494],[35.764,-11.475],[35.826,-11.413],[35.939,-11.434],[35.988,-11.512],[36.022,-11.506],[36.168,-11.579],[36.199,-11.701],[36.278,-11.709],[36.378,-11.681],[36.494,-11.681],[36.563,-11.731],[36.667,-11.713],[36.747,-11.666],[36.82,-11.573],[36.905,-11.593],[37.044,-11.596],[37.106,-11.658],[37.226,-11.694],[37.331,-11.681],[37.378,-11.709],[37.469,-11.719],[37.503,-11.673],[37.647,-11.636],[37.783,-11.559],[37.875,-11.319],[37.938,-11.284],[38.07,-11.256],[38.155,-11.28],[38.256,-11.277],[38.347,-11.359],[38.492,-11.413],[38.654,-11.276],[38.759,-11.263],[38.896,-11.167],[39.06,-11.16],[39.126,-11.14],[39.211,-11.174],[39.286,-11.154],[39.482,-10.999],[39.76,-10.943],[39.886,-10.864],[40.007,-10.811],[40.161,-10.704],[40.25,-10.611],[40.353,-10.56],[40.437,-10.475]]}},{"type":"Feature","properties":{"name":"Thames","rank":6},"geometry":{"type":"LineString","coordinates":[[-2.051,51.842],[-1.98,51.797],[-1.938,51.69],[-1.848,51.658],[-1.74,51.66],[-1.562,51.7],[-1.258,51.745],[-1.216,51.645],[-1.143,51.624],[-1.15,51.537],[-1.103,51.495],[-0.987,51.453],[-0.907,51.477],[-0.846,51.543],[-0.743,51.562],[-0.701,51.507],[-0.604,51.494],[-0.576,51.446],[-0.47,51.39],[-0.315,51.407],[-0.31,51.473],[-0.179,51.47],[-0.085,51.512],[0.048,51.491],[0.129,51.505],[0.275,51.46],[0.385,51.453]]}},{"type":"Feature","properties":{"name":"Drau","rank":6},"geometry":{"type":"LineString","coordinates":[[-18.173,64.914],[-18.237,64.818],[-18.385,64.754],[-18.467,64.678],[-18.861,64.518],[-18.888,64.486],[-19.252,64.344],[-19.361,64.255],[-19.551,64.186]]}},{"type":"Feature","properties":{"name":"Duero","rank":6},"geometry":{"type":"LineString","coordinates":[[-2.945,41.975],[-2.775,41.901],[-2.596,41.882],[-2.439,41.815],[-2.446,41.715],[-2.351,41.654],[-2.357,41.605],[-2.468,41.573],[-2.512,41.507],[-2.584,41.491],[-2.783,41.51],[-2.831,41.54],[-2.926,41.495],[-3.091,41.523],[-3.245,41.605],[-3.33,41.599],[-3.493,41.654],[-3.543,41.646],[-3.923,41.713],[-4.015,41.63],[-4.256,41.651],[-4.302,41.665],[-4.485,41.644],[-4.672,41.588],[-4.834,41.583],[-4.889,41.535],[-5.048,41.515],[-5.271,41.437],[-5.414,41.542],[-5.488,41.523],[-5.647,41.535],[-5.789,41.52],[-5.897,41.458],[-6.011,41.475],[-6.16,41.595],[-6.192,41.586],[-6.286,41.487],[-6.322,41.42],[-6.377,41.397],[-6.496,41.295],[-6.647,41.268],[-6.76,41.152],[-6.819,41.054],[-6.987,41.053],[-7.076,41.087],[-7.126,41.164],[-7.326,41.158],[-7.432,41.216],[-7.55,41.183],[-7.639,41.181]]}},{"type":"Feature","properties":{"name":"Duero","rank":6},"geometry":{"type":"LineString","coordinates":[[-7.651,41.181],[-7.774,41.157],[-7.843,41.184],[-7.94,41.138],[-8.062,41.106],[-8.19,41.109],[-8.37,41.066],[-8.509,41.091],[-8.566,41.144],[-8.648,41.149]]}},{"type":"Feature","properties":{"name":"Helmand","rank":6},"geometry":{"type":"LineString","coordinates":[[68.489,34.572],[68.371,34.525],[68.349,34.491],[68.267,34.513],[68.036,34.497],[67.918,34.438],[67.739,34.41],[67.53,34.335],[67.431,34.253],[67.313,34.206],[67.266,34.157]]}},{"type":"Feature","properties":{"name":"Helmand","rank":6},"geometry":{"type":"LineString","coordinates":[[67.266,34.163],[67.216,34.091],[67.259,34.034],[67.238,33.954],[67.168,33.954],[67.013,33.855],[66.929,33.763],[66.855,33.726],[66.777,33.725],[66.731,33.692],[66.672,33.709],[66.616,33.658],[66.388,33.548],[66.307,33.492],[66.286,33.407],[66.162,33.389],[66.055,33.297],[65.95,33.122],[65.875,33.06],[65.803,33.057],[65.723,32.991],[65.546,32.93],[65.536,32.87],[65.483,32.833],[65.486,32.771],[65.449,32.691],[65.313,32.473],[65.308,32.402],[65.261,32.338],[65.056,32.304],[64.998,32.273],[64.935,32.168],[64.849,32.102],[64.736,31.908],[64.625,31.833],[64.559,31.809],[64.354,31.663]]}},{"type":"Feature","properties":{"name":"Helmand","rank":6},"geometry":{"type":"LineString","coordinates":[[61.604,31.204],[61.637,31.118],[61.691,31.038],[61.773,30.994],[61.804,30.95],[61.791,30.772],[61.825,30.734],[61.832,30.56],[61.812,30.432],[61.855,30.357],[61.932,30.309],[62.099,30.283],[62.216,30.23],[62.428,30.17],[62.559,30.169],[62.873,30.258],[63.063,30.262],[63.134,30.301],[63.189,30.36],[63.255,30.374],[63.301,30.428],[63.415,30.506],[63.588,30.584],[63.887,30.529],[63.955,30.557],[64.052,30.676],[64.097,30.771],[64.114,30.914],[64.183,31.032],[64.163,31.086],[64.189,31.176],[64.271,31.299],[64.36,31.391],[64.347,31.624],[64.361,31.663]]}},{"type":"Feature","properties":{"name":"Red","rank":6},"geometry":{"type":"LineString","coordinates":[[106.501,20.3],[106.45,20.287],[106.386,20.34],[106.323,20.361],[106.214,20.424],[106.125,20.625],[106.059,20.617],[106.033,20.702],[105.981,20.717],[105.956,20.787],[105.92,20.801],[105.925,20.887],[105.885,20.95],[105.901,21],[105.823,21.086],[105.656,21.16],[105.514,21.167],[105.456,21.209],[105.426,21.292],[105.354,21.301],[105.312,21.259],[105.268,21.284],[105.25,21.39],[105.201,21.358],[105.137,21.432],[105.049,21.503],[104.962,21.603],[104.932,21.665],[104.863,21.708],[104.737,21.836],[104.594,21.938],[104.592,21.959],[104.408,22.109],[104.36,22.171],[103.988,22.476],[103.894,22.569],[103.866,22.576],[103.658,22.793],[103.52,22.911],[103.288,23.062],[103.174,23.108],[103.084,23.125],[102.927,23.211],[102.855,23.228],[102.819,23.284],[102.762,23.304],[102.685,23.295],[102.499,23.382],[102.379,23.396],[102.25,23.45],[102.136,23.481],[102.104,23.538],[102.023,23.577],[101.978,23.643],[101.94,23.652],[101.792,23.796],[101.717,23.914],[101.529,24.145],[101.441,24.399],[101.319,24.541],[101.257,24.513],[101.211,24.538],[101.132,24.625],[101.115,24.669],[101.042,24.73],[100.949,24.835],[100.9,24.938],[100.819,25.025],[100.734,24.988],[100.579,25.073],[100.351,25.133],[100.235,25.385],[100.183,25.443]]}},{"type":"Feature","properties":{"name":"Yamuna","rank":6},"geometry":{"type":"LineString","coordinates":[[78.34,30.915],[78.217,30.82],[78.095,30.775],[78.054,30.666],[78.021,30.647],[77.958,30.511],[77.894,30.538],[77.792,30.507],[77.665,30.446],[77.598,30.437],[77.585,30.325],[77.538,30.209],[77.484,30.153],[77.37,30.097],[77.23,29.977],[77.18,29.804],[77.107,29.702],[77.065,29.57],[77.078,29.492],[77.12,29.484],[77.15,29.403],[77.131,29.281],[77.141,29.13],[77.196,28.998],[77.176,28.963],[77.22,28.906],[77.223,28.694]]}},{"type":"Feature","properties":{"name":"Yamuna","rank":6},"geometry":{"type":"LineString","coordinates":[[77.223,28.694],[77.259,28.593],[77.343,28.498],[77.466,28.434],[77.497,28.393],[77.466,28.315],[77.529,28.254],[77.529,28.193],[77.495,28.152],[77.504,28.02],[77.529,27.953],[77.52,27.898],[77.585,27.86],[77.605,27.799],[77.687,27.716],[77.678,27.655],[77.706,27.588],[77.685,27.515],[77.778,27.342],[77.822,27.309],[77.96,27.291],[78.031,27.219],[78.111,27.18],[78.211,27.169],[78.214,27.087],[78.272,27.084],[78.306,27.125],[78.411,27.056],[78.457,26.994],[78.556,26.976],[78.642,26.886],[78.696,26.921],[78.752,26.904],[78.858,26.803],[78.985,26.758],[79.084,26.598],[79.18,26.588],[79.204,26.545],[79.293,26.523],[79.286,26.441],[79.313,26.407],[79.416,26.437],[79.48,26.384],[79.566,26.263],[79.627,26.251],[79.649,26.21],[79.741,26.173],[79.772,26.112],[79.847,26.115],[79.985,26.064],[80.059,26.076],[80.073,26.009],[80.211,25.92],[80.277,25.926],[80.446,25.906],[80.469,25.842],[80.562,25.738],[80.73,25.686],[80.923,25.685],[80.941,25.625],[81.013,25.625],[81.017,25.543],[81.087,25.511],[81.171,25.5],[81.153,25.43],[81.184,25.371],[81.261,25.329],[81.32,25.345],[81.383,25.29],[81.453,25.266],[81.513,25.276],[81.62,25.348],[81.793,25.375],[81.828,25.416],[81.903,25.415]]}},{"type":"Feature","properties":{"name":"Narmada","rank":6},"geometry":{"type":"LineString","coordinates":[[81.574,22.754],[81.462,22.765],[81.408,22.843],[81.271,22.882],[81.035,22.982],[81.006,22.935],[80.889,22.953],[80.893,23.018],[80.828,23.051],[80.766,23.021],[80.519,22.953],[80.519,22.881],[80.477,22.842],[80.51,22.726],[80.478,22.675],[80.499,22.614],[80.45,22.579],[80.389,22.583],[80.334,22.654],[80.327,22.726],[80.283,22.741],[80.244,22.802],[80.165,22.766],[80.06,22.775],[79.93,22.877],[79.944,22.942],[79.91,23.008],[79.944,23.049],[79.94,23.104],[79.855,23.101],[79.789,23.132],[79.687,23.097],[79.516,23.137],[79.41,23.097],[79.159,23.069],[79.101,23.021],[79.039,23.016],[78.964,23.048],[78.772,23.041],[78.494,23.006],[78.395,22.959],[78.306,22.898],[78.155,22.87],[78.12,22.789],[78.004,22.82],[77.947,22.814],[77.909,22.864],[77.819,22.849],[77.772,22.785],[77.639,22.732],[77.589,22.686],[77.425,22.627],[77.313,22.56],[77.272,22.595],[77.14,22.563],[77.049,22.501],[76.922,22.494],[76.834,22.448],[76.783,22.395],[76.763,22.31],[76.668,22.258],[76.565,22.227],[76.477,22.281],[76.435,22.336],[76.242,22.292],[76.202,22.251],[76.097,22.242],[75.954,22.188],[75.818,22.186],[75.69,22.155],[75.631,22.173],[75.068,22.103],[74.983,22.076],[74.77,22.076],[74.59,22.023],[74.531,22.05],[74.433,22.039],[74.284,21.945],[74.205,21.925],[74.129,21.952],[74.061,21.94],[73.918,21.867],[73.756,21.836],[73.607,21.912],[73.531,21.982],[73.444,21.987],[73.413,21.918],[73.337,21.886],[73.268,21.936],[73.227,21.915],[73.245,21.844],[73.136,21.844],[73.159,21.777],[73.132,21.754]]}},{"type":"Feature","properties":{"name":"Dadu","rank":6},"geometry":{"type":"LineString","coordinates":[[100.07,33.006],[100.251,32.824],[100.371,32.779],[100.498,32.669],[100.542,32.587],[100.71,32.523],[100.806,32.442],[100.803,32.353],[100.916,32.31],[101.006,32.205],[100.975,32.108],[100.977,32.024],[101.024,31.957],[101.081,31.94],[101.166,31.834],[101.286,31.779],[101.425,31.765],[101.478,31.803],[101.571,31.792],[101.726,31.847],[101.831,31.861],[102.026,31.711],[102.072,31.601],[102.071,31.442],[101.997,31.379],[102.049,31.298],[101.988,31.189],[101.893,31.135],[101.874,31.084],[101.88,30.908],[101.944,30.803],[102.055,30.699],[102.069,30.524],[102.116,30.478],[102.123,30.398],[102.17,30.313],[102.192,30.205],[102.173,30.065],[102.228,29.952],[102.209,29.849],[102.216,29.775],[102.166,29.629],[102.158,29.543],[102.215,29.477],[102.236,29.391],[102.284,29.285],[102.333,29.257],[102.501,29.283],[102.55,29.326],[102.625,29.35],[102.657,29.326],[102.777,29.316],[102.85,29.215],[102.902,29.231],[102.958,29.303],[103.02,29.292],[103.043,29.243],[103.114,29.304],[103.203,29.254],[103.273,29.248],[103.291,29.291],[103.38,29.319],[103.462,29.319],[103.531,29.278],[103.582,29.213],[103.639,29.21],[103.652,29.337],[103.562,29.354],[103.562,29.436],[103.643,29.522],[103.716,29.559]]}},{"type":"Feature","properties":{"name":"Irtysh","rank":2},"geometry":{"type":"LineString","coordinates":[[90.325,47.65],[90.27,47.438],[90.11,47.399],[89.992,47.305],[89.938,47.233],[89.709,47.174],[89.567,47.061],[89.544,46.992],[89.492,46.983],[89.147,47.013],[89.043,47.046],[88.907,47.122],[88.689,47.208],[87.991,47.309],[87.908,47.352],[87.831,47.355],[87.742,47.41],[87.634,47.441],[87.415,47.466],[87.35,47.497],[87.316,47.574],[87.195,47.589],[87.152,47.568],[86.977,47.625],[86.924,47.674],[86.842,47.699],[86.694,47.821],[86.485,47.887],[86.363,47.841],[86.248,47.841],[86.126,47.882],[85.954,47.965],[85.882,47.957],[85.656,48.007],[85.555,47.983],[85.509,48.027],[85.378,47.979],[85.267,47.994]]}},{"type":"Feature","properties":{"name":"Xar Moron","rank":6},"geometry":{"type":"LineString","coordinates":[[117.209,42.592],[117.16,42.62],[117.23,42.709],[117.229,42.797],[117.18,42.905],[117.23,42.962],[117.236,43.024],[117.359,43.045],[117.572,43.149],[117.728,43.192],[117.938,43.195],[118.024,43.251],[118.147,43.26],[118.25,43.296],[118.447,43.274],[118.549,43.274],[118.685,43.251],[119.132,43.217],[119.268,43.257],[119.621,43.266],[120.164,43.38],[120.341,43.373],[120.758,43.423]]}},{"type":"Feature","properties":{"name":"Kapuas","rank":6},"geometry":{"type":"LineString","coordinates":[[113.465,1.201],[113.313,1.08],[113.233,0.965],[113.132,0.943],[112.996,0.885],[112.944,0.882],[112.87,0.837],[112.772,0.806],[112.738,0.849],[112.673,0.832],[112.593,0.84],[112.507,0.784],[112.463,0.791],[112.363,0.69],[112.242,0.678],[112.134,0.647],[112.104,0.62],[111.982,0.645],[111.953,0.606],[111.941,0.509],[111.781,0.352],[111.741,0.328],[111.61,0.356],[111.633,0.289],[111.548,0.229],[111.542,0.158],[111.501,0.147],[111.468,0.089],[111.271,0.071],[111.239,0.139],[111.196,0.072],[111.137,0.099],[111.094,0.076],[111.033,0.095],[111,0.04],[110.85,0.041],[110.775,0.002],[110.758,0.101],[110.635,0.006],[110.624,0.106],[110.589,0.119],[110.561,0.006],[110.502,0.028],[110.424,-0.093],[110.29,-0.095],[110.215,-0.045],[110.081,-0.044],[110,-0.065],[109.97,-0.104],[109.946,-0.194],[109.868,-0.26],[109.773,-0.258],[109.735,-0.321],[109.7,-0.312],[109.633,-0.36],[109.534,-0.347],[109.488,-0.385],[109.367,-0.273],[109.279,-0.273],[109.218,-0.237]]}},{"type":"Feature","properties":{"name":"Katherine","rank":6},"geometry":{"type":"LineString","coordinates":[[133.134,-13.298],[133.144,-13.342],[133.21,-13.422],[133.231,-13.547],[133.228,-13.64],[133.193,-13.711],[133.089,-13.747],[133.055,-13.723],[132.932,-13.695],[132.802,-13.836],[132.772,-13.976],[132.748,-13.993],[132.72,-14.147],[132.682,-14.195],[132.572,-14.285],[132.44,-14.306],[132.363,-14.368],[132.237,-14.495],[132.135,-14.533],[132.065,-14.579],[131.995,-14.674],[131.919,-14.708],[131.844,-14.706]]}},{"type":"Feature","properties":{"name":"Taritatu","rank":6},"geometry":{"type":"LineString","coordinates":[[140.295,-3.711],[140.243,-3.727],[140.195,-3.673],[140.093,-3.684],[139.957,-3.631],[139.8,-3.585],[139.74,-3.54],[139.531,-3.531],[139.439,-3.485],[139.267,-3.458],[139.233,-3.431],[139.148,-3.445],[139.044,-3.275],[138.959,-3.276],[138.789,-3.177],[138.702,-3.19]]}},{"type":"Feature","properties":{"name":"Mitchell","rank":6},"geometry":{"type":"LineString","coordinates":[[143.469,-16.484],[143.422,-16.501],[143.331,-16.45],[143.204,-16.43],[143.072,-16.35],[143.001,-16.258],[142.909,-16.195],[142.849,-16.176],[142.803,-16.129],[142.742,-16.108],[142.642,-16.046],[142.621,-16.011],[142.458,-15.957],[142.396,-15.971],[142.351,-15.915],[142.285,-15.9],[142.249,-15.799],[142.172,-15.703],[142.128,-15.68],[142.084,-15.575],[141.953,-15.385],[141.967,-15.34],[141.905,-15.286],[141.813,-15.281],[141.748,-15.227],[141.697,-15.244],[141.604,-15.203]]}},{"type":"Feature","properties":{"name":"Chenab","rank":6},"geometry":{"type":"LineString","coordinates":[[77.436,32.293],[77.356,32.317],[77.298,32.368],[77.134,32.457],[77.079,32.5],[76.976,32.525],[76.949,32.6],[76.85,32.648],[76.714,32.68],[76.609,32.751],[76.477,32.754],[76.428,32.8],[76.462,32.909],[76.428,32.98],[76.433,33.033],[76.355,33.116],[76.246,33.179],[76.199,33.242],[76.103,33.303],[75.833,33.377],[75.771,33.383],[75.725,33.335],[75.791,33.25],[75.811,33.181],[75.6,33.141],[75.5,33.15],[75.408,33.136],[75.325,33.156],[75.292,33.21],[75.163,33.273],[75.069,33.166],[74.904,33.168],[74.818,33.193],[74.794,33.079],[74.809,33.002],[74.784,32.921],[74.725,32.873],[74.653,32.855],[74.533,32.783],[74.469,32.701],[74.316,32.603],[74.155,32.528],[74.104,32.477],[74.043,32.464],[73.991,32.419],[73.921,32.417],[73.791,32.383],[73.756,32.341],[73.677,32.347],[73.512,32.238],[73.42,32.236],[73.214,32.035],[73.188,31.95],[73.139,31.902],[73.108,31.83],[73.001,31.792],[72.919,31.71],[72.672,31.672],[72.543,31.608],[72.517,31.569],[72.361,31.488],[72.343,31.449],[72.251,31.365],[72.234,31.22],[72.139,31.183]]}},{"type":"Feature","properties":{"name":"Chenab","rank":6},"geometry":{"type":"LineString","coordinates":[[72.139,31.183],[72.139,31.094],[72.096,31.059],[72.078,30.995],[72.018,30.953],[71.986,30.886],[71.858,30.773],[71.837,30.662],[71.713,30.573],[71.494,30.454],[71.414,30.334],[71.364,30.316],[71.31,30.133],[71.252,30.044],[71.22,29.915],[71.174,29.865],[71.206,29.793],[71.141,29.64],[71.054,29.597],[71.008,29.532],[71.046,29.425],[71.022,29.394],[71.004,29.293],[70.921,29.216],[70.848,29.228],[70.82,29.174],[70.746,29.136],[70.699,29.038],[70.639,29.037]]}},{"type":"Feature","properties":{"name":"Anadyr’","rank":6},"geometry":{"type":"LineString","coordinates":[[170.966,67.099],[171,67.05],[171.293,67.007],[171.561,66.726],[171.225,66.66],[170.894,66.56],[170.8,66.551],[170.652,66.49],[170.372,66.331],[170.166,66.272],[169.972,66.255],[169.807,66.16],[169.837,66.083],[169.796,65.92],[169.817,65.804],[169.24,65.665],[168.96,65.61],[168.858,65.498],[168.78,65.492],[168.571,65.405],[168.552,65.308],[168.609,65.27],[168.845,65.211],[168.849,65.127],[168.679,65.042],[168.608,64.97],[168.625,64.884],[168.795,64.864],[169.001,64.768],[169.379,64.787],[169.579,64.822],[169.928,64.798],[170.284,64.716],[170.495,64.707],[170.762,64.74],[170.722,64.816],[170.796,64.922],[170.92,64.925],[170.967,64.974],[171.112,65.008],[171.136,65.087],[171.064,65.114],[171.1,65.279],[171.25,65.255],[171.339,65.303],[171.763,65.282],[171.941,65.154],[172.068,65.186],[172.236,65.145],[172.327,65.163],[172.363,65.23],[172.533,65.239],[172.626,65.295],[172.85,65.355],[173.031,65.517],[173.19,65.552],[173.345,65.531],[173.405,65.434],[173.552,65.403],[173.671,65.324],[173.689,65.268],[173.531,65.11],[173.579,65.028],[173.856,65],[173.969,64.935],[174.071,64.806],[174.291,64.763],[174.442,64.692]]}},{"type":"Feature","properties":{"name":"Olenëk","rank":6},"geometry":{"type":"LineString","coordinates":[[120.573,72.889],[120.761,72.882],[121.022,72.774],[121.455,72.81],[121.873,72.628],[121.929,72.584],[122.168,72.528],[122.487,72.4],[122.685,72.344],[122.898,72.316],[123.2,72.239],[123.378,72.162],[123.737,72.062],[123.595,71.902],[123.793,71.767],[123.613,71.709],[123.549,71.649],[123.365,71.586],[123.161,71.565],[122.921,71.46],[122.784,71.375],[122.598,71.317],[122.665,71.242],[122.499,71.168],[122.489,71.036]]}},{"type":"Feature","properties":{"name":"Olenëk","rank":6},"geometry":{"type":"LineString","coordinates":[[104.957,67.568],[105.339,67.514],[105.511,67.589],[105.645,67.566],[105.773,67.473],[105.936,67.486],[106.061,67.615],[106.226,67.578],[106.354,67.52],[106.183,67.473],[106.277,67.433],[106.228,67.386],[106.319,67.342],[106.65,67.376],[107.087,67.285],[107.237,67.302],[107.434,67.281],[107.572,67.236],[107.783,67.277],[108.043,67.209],[108.283,67.231],[108.689,67.127],[108.944,67.116],[109.122,67.151],[109.31,67.117],[109.383,67.184],[109.64,67.151],[109.932,67.161],[110.123,67.261],[110.294,67.301],[110.234,67.347],[110.339,67.403],[110.566,67.476],[110.735,67.477],[111.022,67.607],[110.962,67.677],[110.837,67.746],[110.913,67.801],[111.203,67.86],[111.399,67.937],[111.46,67.89],[111.591,67.886],[111.606,67.811],[111.859,67.874],[112.069,67.825],[112.222,67.811],[112.356,67.845],[112.275,67.944],[112.309,67.992],[112.225,68.047],[111.96,68.102],[112.066,68.191],[112.214,68.206],[112.309,68.256],[112.115,68.303],[112.299,68.36],[112.159,68.469],[112.33,68.57],[112.49,68.495],[112.702,68.509],[112.851,68.45],[113.048,68.447],[113.393,68.397],[113.503,68.432],[113.649,68.429],[113.847,68.519],[114.069,68.527],[114.184,68.469],[114.483,68.463],[114.628,68.489],[114.735,68.455],[114.576,68.41],[114.639,68.378],[114.854,68.357],[115.053,68.434],[115.333,68.451],[115.612,68.552],[115.735,68.503],[115.639,68.449],[115.453,68.399],[115.573,68.333],[115.763,68.315],[115.935,68.272],[115.814,68.215],[115.838,68.116],[116.071,68.119],[116.109,67.972],[116.215,67.839],[116.145,67.754],[116.378,67.728],[116.531,67.756],[116.564,67.856],[116.783,67.843],[116.875,67.886],[117.066,68.033],[117.349,68.053],[117.549,68.155],[117.718,68.206],[117.339,68.269],[117.202,68.335],[117.234,68.392],[117.11,68.437],[117.048,68.506],[117.385,68.614],[117.448,68.541],[117.538,68.512],[117.579,68.434],[117.887,68.51],[118.082,68.601],[118.113,68.694],[117.921,68.717],[118.073,68.779],[118.353,68.763],[118.554,68.706],[118.605,68.79],[118.724,68.842],[118.872,68.865],[118.669,68.95],[118.348,68.922],[118.092,68.928],[118.023,68.994],[117.768,69.043],[118.299,69.106],[118.339,69.154],[118.311,69.289],[118.415,69.365],[118.257,69.432],[118.268,69.533],[118.069,69.588],[118.156,69.655],[118.467,69.632],[118.791,69.702],[118.997,69.731],[119.22,69.845],[119.331,69.969],[119.326,70.069],[119.271,70.139],[119.075,70.204],[118.896,70.299],[119.567,70.367],[119.655,70.476],[119.785,70.531],[120.075,70.541],[120.337,70.49],[120.447,70.503],[120.896,70.497],[120.972,70.518],[121.81,70.549],[122.005,70.517],[122.273,70.579],[122.484,70.587],[122.595,70.661],[122.355,70.695],[122.293,70.818],[122.41,70.909],[122.314,70.963],[122.485,71.038]]}},{"type":"Feature","properties":{"name":"Tom’","rank":6},"geometry":{"type":"LineString","coordinates":[[89.771,53.646],[89.654,53.566],[89.395,53.435],[89.25,53.413],[89.072,53.468],[89.017,53.595],[88.945,53.653],[88.739,53.68],[88.613,53.655],[88.358,53.695],[88.236,53.653],[88.138,53.66],[87.893,53.761],[87.74,53.777],[87.475,53.824],[87.276,53.753],[87.181,53.767],[87.146,53.839],[87.173,53.892],[87.256,53.913],[87.306,53.994],[87.479,54.073],[87.53,54.204],[87.459,54.296],[87.561,54.427],[87.476,54.544],[87.488,54.609],[87.392,54.633],[87.293,54.688],[87.128,54.688],[87.059,54.727],[87.102,54.817],[87.047,54.832],[87.126,54.917],[87.108,55.03],[86.94,55.036],[86.837,55.016],[86.844,55.084],[86.748,55.14],[86.573,55.16],[86.357,55.092],[86.375,55.167],[86.234,55.325],[86.225,55.38],[86.098,55.373],[85.989,55.4],[85.933,55.448],[85.902,55.537],[85.627,55.673],[85.537,55.698],[85.392,55.697],[85.324,55.661],[85.133,55.702],[85.022,55.709],[84.946,55.805],[85.042,55.935],[84.929,56.021],[85.003,56.118],[84.893,56.215],[84.963,56.304],[84.885,56.387],[84.965,56.414],[84.854,56.596],[84.706,56.652],[84.597,56.821],[84.506,56.817],[84.436,56.911]]}},{"type":"Feature","properties":{"name":"Kamchatka","rank":6},"geometry":{"type":"LineString","coordinates":[[157.632,54.29],[157.647,54.166],[157.714,54.078],[157.851,54.088],[157.9,54.166],[158.072,54.25],[158.171,54.42],[158.304,54.475],[158.342,54.595],[158.407,54.612],[158.743,54.756],[158.856,54.898],[158.937,54.947],[158.979,55.054],[159.034,55.113],[159.3,55.241],[159.339,55.321],[159.332,55.39],[159.428,55.445],[159.558,55.476],[159.642,55.454],[159.655,55.526],[159.744,55.592],[159.709,55.658],[159.736,55.743],[159.701,55.819],[159.627,55.86],[159.64,55.946],[159.839,56.069],[159.825,56.106],[159.947,56.198],[159.955,56.255],[160.223,56.32],[160.319,56.424],[160.518,56.414],[160.696,56.389],[160.861,56.332],[161.007,56.339],[161.083,56.317],[161.289,56.304],[161.388,56.34],[161.719,56.27],[161.835,56.261],[161.948,56.223],[162.13,56.261],[162.397,56.27],[162.478,56.243]]}},{"type":"Feature","properties":{"name":"Damqogkanbab","rank":2},"geometry":{"type":"LineString","coordinates":[[82.4,30.411],[82.517,30.409],[82.589,30.36],[82.651,30.383],[82.753,30.359],[82.859,30.373],[82.907,30.328],[82.934,30.251],[83.095,30.151],[83.382,30.042],[83.41,29.992],[83.555,29.928],[83.6,29.88],[83.707,29.862],[83.98,29.736],[83.952,29.702],[83.99,29.633],[84.087,29.57],[84.205,29.575],[84.238,29.541],[84.416,29.535],[84.493,29.511],[84.511,29.476],[84.48,29.349],[84.524,29.276],[84.583,29.257],[84.618,29.289],[84.776,29.224],[84.838,29.229],[84.922,29.19],[85.001,29.199],[85.034,29.246],[85.165,29.326],[85.235,29.32],[85.323,29.278],[85.392,29.281],[85.487,29.251],[85.555,29.256],[85.609,29.192],[85.653,29.181],[85.782,29.216],[85.946,29.182],[86.147,29.178],[86.275,29.213],[86.387,29.224],[86.454,29.207],[86.51,29.239],[86.607,29.202],[86.667,29.213],[86.961,29.179],[87.079,29.154],[87.121,29.177],[87.194,29.145],[87.409,29.118],[87.519,29.125],[87.66,29.152]]}},{"type":"Feature","properties":{"name":"Coco","rank":6},"geometry":{"type":"LineString","coordinates":[[-86.844,13.42],[-86.8,13.461],[-86.687,13.455],[-86.63,13.524],[-86.503,13.62],[-86.443,13.643],[-86.314,13.615],[-86.274,13.514],[-86.22,13.463],[-86.118,13.441],[-86.05,13.505],[-85.949,13.504],[-85.92,13.485],[-85.831,13.553],[-85.833,13.613],[-85.792,13.709],[-85.783,13.782],[-85.734,13.832],[-85.748,13.888],[-85.7,13.962],[-85.594,14.034],[-85.529,14.051],[-85.511,14.094],[-85.433,14.133],[-85.394,14.211],[-85.322,14.282],[-85.191,14.31],[-85.159,14.338],[-85.207,14.407],[-85.153,14.486],[-85.146,14.564],[-85.087,14.545],[-85.03,14.589],[-85.034,14.67],[-85.003,14.741],[-84.905,14.817],[-84.819,14.829],[-84.771,14.805],[-84.7,14.675],[-84.528,14.661],[-84.484,14.62],[-84.339,14.675],[-84.289,14.667],[-84.236,14.755],[-84.184,14.714],[-84.024,14.758],[-83.87,14.777],[-83.724,14.852],[-83.711,14.879],[-83.605,14.909],[-83.514,14.969],[-83.416,14.997],[-83.391,15.031],[-83.263,14.983],[-83.13,14.997]]}},{"type":"Feature","properties":{"name":"Double Mountain Fork Brazos","rank":6},"geometry":{"type":"LineString","coordinates":[[-101.659,33.533],[-101.452,33.441],[-101.408,33.366],[-101.3,33.228],[-101.177,33.197],[-101.126,33.136],[-101.032,33.156],[-100.968,33.115],[-100.814,33.104],[-100.755,33.044],[-100.701,33.037],[-100.63,32.96],[-100.501,32.905]]}},{"type":"Feature","properties":{"name":"Beaver","rank":6},"geometry":{"type":"LineString","coordinates":[[-112.598,54.619],[-112.357,54.619],[-112.254,54.582],[-112.123,54.466],[-112.008,54.482],[-111.601,54.44],[-111.527,54.406],[-111.445,54.441],[-111.279,54.46],[-111.075,54.365],[-110.932,54.406],[-110.808,54.379],[-110.699,54.386],[-110.445,54.449],[-110.325,54.434],[-110.263,54.362],[-110.19,54.343],[-110.044,54.255],[-109.878,54.251],[-109.588,54.316],[-109.441,54.3],[-109.39,54.249],[-109.26,54.241],[-109.144,54.29],[-109,54.304],[-108.674,54.254],[-108.584,54.288],[-108.465,54.29],[-108.388,54.319],[-108.303,54.297],[-108.17,54.297],[-108.047,54.338],[-107.824,54.355],[-107.875,54.437],[-107.874,54.502],[-107.795,54.555],[-107.776,54.7],[-107.806,54.756],[-107.796,54.894],[-107.703,55.043],[-107.616,55.137],[-107.635,55.284],[-107.74,55.408]]}},{"type":"Feature","properties":{"name":"Beaver","rank":6},"geometry":{"type":"LineString","coordinates":[[-112.741,54.4],[-112.763,54.451],[-112.732,54.521],[-112.598,54.619]]}},{"type":"Feature","properties":{"name":"Finlay","rank":6},"geometry":{"type":"LineString","coordinates":[[-127.235,56.815],[-127.057,56.883],[-126.954,56.903],[-126.884,57.005],[-126.911,57.137],[-126.674,57.293],[-126.585,57.315],[-126.55,57.363],[-126.577,57.555],[-126.486,57.657],[-126.355,57.645],[-126.258,57.673],[-126.142,57.616],[-126.056,57.527],[-125.95,57.464],[-125.816,57.422],[-125.654,57.425],[-125.529,57.366],[-125.459,57.267],[-125.178,57.086],[-125.12,57.007],[-125.021,56.969],[-124.836,56.757]]}},{"type":"Feature","properties":{"name":"Verde","rank":6},"geometry":{"type":"LineString","coordinates":[[-100.632,22.164],[-100.652,22.259],[-100.572,22.268],[-100.511,22.202],[-100.441,22.202],[-100.371,22.129],[-100.31,22.103],[-100.276,22.051],[-100.107,22.016],[-99.933,21.918],[-99.862,21.842],[-99.809,21.702],[-99.73,21.712],[-99.648,21.652],[-99.548,21.74],[-99.448,21.704],[-99.347,21.703],[-99.256,21.649],[-99.188,21.723],[-99.084,21.769],[-99.045,21.82],[-98.826,21.856],[-98.806,21.957],[-98.75,21.99],[-98.638,22],[-98.59,21.981]]}},{"type":"Feature","properties":{"name":"S. Branch Potomac","rank":6},"geometry":{"type":"LineString","coordinates":[[-79.342,38.625],[-79.287,38.747],[-79.283,38.852],[-79.209,38.99],[-79.04,39.015],[-78.973,39.077],[-78.935,39.165],[-78.859,39.21],[-78.758,39.349],[-78.74,39.427],[-78.67,39.441],[-78.575,39.533],[-78.469,39.534],[-78.434,39.624],[-78.325,39.639]]}},{"type":"Feature","properties":{"name":"S. Branch Potomac","rank":6},"geometry":{"type":"LineString","coordinates":[[-79.621,38.441],[-79.552,38.497],[-79.515,38.483],[-79.391,38.597],[-79.342,38.625]]}},{"type":"Feature","properties":{"name":"Hudson","rank":6},"geometry":{"type":"LineString","coordinates":[[-74.075,44.1],[-74.06,43.987],[-74.139,43.967],[-74.185,43.843],[-74.071,43.806],[-74.02,43.73],[-73.913,43.703],[-73.896,43.64],[-73.811,43.501],[-73.872,43.443],[-73.878,43.373],[-73.836,43.262],[-73.754,43.254],[-73.616,43.309],[-73.593,43.222],[-73.584,43.086],[-73.629,42.967],[-73.689,42.897],[-73.674,42.826],[-73.707,42.715],[-73.755,42.641],[-73.796,42.397],[-73.784,42.304],[-73.848,42.255],[-73.942,42.105],[-73.956,41.975],[-73.94,41.873],[-73.955,41.801],[-73.947,41.648],[-73.996,41.51],[-73.958,41.409],[-73.949,41.309]]}},{"type":"Feature","properties":{"name":"Wabash","rank":6},"geometry":{"type":"LineString","coordinates":[[-84.755,40.359],[-84.648,40.327],[-84.606,40.367],[-84.696,40.42],[-84.796,40.427],[-84.73,40.541],[-84.791,40.575],[-84.933,40.599],[-85.032,40.653],[-85.089,40.708],[-85.246,40.809],[-85.419,40.835],[-85.576,40.895],[-85.693,40.845],[-85.978,40.77],[-86.17,40.748],[-86.264,40.766],[-86.326,40.745],[-86.517,40.743],[-86.648,40.659],[-86.712,40.577],[-86.879,40.482],[-86.913,40.417],[-87.046,40.42],[-87.145,40.358],[-87.269,40.31],[-87.35,40.229],[-87.449,40.182],[-87.421,40.102],[-87.434,39.964],[-87.375,39.894],[-87.392,39.831],[-87.392,39.629],[-87.471,39.416],[-87.625,39.3],[-87.599,39.206],[-87.663,39.156],[-87.584,39.002],[-87.543,38.97],[-87.557,38.878],[-87.511,38.763],[-87.548,38.683],[-87.615,38.652],[-87.667,38.556],[-87.647,38.52],[-87.763,38.461],[-87.752,38.421],[-87.844,38.318],[-87.946,38.299],[-87.993,38.21],[-87.934,38.16],[-88.03,38.098],[-88.046,38.052],[-88.045,37.807]]}},{"type":"Feature","properties":{"name":"Saint John","rank":6},"geometry":{"type":"LineString","coordinates":[[-70.264,46.183],[-70.282,46.212],[-70.189,46.359],[-70.038,46.449],[-69.993,46.519],[-69.911,46.485],[-69.845,46.516],[-69.787,46.651],[-69.599,46.786],[-69.573,46.835],[-69.49,46.879],[-69.442,46.969],[-69.309,47.064],[-69.134,47.124],[-69.027,47.102],[-68.933,47.172],[-68.763,47.237],[-68.645,47.246],[-68.54,47.3],[-68.386,47.302],[-68.3,47.368],[-68.198,47.342],[-67.963,47.198],[-67.855,47.098],[-67.746,47.054],[-67.689,46.979],[-67.712,46.927],[-67.704,46.78],[-67.739,46.611],[-67.611,46.524],[-67.615,46.43],[-67.541,46.336],[-67.524,46.247],[-67.575,46.136],[-67.553,46.049],[-67.478,46.005],[-67.28,45.971],[-67.175,45.988],[-66.968,45.889],[-66.889,45.916],[-66.849,45.976],[-66.778,45.995],[-66.684,45.985],[-66.519,45.889],[-66.443,45.867],[-66.376,45.889],[-66.24,45.862],[-66.164,45.822],[-66.083,45.692],[-66.032,45.563],[-66.227,45.392],[-66.191,45.339]]}},{"type":"Feature","properties":{"name":"Yadkin","rank":6},"geometry":{"type":"LineString","coordinates":[[-81.576,36.074],[-81.532,36.037],[-81.274,36.135],[-81.161,36.141],[-80.993,36.203],[-80.735,36.267],[-80.65,36.255],[-80.624,36.283],[-80.449,36.239]]}},{"type":"Feature","properties":{"name":"Angara","rank":6},"geometry":{"type":"LineString","coordinates":[[102.674,57.943],[102.674,57.826],[102.568,57.658],[102.476,57.602],[102.385,57.508],[102.336,57.3],[102.333,57.048],[102.358,57.004]]}},{"type":"Feature","properties":{"name":"Angara","rank":2},"geometry":{"type":"LineString","coordinates":[[101.958,58.962],[101.948,58.973]]}},{"type":"Feature","properties":{"name":"Angara","rank":2},"geometry":{"type":"LineString","coordinates":[[101.958,58.962],[101.057,58.952],[100.964,58.913],[100.96,58.808],[100.748,58.733],[100.612,58.713],[100.443,58.642],[100.418,58.583],[100.481,58.472],[100.354,58.345],[100.282,58.336],[100.004,58.386],[100.014,58.437],[99.829,58.528],[99.717,58.555],[99.552,58.557],[99.438,58.596],[99.305,58.692],[99.176,58.724],[99.049,58.726],[98.962,58.685],[98.783,58.655],[98.665,58.589],[98.66,58.52],[98.533,58.462],[98.358,58.463],[98.277,58.44],[97.98,58.424],[97.897,58.438],[97.688,58.397],[97.392,58.415],[97.223,58.444],[97.049,58.396],[96.932,58.393],[96.859,58.421],[96.808,58.5],[96.445,58.555],[96.164,58.508],[96.084,58.537],[95.89,58.547],[95.663,58.521],[95.518,58.449],[95.436,58.446],[95.365,58.36],[95.141,58.29],[94.874,58.157],[94.614,58.155],[94.473,58.111],[94.348,58.109],[94.104,58.154],[93.862,58.109],[93.335,58.187],[93.215,58.165],[93.109,58.084],[92.993,58.092],[92.991,58.093]]}},{"type":"Feature","properties":{"name":"Angara","rank":2},"geometry":{"type":"LineString","coordinates":[[102.489,58.829],[102.311,58.851],[101.958,58.962]]}},{"type":"Feature","properties":{"name":"Angara","rank":2},"geometry":{"type":"LineString","coordinates":[[102.674,57.943],[102.687,57.992],[102.812,58.138],[102.841,58.437],[102.635,58.747],[102.55,58.815],[102.439,58.847],[102.29,58.925],[102.125,58.964],[101.958,58.962]]}},{"type":"Feature","properties":{"name":"Angara","rank":2},"geometry":{"type":"LineString","coordinates":[[101.803,56.291],[101.831,56.331],[101.796,56.421],[101.824,56.541],[101.807,56.671],[101.571,56.812],[101.393,56.812],[101.386,56.954],[101.427,56.975],[101.7,57.015],[101.8,56.956],[102.05,56.9],[102.177,56.908],[102.302,56.891],[102.358,57.004]]}},{"type":"Feature","properties":{"name":null,"rank":6},"geometry":{"type":"LineString","coordinates":[[24.256,48.322],[24.365,48.285],[24.292,48.191],[24.252,48.101],[24.182,48.035],[24.188,47.959],[24.148,47.912]]}},{"type":"Feature","properties":{"name":null,"rank":6},"geometry":{"type":"LineString","coordinates":[[21.346,48.026],[21.299,48.024],[21.284,48.026],[21.253,48.048],[21.12,47.987],[21.03,47.823]]}},{"type":"Feature","properties":{"name":null,"rank":6},"geometry":{"type":"LineString","coordinates":[[24.148,47.912],[23.977,47.963],[23.876,47.935],[23.78,47.988],[23.563,48.006],[23.258,48.171],[23.134,48.168],[22.935,48.084],[22.84,48.089],[22.78,48.122],[22.579,48.095],[22.489,48.062],[22.42,48.074],[22.325,48.133],[22.243,48.267],[22.271,48.404],[22.201,48.418],[22.137,48.387],[22.079,48.312],[22.005,48.303],[21.943,48.248],[21.846,48.232],[21.69,48.168],[21.476,48.177],[21.426,48.112],[21.407,48.034],[21.339,48.026]]}},{"type":"Feature","properties":{"name":null,"rank":6},"geometry":{"type":"LineString","coordinates":[[21.03,47.823],[20.892,47.684],[20.792,47.678],[20.71,47.628],[20.689,47.578],[20.512,47.497],[20.383,47.42],[20.435,47.383],[20.461,47.282],[20.352,47.273],[20.243,47.184],[20.177,47.16],[20.189,47.058],[20.226,47.024],[20.112,46.962],[20.154,46.931],[20.038,46.836],[20.089,46.757],[20.209,46.68],[20.143,46.561],[20.178,46.492],[20.198,46.366],[20.23,46.29],[20.179,46.261]]}},{"type":"Feature","properties":{"name":null,"rank":6},"geometry":{"type":"LineString","coordinates":[[24.866,47.738],[24.715,47.796],[24.621,47.797],[24.426,47.723],[24.314,47.748],[24.148,47.912]]}},{"type":"Feature","properties":{"name":"Fitzroy","rank":6},"geometry":{"type":"LineString","coordinates":[[127.152,-17.383],[127.073,-17.44],[126.946,-17.478],[126.775,-17.478],[126.657,-17.5],[126.432,-17.471],[126.317,-17.43],[126.227,-17.489],[126.213,-17.529],[126.124,-17.567],[126.124,-17.628],[126.074,-17.655],[126.018,-17.645],[126.001,-17.711],[125.947,-17.758],[125.896,-17.875],[125.853,-17.927],[125.781,-17.965],[125.739,-18.053],[125.693,-18.109],[125.624,-18.143],[125.511,-18.277],[125.422,-18.324],[125.325,-18.335],[125.216,-18.407],[125.158,-18.472],[124.993,-18.513],[124.802,-18.489],[124.643,-18.438],[124.554,-18.335],[124.47,-18.167],[124.393,-18.098],[124.224,-18.067],[124.108,-18.092],[124.061,-18.134],[123.962,-18.112],[123.877,-18.054],[123.754,-17.93],[123.729,-17.85],[123.664,-17.766],[123.639,-17.706],[123.57,-17.685],[123.568,-17.588]]}},{"type":"Feature","properties":{"name":"Digul","rank":6},"geometry":{"type":"LineString","coordinates":[[140.683,-4.856],[140.747,-4.935],[140.73,-5.061],[140.689,-5.183],[140.61,-5.219],[140.541,-5.292],[140.535,-5.339],[140.449,-5.37],[140.438,-5.442],[140.353,-5.47],[140.295,-5.569],[140.226,-5.63],[140.254,-5.732],[140.224,-5.827],[140.295,-5.904],[140.307,-6.065],[140.254,-6.165],[140.293,-6.276],[140.296,-6.351],[140.349,-6.404],[140.333,-6.551],[140.389,-6.617],[140.393,-6.658],[140.333,-6.689],[140.295,-6.788],[140.209,-6.814],[140.165,-6.863],[140.161,-6.929],[140.09,-6.98],[140.103,-7.08],[140.05,-7.124],[139.955,-7.171],[139.897,-7.155],[139.857,-7.082],[139.76,-7.079],[139.744,-7.177],[139.634,-7.25],[139.622,-7.158],[139.576,-7.174],[139.537,-7.256],[139.473,-7.24],[139.453,-7.138],[139.379,-7.122],[139.319,-7.195],[139.24,-7.159]]}},{"type":"Feature","properties":{"name":"Willamette","rank":6},"geometry":{"type":"LineString","coordinates":[[-122.095,43.422],[-122.265,43.511],[-122.422,43.525],[-122.458,43.638],[-122.429,43.721],[-122.546,43.819],[-122.698,43.908],[-122.82,43.945],[-122.928,44.034],[-122.999,44.039],[-123.087,44.113],[-123.15,44.272],[-123.212,44.352],[-123.191,44.511],[-123.228,44.584],[-123.154,44.646],[-123.098,44.65],[-123.122,44.783],[-123.152,44.845],[-123.081,44.937],[-123.021,44.967],[-123.061,45.025],[-123.041,45.094],[-122.972,45.135],[-122.985,45.19],[-122.963,45.281],[-122.85,45.27],[-122.65,45.316],[-122.597,45.373],[-122.65,45.539],[-122.734,45.591],[-122.734,45.657]]}},{"type":"Feature","properties":{"name":"Gila","rank":6},"geometry":{"type":"LineString","coordinates":[[-108.204,33.577],[-108.118,33.399],[-108.147,33.295],[-108.19,33.255],[-108.204,33.186],[-108.309,33.082],[-108.345,33.068],[-108.502,33.081],[-108.602,32.955],[-108.601,32.854],[-108.62,32.793],[-108.679,32.726],[-108.864,32.636],[-108.927,32.631],[-109.062,32.693],[-109.183,32.793],[-109.245,32.935],[-109.349,32.973],[-109.437,32.952],[-109.539,32.854],[-109.631,32.828],[-109.747,32.849],[-109.855,32.916],[-109.94,33.05],[-110.14,33.182],[-110.295,33.206],[-110.484,33.196],[-110.58,33.16],[-110.703,33.082],[-110.764,33.01],[-110.874,33.054],[-110.974,33.125],[-111.134,33.124],[-111.188,33.095],[-111.256,33.112]]}},{"type":"Feature","properties":{"name":"Gila","rank":6},"geometry":{"type":"LineString","coordinates":[[-111.256,33.112],[-111.422,33.045],[-111.523,33.018],[-111.59,33.052],[-111.765,33.099],[-111.931,33.169],[-112.055,33.176],[-112.199,33.266],[-112.23,33.319],[-112.312,33.375],[-112.418,33.402],[-112.5,33.358],[-112.713,33.326],[-112.79,33.28],[-112.697,33.112],[-112.692,33.032],[-112.809,33.011],[-112.921,33.032],[-113.066,33.086],[-113.156,33.009],[-113.254,33.007],[-113.309,32.971],[-113.376,32.968],[-113.538,32.881],[-113.639,32.864],[-113.831,32.769],[-113.867,32.779],[-114.021,32.717],[-114.1,32.74],[-114.22,32.681],[-114.327,32.718],[-114.385,32.79],[-114.505,32.718],[-114.558,32.734]]}},{"type":"Feature","properties":{"name":"Gila","rank":6},"geometry":{"type":"LineString","coordinates":[[-111.249,33.104],[-111.256,33.112]]}},{"type":"Feature","properties":{"name":"Tocantins","rank":6},"geometry":{"type":"LineString","coordinates":[[-48.723,-5.355],[-48.689,-5.314],[-48.582,-5.301],[-48.555,-5.234],[-48.498,-5.187],[-48.338,-5.164],[-48.153,-5.257],[-48.065,-5.267],[-48,-5.232],[-47.9,-5.253],[-47.865,-5.281],[-47.839,-5.383],[-47.723,-5.392],[-47.594,-5.47],[-47.537,-5.479],[-47.469,-5.589],[-47.483,-5.743],[-47.455,-5.767],[-47.414,-5.87],[-47.426,-6.104],[-47.409,-6.181],[-47.373,-6.234],[-47.41,-6.35],[-47.407,-6.479],[-47.45,-6.544],[-47.488,-6.698],[-47.495,-6.79],[-47.483,-6.888],[-47.514,-7.009],[-47.585,-7.069],[-47.64,-7.159],[-47.686,-7.146],[-47.741,-7.193],[-47.661,-7.264],[-47.513,-7.281],[-47.476,-7.34],[-47.489,-7.382],[-47.592,-7.446],[-47.632,-7.504],[-47.618,-7.536],[-47.636,-7.647],[-47.68,-7.695],[-47.799,-7.766],[-47.916,-7.8],[-47.935,-7.827],[-47.973,-8.066],[-48.035,-8.089],[-48.111,-8.086],[-48.161,-8.131],[-48.164,-8.213],[-48.139,-8.376],[-48.094,-8.421],[-48.111,-8.506],[-48.143,-8.525],[-48.14,-8.714],[-48.12,-8.755],[-48.174,-8.912],[-48.19,-9.015],[-48.279,-9.13],[-48.369,-9.327],[-48.38,-9.543],[-48.403,-9.644],[-48.373,-9.68],[-48.376,-9.786],[-48.326,-9.856],[-48.378,-9.925],[-48.334,-10.027],[-48.428,-10.178],[-48.402,-10.249],[-48.421,-10.297],[-48.442,-10.448],[-48.463,-10.514],[-48.417,-10.598],[-48.431,-10.708],[-48.407,-10.762],[-48.409,-10.847],[-48.456,-10.92],[-48.514,-10.958],[-48.564,-11.027],[-48.505,-11.203],[-48.462,-11.253],[-48.462,-11.331],[-48.507,-11.386],[-48.586,-11.406],[-48.584,-11.466],[-48.675,-11.544]]}},{"type":"Feature","properties":{"name":"Tocantins","rank":6},"geometry":{"type":"LineString","coordinates":[[-49.179,-15.926],[-49.266,-15.751],[-49.367,-15.683],[-49.442,-15.602],[-49.456,-15.546],[-49.583,-15.433],[-49.592,-15.352],[-49.544,-15.177],[-49.495,-15.12],[-49.408,-15.094],[-49.316,-14.964],[-49.299,-14.888],[-49.182,-14.792],[-49.2,-14.762],[-49.018,-14.7],[-49.03,-14.618],[-49.017,-14.47],[-48.983,-14.415],[-48.993,-14.336],[-49.025,-14.313],[-48.949,-14.217],[-48.85,-14.134],[-48.804,-14.138],[-48.743,-14.093],[-48.701,-14.144],[-48.624,-14.166],[-48.52,-14.117],[-48.472,-14.031],[-48.339,-13.955],[-48.325,-13.928],[-48.357,-13.828],[-48.305,-13.819],[-48.226,-13.837],[-48.181,-13.778],[-48.124,-13.741],[-48.127,-13.64],[-48.096,-13.604],[-48.092,-13.541],[-48.214,-13.459],[-48.178,-13.428],[-48.187,-13.339],[-48.181,-13.182],[-48.142,-13.086],[-48.147,-12.989],[-48.25,-12.729],[-48.283,-12.68],[-48.292,-12.559],[-48.252,-12.542],[-48.223,-12.476],[-48.271,-12.435],[-48.246,-12.394],[-48.274,-12.305],[-48.333,-12.253],[-48.442,-12.222],[-48.476,-12.19],[-48.532,-11.934],[-48.583,-11.851],[-48.615,-11.753],[-48.654,-11.691],[-48.668,-11.544]]}},{"type":"Feature","properties":{"name":"Limpopo","rank":6},"geometry":{"type":"LineString","coordinates":[[26.962,-23.737],[27.004,-23.646],[27.07,-23.656],[27.078,-23.602],[27.127,-23.525],[27.278,-23.464],[27.35,-23.391],[27.507,-23.379],[27.548,-23.361],[27.607,-23.217],[27.698,-23.193],[27.753,-23.221],[27.771,-23.133],[27.895,-23.079],[27.946,-23.029],[27.937,-22.964],[28.021,-22.926],[28.047,-22.837],[28.103,-22.817],[28.162,-22.759],[28.196,-22.672],[28.25,-22.656],[28.338,-22.584],[28.459,-22.57],[28.522,-22.585],[28.623,-22.563],[28.731,-22.514],[28.816,-22.493],[28.846,-22.45],[28.912,-22.454],[28.967,-22.38],[28.96,-22.31],[29.047,-22.22],[29.168,-22.214],[29.222,-22.182],[29.377,-22.193],[29.456,-22.159],[29.661,-22.126],[29.779,-22.136],[29.837,-22.172],[29.946,-22.198],[30.135,-22.293],[30.24,-22.296],[30.3,-22.337],[30.412,-22.337],[30.507,-22.31],[30.632,-22.331],[30.693,-22.303],[30.837,-22.282],[31.07,-22.334],[31.163,-22.323],[31.265,-22.365],[31.297,-22.413],[31.571,-22.458],[31.673,-22.552],[31.742,-22.639],[31.808,-22.648],[31.902,-22.759],[31.947,-22.864],[32.097,-23.025],[32.164,-23.045],[32.223,-23.097],[32.256,-23.241],[32.389,-23.434],[32.443,-23.485],[32.5,-23.651],[32.496,-23.748],[32.544,-23.827],[32.591,-23.865],[32.578,-23.968],[32.636,-24.108],[32.762,-24.216],[32.825,-24.297],[32.906,-24.452],[32.961,-24.441],[33.009,-24.496],[33.113,-24.564],[33.157,-24.616],[33.242,-24.606],[33.352,-24.671],[33.482,-24.777],[33.531,-24.727],[33.585,-24.766],[33.62,-24.855],[33.618,-24.966],[33.593,-25.065],[33.509,-25.141],[33.529,-25.191]]}},{"type":"Feature","properties":{"name":"Glma","rank":6},"geometry":{"type":"LineString","coordinates":[[11.484,62.687],[11.327,62.613],[11.246,62.514],[11.161,62.494],[11.089,62.432],[10.908,62.387],[10.811,62.302],[10.675,62.271],[10.624,62.191],[10.638,62.09],[10.882,61.978],[10.811,61.746],[10.879,61.654],[11.036,61.538],[11.017,61.482],[11.072,61.423],[11.215,61.372],[11.305,61.282],[11.366,61.137],[11.357,61.084],[11.489,60.98],[11.538,60.864],[11.706,60.796],[11.84,60.646],[12.003,60.597],[12.028,60.525]]}},{"type":"Feature","properties":{"name":"San Juan","rank":6},"geometry":{"type":"LineString","coordinates":[[-69.43,-31.278],[-69.309,-31.256],[-69.089,-31.276],[-69.064,-31.332],[-69.004,-31.382],[-69.002,-31.514],[-68.829,-31.509],[-68.77,-31.534],[-68.547,-31.464],[-68.462,-31.458],[-68.367,-31.561],[-68.343,-31.673],[-68.378,-31.818],[-68.35,-31.912],[-68.306,-31.953],[-68.22,-32.105],[-68.021,-32.069],[-67.94,-32.159],[-67.832,-32.239],[-67.688,-32.26],[-67.585,-32.253],[-67.466,-32.287],[-67.362,-32.389]]}},{"type":"Feature","properties":{"name":"Mangoky","rank":6},"geometry":{"type":"LineString","coordinates":[[45.653,-21.428],[45.604,-21.411],[45.53,-21.463],[45.46,-21.453],[45.431,-21.538],[45.31,-21.665],[45.191,-21.689],[45.093,-21.667],[44.898,-21.72],[44.748,-21.741],[44.643,-21.741],[44.557,-21.799],[44.47,-21.83],[44.273,-21.853],[44.215,-21.805],[44.111,-21.838],[44.069,-21.885],[43.996,-21.903],[43.895,-21.861],[43.822,-21.724],[43.789,-21.698],[43.741,-21.554],[43.67,-21.464],[43.617,-21.428],[43.609,-21.376],[43.542,-21.316]]}},{"type":"Feature","properties":{"name":"Peace","rank":2},"geometry":{"type":"LineString","coordinates":[[-113.823,58.71],[-113.713,58.669]]}},{"type":"Feature","properties":{"name":"Peace","rank":2},"geometry":{"type":"LineString","coordinates":[[-122.222,56.021],[-122.225,56.049],[-122.369,56.111],[-122.615,56.14],[-122.744,56.09],[-123.056,56.067],[-123.114,56.005],[-123.184,55.985],[-123.74,56.044],[-123.916,55.99],[-123.97,55.999],[-124.143,56.15],[-124.422,56.341],[-124.549,56.531],[-124.836,56.757]]}},{"type":"Feature","properties":{"name":"Peace","rank":2},"geometry":{"type":"LineString","coordinates":[[-113.713,58.669],[-113.416,58.71],[-113.329,58.766],[-113.123,58.816],[-113.121,58.894],[-112.989,58.911],[-112.881,59.002],[-112.794,59.112],[-112.654,59.169],[-112.562,59.169],[-112.442,59.112],[-112.288,59.114],[-112.11,59.067],[-111.951,59.114],[-111.919,59.073],[-112.066,58.984],[-112.015,58.93],[-111.819,58.971],[-111.652,58.942],[-111.411,59.005]]}},{"type":"Feature","properties":{"name":"Peace","rank":2},"geometry":{"type":"LineString","coordinates":[[-122.222,56.021],[-122.153,55.956],[-122.001,55.984],[-121.728,56.139],[-121.621,56.154],[-121.411,56.241],[-121.304,56.241],[-121.197,56.274],[-121.061,56.225],[-120.976,56.245],[-120.899,56.201],[-120.815,56.209],[-120.719,56.159],[-120.587,56.156],[-120.461,56.12],[-120.171,56.122],[-120.041,56.156],[-119.908,56.149],[-119.788,56.191],[-119.589,56.199],[-119.23,56.309],[-119.158,56.319],[-119.065,56.281],[-118.975,56.286],[-118.973,56.189],[-118.894,56.117],[-118.946,56.048],[-118.858,56.041],[-118.77,55.964],[-118.639,55.926],[-118.405,55.915],[-118.31,55.938]]}},{"type":"Feature","properties":{"name":"Peace","rank":2},"geometry":{"type":"LineString","coordinates":[[-118.31,55.938],[-118.012,55.928],[-117.877,55.957],[-117.809,56.026],[-117.707,56.055],[-117.324,56.219],[-117.268,56.346],[-117.197,56.379],[-117.129,56.478],[-117.113,56.59],[-117.157,56.66],[-117.256,56.709],[-117.277,56.894],[-117.207,57.104],[-117.147,57.149],[-117.085,57.254],[-117.153,57.322],[-117.12,57.404],[-117.049,57.468],[-117.086,57.545],[-116.986,57.545],[-116.969,57.6],[-117.115,57.64],[-117.079,57.703],[-117.137,57.747],[-117.111,57.829],[-117.054,57.871],[-117.164,57.944],[-117.101,58.051],[-116.883,58.117],[-116.712,58.112],[-116.564,58.129],[-116.566,58.165],[-116.669,58.247],[-116.545,58.313],[-116.479,58.303],[-116.256,58.362],[-116.167,58.409],[-115.961,58.426],[-115.903,58.471],[-115.818,58.465],[-115.715,58.403],[-115.525,58.432],[-115.3,58.358],[-115.054,58.388],[-114.868,58.376],[-114.649,58.442],[-114.502,58.539],[-114.287,58.589],[-114.128,58.659],[-113.981,58.662],[-113.823,58.71]]}},{"type":"Feature","properties":{"name":"Setit","rank":6},"geometry":{"type":"LineString","coordinates":[[37.817,13.875],[37.764,13.872],[37.661,13.921],[37.579,14.097],[37.525,14.129],[37.452,14.261],[37.397,14.302],[37.394,14.35],[37.293,14.458],[37.184,14.45],[37.121,14.421],[37.072,14.285],[37.005,14.263],[36.947,14.305],[36.848,14.328],[36.748,14.332],[36.565,14.293],[36.491,14.236],[36.398,14.249],[36.319,14.297],[36.26,14.288],[36.148,14.222],[36.017,14.224],[35.935,14.268],[35.882,14.39],[35.905,14.555],[35.895,14.62]]}},{"type":"Feature","properties":{"name":"Daly","rank":6},"geometry":{"type":"LineString","coordinates":[[131.844,-14.706],[131.718,-14.656],[131.65,-14.413],[131.589,-14.405],[131.575,-14.357],[131.474,-14.296],[131.4,-14.182],[131.302,-14.14],[131.207,-14.035],[131.236,-13.997],[131.183,-13.939],[131.212,-13.864],[131.133,-13.832],[131.042,-13.851],[131.038,-13.887],[130.865,-13.927],[130.743,-13.868],[130.71,-13.765],[130.657,-13.673],[130.578,-13.668],[130.554,-13.609],[130.45,-13.465],[130.405,-13.49],[130.282,-13.419],[130.324,-13.353]]}},{"type":"Feature","properties":{"name":"Mamberamo","rank":6},"geometry":{"type":"LineString","coordinates":[[138.702,-3.19],[138.657,-3.231],[138.602,-3.224],[138.59,-3.085],[138.61,-3.07],[138.571,-2.928],[138.491,-2.936],[138.456,-2.895],[138.459,-2.827],[138.419,-2.787],[138.424,-2.676],[138.176,-2.363],[137.966,-2.279],[137.906,-2.154],[137.848,-2.132],[137.796,-2.053],[137.846,-2.017],[137.87,-1.916],[137.834,-1.844],[137.829,-1.704],[137.891,-1.624],[137.88,-1.573],[137.91,-1.484]]}},{"type":"Feature","properties":{"name":"Kheta","rank":6},"geometry":{"type":"LineString","coordinates":[[102.078,71.952],[101.98,71.904],[101.59,71.848],[101.419,71.771],[100.875,71.767],[100.067,71.693],[99.671,71.586],[99.475,71.57],[99.456,71.518],[99.558,71.45]]}},{"type":"Feature","properties":{"name":"Kheta","rank":6},"geometry":{"type":"LineString","coordinates":[[92.22,69.987],[92.504,69.976],[93.564,69.906],[93.865,69.842],[94.276,69.838],[94.6,69.862],[95.168,70.047],[95.309,70.118],[95.594,70.12],[95.695,70.168],[95.893,70.341],[95.827,70.4],[95.861,70.525],[95.827,70.579],[95.391,70.559],[95.452,70.63],[95.374,70.68],[95.149,70.644],[94.657,70.654],[94.509,70.642],[94.299,70.735],[94.033,70.752],[94.02,70.779],[94.206,70.875],[94.547,70.963],[95.259,70.908],[95.396,70.871],[95.717,70.847],[96.095,70.844],[96.212,70.824],[96.465,70.856],[97.305,70.851],[97.534,70.791],[97.818,70.802],[97.887,70.892],[98.098,70.931],[98.175,71.048],[98.021,71.096],[98.245,71.178],[98.769,71.181],[98.904,71.141],[99.168,71.182],[99.317,71.281],[99.41,71.308],[99.479,71.421],[99.556,71.449]]}},{"type":"Feature","properties":{"name":"Chulyshman","rank":6},"geometry":{"type":"LineString","coordinates":[[89.656,50.505],[89.428,50.576],[89.39,50.617],[89.291,50.63],[89.072,50.608],[88.975,50.581],[88.822,50.601],[88.633,50.732],[88.574,50.818],[88.474,50.82],[88.325,50.87],[88.263,50.918],[88.063,51.013],[87.982,51.097],[87.905,51.107],[87.773,51.21],[87.728,51.282],[87.756,51.364]]}},{"type":"Feature","properties":{"name":"Brazos","rank":6},"geometry":{"type":"LineString","coordinates":[[-99.681,33.54],[-99.614,33.543],[-99.536,33.582],[-99.249,33.576],[-99.204,33.467],[-99.116,33.472],[-99.035,33.356],[-98.983,33.378],[-98.953,33.293],[-98.867,33.225],[-98.758,33.191],[-98.692,33.129],[-98.722,33.081],[-98.659,33.032],[-98.631,32.974],[-98.582,32.988],[-98.551,33.048],[-98.484,32.982],[-98.418,32.985],[-98.453,32.896],[-98.35,32.828],[-98.301,32.862],[-98.217,32.861],[-98.129,32.696],[-98.087,32.654],[-98.024,32.687],[-97.953,32.615],[-97.882,32.621],[-97.805,32.571],[-97.815,32.498],[-97.767,32.482],[-97.74,32.423],[-97.641,32.398],[-97.702,32.326],[-97.657,32.222],[-97.599,32.213],[-97.503,32.145],[-97.473,32.077],[-97.402,32.021],[-97.367,31.899],[-97.262,31.825],[-97.292,31.776],[-97.234,31.702],[-97.15,31.663],[-97.123,31.596],[-96.993,31.479],[-96.966,31.333],[-96.888,31.2],[-96.83,31.146],[-96.76,31.029],[-96.735,30.935],[-96.658,30.861],[-96.577,30.709],[-96.571,30.64],[-96.454,30.608],[-96.39,30.538],[-96.334,30.522],[-96.278,30.456],[-96.28,30.388],[-96.229,30.368],[-96.151,30.381],[-96.082,30.244],[-96.152,30.198],[-96.174,30.121],[-96.098,30.035],[-96.109,29.939],[-96.096,29.82],[-96.046,29.789],[-96.02,29.73],[-96.04,29.656],[-95.918,29.657],[-95.819,29.586],[-95.772,29.617],[-95.677,29.581],[-95.602,29.518],[-95.56,29.453],[-95.6,29.357],[-95.574,29.238],[-95.619,29.187],[-95.629,29.1],[-95.554,29.047],[-95.392,28.979],[-95.383,28.881]]}},{"type":"Feature","properties":{"name":"Brazos","rank":6},"geometry":{"type":"LineString","coordinates":[[-100.501,32.905],[-100.409,32.977],[-100.299,33.002],[-100.108,33.006],[-99.981,33.084],[-99.956,33.234],[-99.994,33.273],[-99.998,33.386],[-99.822,33.484],[-99.727,33.505],[-99.681,33.54]]}},{"type":"Feature","properties":{"name":null,"rank":6},"geometry":{"type":"LineString","coordinates":[[-123.472,65.152],[-123.593,65.131],[-123.756,65.044],[-123.986,65.022],[-124.281,65.035],[-124.363,65.021],[-124.595,65.055],[-124.885,64.997],[-124.995,65.026],[-125.346,65.008],[-125.601,64.904]]}},{"type":"Feature","properties":{"name":"Pnuco","rank":6},"geometry":{"type":"LineString","coordinates":[[-98.59,21.981],[-98.466,21.987],[-98.431,21.96],[-98.348,22.062],[-98.27,22.052],[-98.186,22.089],[-98.141,22.062],[-98.068,22.096],[-97.982,22.211],[-97.852,22.22],[-97.781,22.274]]}},{"type":"Feature","properties":{"name":"Konqi","rank":6},"geometry":{"type":"LineString","coordinates":[[89.387,40.633],[89.142,40.638],[89.078,40.667],[88.988,40.652],[88.71,40.695],[88.49,40.709],[88.324,40.776],[88.218,40.851],[87.886,40.901],[87.851,40.886],[87.68,40.941],[87.618,40.977],[87.496,40.982],[87.375,40.945],[87.236,40.977],[87.134,41.023],[87.042,41.039],[86.988,41.149],[86.918,41.182],[86.808,41.269],[86.741,41.27],[86.673,41.338],[86.606,41.289],[86.372,41.243]]}},{"type":"Feature","properties":{"name":"Tarim","rank":6},"geometry":{"type":"LineString","coordinates":[[80.888,40.467],[81.072,40.536],[81.251,40.527],[81.319,40.545],[81.412,40.665],[81.571,40.725],[81.748,40.721],[81.831,40.787],[81.939,40.836],[82.16,40.869],[82.286,40.923],[82.443,40.949],[82.656,41.035],[82.757,41.023],[82.794,40.979],[82.886,40.946],[83.047,40.932],[83.082,40.906],[83.173,40.964],[83.247,40.962],[83.35,40.993],[83.517,40.999],[83.617,40.982],[83.728,41.014],[83.829,40.975],[83.925,40.998],[83.99,41.04],[84.014,41.106],[84.089,41.119],[84.31,41.198],[84.413,41.179],[84.487,41.195],[84.893,41.164],[84.981,41.141],[85.124,41.05],[85.261,41.009],[85.501,40.962],[85.706,41.05],[86.056,41.092],[86.142,41.043],[86.259,41.027],[86.45,41.051],[86.509,41.043],[86.542,41.103],[86.355,41.179],[86.372,41.243],[86.391,41.28],[86.296,41.318],[86.208,41.327],[86.112,41.379],[86.015,41.386],[85.84,41.469],[85.782,41.531],[85.775,41.614],[85.799,41.691],[85.87,41.738],[86.02,41.756],[86.114,41.748],[86.253,41.838],[86.465,41.77],[86.612,41.784],[86.753,41.826]]}},{"type":"Feature","properties":{"name":"Mackenzie","rank":2},"geometry":{"type":"LineString","coordinates":[[-117.668,61.308],[-117.466,61.252],[-117.308,61.174],[-117.072,61.098],[-116.754,61.058],[-116.248,61.056],[-116.089,61.036],[-115.907,61.046],[-115.717,61.086],[-115.359,61.205],[-115.011,61.338],[-114.858,61.37],[-114.644,61.379],[-114.386,61.347],[-114.157,61.295],[-113.771,61.232],[-113.704,61.246]]}},{"type":"Feature","properties":{"name":"Mackenzie","rank":2},"geometry":{"type":"LineString","coordinates":[[-134.313,69.154],[-134.529,69.112],[-134.645,68.99],[-134.473,68.877],[-134.417,68.806],[-134.244,68.706]]}},{"type":"Feature","properties":{"name":"Mackenzie","rank":2},"geometry":{"type":"LineString","coordinates":[[-134.836,68.964],[-134.894,69.013],[-135.077,69.076],[-134.991,69.154],[-135.183,69.263]]}},{"type":"Feature","properties":{"name":"Mackenzie","rank":2},"geometry":{"type":"LineString","coordinates":[[-134.836,68.964],[-134.948,68.901],[-135.1,68.889],[-135.227,68.944],[-135.606,68.911]]}},{"type":"Feature","properties":{"name":"Mackenzie","rank":2},"geometry":{"type":"LineString","coordinates":[[-134.244,68.706],[-134.44,68.706],[-134.676,68.896],[-134.836,68.964]]}},{"type":"Feature","properties":{"name":"Mackenzie","rank":2},"geometry":{"type":"LineString","coordinates":[[-117.668,61.308],[-117.718,61.387],[-118.048,61.456],[-118.112,61.494],[-118.284,61.498],[-118.381,61.351],[-118.441,61.326],[-118.694,61.298],[-118.818,61.258],[-119.153,61.228],[-119.367,61.24],[-119.505,61.228],[-119.61,61.274],[-119.941,61.333],[-120.146,61.404],[-120.256,61.461],[-120.457,61.465],[-120.671,61.561],[-120.734,61.62],[-120.67,61.732],[-120.727,61.812],[-120.904,61.844],[-121.288,61.848],[-121.356,61.885],[-121.549,61.93],[-121.601,61.977],[-121.767,61.991],[-121.978,62.077],[-122.19,62.094],[-122.451,62.166],[-122.687,62.177],[-122.832,62.15],[-123.058,62.171],[-123.25,62.235],[-123.409,62.334],[-123.276,62.477],[-123.271,62.564],[-123.209,62.601],[-123.188,62.75],[-123.254,62.876],[-123.218,62.941],[-123.307,63.123],[-123.381,63.181],[-123.579,63.26],[-123.657,63.321],[-123.762,63.551],[-123.917,63.733],[-123.99,63.772],[-124.034,63.869],[-124.232,63.979],[-124.366,63.976],[-124.461,64.069],[-124.419,64.209],[-124.589,64.32],[-124.731,64.344],[-124.815,64.467],[-124.934,64.536],[-124.966,64.613],[-124.895,64.699],[-125.088,64.732],[-125.149,64.839],[-125.418,64.904],[-125.601,64.904],[-125.709,64.896],[-125.848,64.935],[-125.95,64.925],[-126.147,65.018],[-126.251,65.108],[-126.552,65.22],[-126.929,65.291],[-127.105,65.297],[-127.486,65.422],[-127.722,65.541],[-127.916,65.568],[-128.03,65.608],[-128.524,65.624],[-128.778,65.7],[-128.741,65.753],[-129.013,65.879],[-129.06,65.94],[-129.117,66.095],[-129.01,66.178],[-128.713,66.248],[-128.66,66.321],[-128.717,66.358],[-128.894,66.384],[-129.07,66.511],[-129.572,66.726],[-129.806,66.749],[-130.052,66.806],[-130.11,66.839],[-130.224,66.981],[-130.256,67.201],[-130.409,67.316],[-130.733,67.349],[-130.852,67.397],[-130.94,67.476],[-131.14,67.466],[-131.576,67.466],[-131.682,67.413],[-131.796,67.408],[-132.03,67.359],[-132.565,67.286],[-132.652,67.248],[-132.9,67.216],[-133.479,67.372],[-133.592,67.48],[-133.741,67.467],[-133.934,67.579],[-134.193,67.675],[-134.203,67.803],[-134.329,67.895],[-134.457,68.039],[-134.422,68.107],[-134.443,68.21],[-134.336,68.246],[-134.065,68.517],[-134.143,68.572],[-134.244,68.706]]}},{"type":"Feature","properties":{"name":"Trinity","rank":6},"geometry":{"type":"LineString","coordinates":[[-122.755,40.821],[-122.786,40.733],[-122.903,40.664],[-123.012,40.693],[-123.098,40.792],[-123.232,40.754],[-123.355,40.814],[-123.417,40.809],[-123.469,40.869],[-123.598,40.915],[-123.64,41.043],[-123.691,41.105],[-123.69,41.203]]}},{"type":"Feature","properties":{"name":"Soroksari Duna","rank":6},"geometry":{"type":"LineString","coordinates":[[19.063,47.473],[19.101,47.396],[18.993,47.282],[18.954,47.211],[18.958,47.149],[19.002,47.102],[18.968,47.033]]}},{"type":"Feature","properties":{"name":"Ferenc Csatorna","rank":6},"geometry":{"type":"LineString","coordinates":[[18.915,46.195],[18.895,46.121],[18.917,46.036],[18.886,45.957],[18.907,45.916],[18.855,45.858]]}},{"type":"Feature","properties":{"name":"Desaguadero","rank":6},"geometry":{"type":"LineString","coordinates":[[-67.362,-32.397],[-67.321,-32.431],[-67.258,-32.654],[-67.192,-32.761],[-67.227,-32.916],[-67.198,-32.987],[-67.184,-33.15],[-67.19,-33.229],[-67.153,-33.347],[-67.143,-33.452],[-67.02,-33.617],[-66.93,-33.838],[-66.832,-33.914],[-66.747,-34.064],[-66.755,-34.163],[-66.822,-34.229],[-66.813,-34.385],[-66.779,-34.428],[-66.773,-34.514],[-66.738,-34.616],[-66.691,-34.658],[-66.572,-34.853],[-66.546,-34.925],[-66.554,-34.997],[-66.507,-35.142],[-66.526,-35.199],[-66.505,-35.343],[-66.526,-35.515],[-66.556,-35.571],[-66.567,-35.672],[-66.629,-35.949],[-66.621,-36.012],[-66.685,-36.069],[-66.85,-36.274],[-66.834,-36.327],[-66.846,-36.433],[-66.799,-36.524],[-66.814,-36.618],[-66.78,-36.732],[-66.794,-36.863],[-66.844,-36.933],[-66.812,-37.054],[-66.851,-37.215],[-66.79,-37.225],[-66.715,-37.275],[-66.67,-37.344],[-66.584,-37.362],[-66.416,-37.543],[-66.331,-37.556],[-66.252,-37.536],[-66.221,-37.567],[-66.213,-37.649],[-66.146,-37.78],[-66.047,-37.786],[-65.93,-37.858],[-65.852,-37.877],[-65.805,-38.101],[-65.903,-38.152],[-65.984,-38.228],[-65.929,-38.283],[-65.861,-38.294],[-65.759,-38.344],[-65.697,-38.447],[-65.611,-38.486],[-65.546,-38.544],[-65.427,-38.612],[-65.215,-38.708],[-65.079,-38.779],[-64.97,-38.804]]}},{"type":"Feature","properties":{"name":"Bahr el  Zeraf","rank":6},"geometry":{"type":"LineString","coordinates":[[30.536,7.767],[30.56,7.77],[30.594,7.999],[30.649,8.119],[30.645,8.263],[30.67,8.36],[30.638,8.493],[30.652,8.537],[30.762,8.583],[30.851,8.816],[30.851,8.898],[30.79,8.98],[30.82,9.059],[30.898,9.114],[30.896,9.168],[30.965,9.237],[31.053,9.289],[31.104,9.343],[31.139,9.426]]}},{"type":"Feature","properties":{"name":"Sanaga","rank":6},"geometry":{"type":"LineString","coordinates":[[13.126,4.933],[13.082,4.928],[12.95,5.001],[12.832,4.972],[12.752,4.972],[12.668,4.92],[12.602,4.93],[12.513,4.862],[12.481,4.802],[12.393,4.725],[12.28,4.725],[12.217,4.673],[12.204,4.627],[12.081,4.525],[11.985,4.598],[11.965,4.566],[11.832,4.456],[11.75,4.428],[11.679,4.372],[11.632,4.362],[11.56,4.388],[11.472,4.489],[11.404,4.504],[11.368,4.486],[11.239,4.36],[11.209,4.297],[11.05,4.169],[10.713,4.053],[10.625,4.074],[10.512,4.026],[10.437,4.108],[10.354,3.954],[10.237,3.84],[10.151,3.859],[10.1,3.792],[10.034,3.758],[9.966,3.643],[9.82,3.628]]}},{"type":"Feature","properties":{"name":"Busira","rank":6},"geometry":{"type":"LineString","coordinates":[[20.754,-0.282],[20.672,-0.295],[20.609,-0.271],[20.565,-0.299],[20.495,-0.246],[20.463,-0.267],[20.394,-0.25],[20.241,-0.259],[20.188,-0.182],[20.184,-0.117],[20.068,-0.13],[19.986,-0.099],[19.892,-0.084],[19.781,-0.169],[19.674,-0.127],[19.565,-0.145],[19.509,-0.093],[19.336,-0.123],[19.243,-0.155],[19.116,-0.175],[19.068,-0.203],[19.063,-0.261],[19,-0.259],[18.951,-0.219]]}},{"type":"Feature","properties":{"name":"Jubba","rank":6},"geometry":{"type":"LineString","coordinates":[[41.966,4.324],[42.05,4.28],[42.072,4.181],[42.161,4.149],[42.268,4.146],[42.318,4.072],[42.398,4.053],[42.456,3.936],[42.549,3.902],[42.572,3.833],[42.533,3.714],[42.504,3.676],[42.507,3.601],[42.556,3.422],[42.514,3.4],[42.466,3.326],[42.499,3.25],[42.494,3.147],[42.571,3.107],[42.556,2.994],[42.439,2.86],[42.371,2.831],[42.335,2.771],[42.367,2.641],[42.302,2.6],[42.281,2.532],[42.336,2.415],[42.281,2.374],[42.266,2.321],[42.144,2.357],[42.131,2.284],[42.201,2.267],[42.133,2.188],[42.171,2.1],[42.308,2.025],[42.268,1.982],[42.264,1.898],[42.303,1.868],[42.306,1.801],[42.393,1.736],[42.445,1.579],[42.417,1.547],[42.416,1.478],[42.454,1.354],[42.515,1.286],[42.559,1.267],[42.556,1.174],[42.611,1.141],[42.586,1.079],[42.611,0.983],[42.59,0.936],[42.6,0.822],[42.634,0.835],[42.658,0.754],[42.696,0.726],[42.738,0.636],[42.76,0.483],[42.726,0.442],[42.761,0.338],[42.744,0.284],[42.766,0.242],[42.754,0.164],[42.716,0.13],[42.715,0.048],[42.655,-0.017],[42.59,-0.038],[42.631,-0.245]]}},{"type":"Feature","properties":{"name":"Gta lv","rank":6},"geometry":{"type":"LineString","coordinates":[[12.335,58.374],[12.35,58.359],[12.15,58.228],[12.09,58.118],[12.101,57.977],[11.979,57.86],[11.906,57.846],[11.81,57.781]]}},{"type":"Feature","properties":{"name":"Za","rank":2},"geometry":{"type":"LineString","coordinates":[[94.084,33.156],[94.177,33.184],[94.348,33.15],[94.448,33.163],[94.526,33.218],[94.705,33.177],[94.766,33.191],[94.861,33.168],[94.958,33.088],[95.069,33.065],[95.104,32.942],[95.35,32.879],[95.398,32.854],[95.523,32.855],[95.589,32.83],[95.648,32.727],[95.817,32.647],[95.934,32.557],[95.985,32.538],[96.042,32.562],[96.164,32.575],[96.26,32.498],[96.376,32.444],[96.459,32.286],[96.549,32.156],[96.647,32.122],[96.759,32.112],[96.781,32.047],[96.847,32.037],[96.851,31.976],[96.941,31.966]]}},{"type":"Feature","properties":{"name":"Xiliao","rank":6},"geometry":{"type":"LineString","coordinates":[[120.758,43.423],[120.82,43.468],[120.975,43.517],[121.159,43.538],[121.36,43.534],[121.522,43.47],[121.773,43.442],[121.919,43.453],[122.176,43.569],[122.362,43.724],[122.652,43.79],[122.688,43.815],[122.944,43.804],[123.034,43.728],[123.143,43.703],[123.26,43.641],[123.373,43.641],[123.49,43.591],[123.554,43.483]]}},{"type":"Feature","properties":{"name":"Kokemenjoki","rank":6},"geometry":{"type":"LineString","coordinates":[[21.716,61.519],[21.839,61.474],[21.94,61.371],[22.165,61.286],[22.321,61.248],[22.402,61.273],[22.579,61.211]]}},{"type":"Feature","properties":{"name":"Great Pee Dee","rank":6},"geometry":{"type":"LineString","coordinates":[[-80.449,36.239],[-80.437,36.155],[-80.495,36.103],[-80.492,36.045],[-80.43,36.027],[-80.359,35.909],[-80.401,35.843]]}},{"type":"Feature","properties":{"name":"Great Pee Dee","rank":6},"geometry":{"type":"LineString","coordinates":[[-80.401,35.843],[-80.473,35.822],[-80.442,35.741],[-80.327,35.692],[-80.243,35.624],[-80.158,35.48],[-80.054,35.38],[-80.093,35.275],[-80.054,35.185],[-80.06,35.108],[-79.988,35.089],[-79.944,35.116]]}},{"type":"Feature","properties":{"name":"Great Pee Dee","rank":6},"geometry":{"type":"LineString","coordinates":[[-79.944,35.116],[-79.868,35.042],[-79.876,34.879],[-79.93,34.814],[-79.926,34.773],[-79.832,34.655],[-79.814,34.512],[-79.744,34.518],[-79.744,34.438],[-79.68,34.403],[-79.653,34.307],[-79.577,34.282],[-79.571,34.184],[-79.519,34.126],[-79.534,34.084],[-79.512,33.99],[-79.306,33.801],[-79.288,33.736],[-79.21,33.692],[-79.163,33.696],[-79.1,33.568],[-79.19,33.437]]}},{"type":"Feature","properties":{"name":"Tisa","rank":6},"geometry":{"type":"LineString","coordinates":[[20.179,46.261],[20.143,46.252],[20.063,46.159],[20.037,46.095],[20.086,46.057],[20.099,45.947],[20.128,45.912],[20.093,45.852],[20.14,45.827],[20.162,45.742],[20.092,45.717],[20.086,45.628],[20.126,45.587],[20.113,45.527],[20.23,45.443],[20.202,45.395],[20.264,45.341],[20.236,45.306],[20.319,45.209],[20.278,45.142]]}},{"type":"Feature","properties":{"name":"Sangha","rank":6},"geometry":{"type":"LineString","coordinates":[[16.069,1.661],[16.067,1.639],[16.07,1.625],[16.105,1.582],[16.2,1.421],[16.279,1.428],[16.344,1.395],[16.399,1.285],[16.491,1.216],[16.546,1.236],[16.552,1.155],[16.587,1.111],[16.585,0.963],[16.638,0.873],[16.665,0.719],[16.658,0.672],[16.711,0.529],[16.83,0.462],[16.867,0.499],[16.948,0.513],[16.934,0.407],[17.017,0.41],[17.092,0.346],[17.098,0.239],[17.193,0.214],[17.174,0.165],[17.191,0.1],[17.151,0.07],[17.168,-0.095],[17.187,-0.173],[17.153,-0.202],[17.135,-0.339],[17.18,-0.367],[17.139,-0.441],[17.217,-0.473],[17.201,-0.566],[17.208,-0.688],[17.17,-0.779],[17.159,-0.876],[17.046,-0.919],[16.934,-1.053],[16.859,-1.161],[16.849,-1.251]]}},{"type":"Feature","properties":{"name":"Ruki","rank":6},"geometry":{"type":"LineString","coordinates":[[18.951,-0.219],[18.881,-0.199],[18.81,-0.121],[18.755,-0.088],[18.633,-0.08],[18.425,-0.005],[18.381,-0.012],[18.313,0.08],[18.194,0.069]]}},{"type":"Feature","properties":{"name":"Sungari","rank":6},"geometry":{"type":"LineString","coordinates":[[132.518,47.707],[132.379,47.52],[132.313,47.467],[132.08,47.371],[132.009,47.269],[131.963,47.249],[131.792,47.262],[131.624,47.234],[131.454,47.242],[131.3,47.185],[131.15,47.206],[131.067,47.189],[130.972,47.213],[130.829,47.18],[130.689,47.044],[130.534,46.992],[130.498,46.885],[130.33,46.837]]}},{"type":"Feature","properties":{"name":"Sungari","rank":6},"geometry":{"type":"LineString","coordinates":[[124.675,45.45],[124.872,45.449],[124.951,45.495],[125.028,45.498],[125.103,45.395],[125.307,45.417],[125.375,45.398],[125.432,45.477],[125.521,45.471],[125.604,45.504],[125.723,45.518],[125.85,45.505],[125.923,45.57],[125.931,45.622],[126.015,45.699],[126.109,45.679],[126.356,45.696],[126.494,45.769],[126.593,45.757],[126.693,45.814],[126.693,45.875],[126.891,45.998],[126.983,46.024],[127.076,46.018],[127.189,45.977],[127.353,45.96],[127.384,45.918],[127.484,45.926],[127.549,46.039],[127.692,46.008],[127.728,45.957],[127.837,45.923],[127.968,45.917],[128.038,45.937],[128.128,45.916],[128.288,45.976],[128.386,45.974],[128.576,45.91],[128.776,45.971],[128.858,45.964],[128.904,45.891],[128.97,45.875],[129.091,45.902],[129.199,45.971],[129.299,46.071],[129.355,46.205],[129.396,46.259],[129.557,46.344],[129.569,46.42],[129.653,46.506],[129.783,46.544],[129.896,46.611],[129.99,46.774],[130.084,46.763],[130.107,46.825],[130.332,46.835]]}},{"type":"Feature","properties":{"name":"Min","rank":6},"geometry":{"type":"LineString","coordinates":[[103.716,29.559],[103.763,29.544],[103.848,29.29],[103.952,29.226],[104.005,29.122],[104.235,29.023],[104.286,28.971],[104.274,28.902],[104.308,28.87],[104.473,28.791],[104.548,28.827],[104.599,28.784]]}},{"type":"Feature","properties":{"name":"Khatanga","rank":6},"geometry":{"type":"LineString","coordinates":[[105.07,72.774],[104.785,72.746],[104.618,72.662],[104.215,72.603],[104.155,72.493],[103.75,72.428],[103.412,72.427],[103.095,72.37],[103.028,72.286],[102.674,72.146],[102.607,72.075],[102.393,71.981],[102.078,71.952]]}},{"type":"Feature","properties":{"name":"Pend Orielle","rank":6},"geometry":{"type":"LineString","coordinates":[[-117.626,49.018],[-117.625,49.018],[-117.436,49.057],[-117.343,49.03],[-117.321,48.927],[-117.406,48.808],[-117.389,48.703],[-117.341,48.578],[-117.255,48.506],[-117.283,48.463],[-117.276,48.369],[-117.233,48.271],[-117.075,48.241],[-116.975,48.185],[-116.855,48.183],[-116.758,48.161],[-116.687,48.248],[-116.569,48.25]]}},{"type":"Feature","properties":{"name":"Paraná","rank":2},"geometry":{"type":"LineString","coordinates":[[-55.075,-14.319],[-55.174,-14.293],[-55.259,-14.324],[-55.508,-14.373],[-55.541,-14.415],[-55.732,-14.472],[-55.843,-14.532],[-55.923,-14.613],[-56.068,-14.659],[-56.222,-14.685],[-56.26,-14.76],[-56.318,-14.782],[-56.337,-14.829],[-56.395,-14.833],[-56.391,-14.916],[-56.446,-14.929],[-56.497,-15.003],[-56.514,-15.063],[-56.485,-15.146],[-56.422,-15.152],[-56.38,-15.205],[-56.283,-15.273],[-56.289,-15.328],[-56.252,-15.37],[-56.255,-15.476],[-56.192,-15.512],[-56.104,-15.628],[-56.073,-15.647],[-56.138,-15.779],[-56.123,-15.851],[-55.931,-15.98],[-55.879,-16.079],[-55.887,-16.118],[-55.992,-16.227],[-55.932,-16.337],[-56.027,-16.423],[-56.186,-16.464],[-56.255,-16.45],[-56.393,-16.545],[-56.441,-16.625],[-56.487,-16.745],[-56.614,-16.841],[-56.64,-16.947],[-56.595,-17.031],[-56.593,-17.091],[-56.624,-17.149],[-56.673,-17.175],[-56.791,-17.37],[-56.85,-17.417],[-56.857,-17.492],[-56.98,-17.595],[-56.986,-17.66],[-57.092,-17.767],[-57.414,-17.862],[-57.472,-17.957],[-57.451,-18.09],[-57.402,-18.133],[-57.391,-18.209],[-57.41,-18.285],[-57.366,-18.385],[-57.363,-18.458],[-57.466,-18.524],[-57.534,-18.603],[-57.554,-18.678],[-57.529,-18.709],[-57.601,-18.79],[-57.587,-18.829],[-57.698,-18.89],[-57.693,-18.955],[-57.532,-19.034],[-57.377,-19.054],[-57.377,-19.109],[-57.312,-19.16],[-57.299,-19.292],[-57.322,-19.39],[-57.393,-19.441],[-57.44,-19.521],[-57.385,-19.541],[-57.426,-19.603],[-57.576,-19.719],[-57.648,-19.733],[-57.638,-19.794],[-57.718,-19.84],[-57.768,-19.918],[-57.896,-20.024],[-57.96,-20.026],[-58.054,-20.107],[-58.159,-20.165],[-58.119,-20.214],[-58.084,-20.376],[-57.99,-20.433],[-58.01,-20.526],[-57.992,-20.621],[-57.948,-20.675],[-57.905,-20.679],[-57.861,-20.73],[-57.888,-20.806],[-57.868,-20.86],[-57.909,-20.882],[-57.826,-20.998],[-57.853,-21.038],[-57.831,-21.127],[-57.849,-21.216],[-57.906,-21.287],[-57.856,-21.331],[-57.931,-21.453],[-57.949,-21.53],[-57.913,-21.564],[-57.94,-21.624],[-57.896,-21.688],[-57.94,-21.755],[-57.957,-21.851],[-57.926,-21.905],[-57.966,-21.977],[-57.989,-22.064],[-57.967,-22.148],[-57.966,-22.257],[-57.897,-22.279],[-57.827,-22.389],[-57.852,-22.412],[-57.831,-22.559],[-57.78,-22.634],[-57.785,-22.665],[-57.896,-22.665],[-57.94,-22.716],[-57.79,-22.878],[-57.82,-22.916],[-57.773,-22.961],[-57.79,-23.021],[-57.714,-23.085],[-57.632,-23.111],[-57.625,-23.165],[-57.551,-23.209],[-57.48,-23.279],[-57.501,-23.358],[-57.457,-23.404],[-57.442,-23.465],[-57.451,-23.574],[-57.398,-23.646],[-57.281,-23.723],[-57.296,-23.872],[-57.34,-23.911],[-57.285,-23.954],[-57.278,-24.005],[-57.224,-24.051],[-57.224,-24.098],[-57.163,-24.118],[-57.199,-24.176],[-57.119,-24.262],[-57.083,-24.365],[-57.097,-24.444],[-57.069,-24.516],[-57.13,-24.64],[-57.091,-24.678],[-57.122,-24.752],[-57.182,-24.769],[-57.216,-24.901],[-57.214,-24.989],[-57.286,-24.982],[-57.344,-25.065],[-57.422,-25.112],[-57.524,-25.109],[-57.555,-25.202],[-57.672,-25.29],[-57.642,-25.373],[-57.558,-25.46],[-57.571,-25.547],[-57.624,-25.615],[-57.754,-25.673],[-57.741,-25.722],[-57.821,-25.778],[-57.803,-25.831],[-57.907,-25.969],[-57.873,-26.01],[-57.989,-26.088],[-58.087,-26.127],[-58.171,-26.27],[-58.173,-26.349],[-58.207,-26.403],[-58.214,-26.544],[-58.166,-26.592],[-58.179,-26.651],[-58.236,-26.65],[-58.249,-26.758],[-58.276,-26.798],[-58.353,-26.83],[-58.33,-26.884],[-58.461,-26.928],[-58.502,-27.024],[-58.546,-27.041],[-58.566,-27.116],[-58.654,-27.156],[-58.653,-27.198],[-58.602,-27.246],[-58.605,-27.314],[-58.605,-27.316]]}},{"type":"Feature","properties":{"name":"Paraná","rank":2},"geometry":{"type":"LineString","coordinates":[[-58.605,-27.314],[-58.656,-27.331],[-58.887,-27.479],[-58.885,-27.551],[-58.822,-27.68],[-58.818,-27.773],[-58.842,-27.916],[-58.877,-28.043],[-58.92,-28.095],[-59.042,-28.122],[-59.082,-28.158],[-59.091,-28.322],[-59.066,-28.401],[-59.091,-28.531],[-59.086,-28.608],[-59.137,-28.729],[-59.16,-28.868],[-59.194,-28.921],[-59.198,-29.022],[-59.359,-29.144],[-59.511,-29.208],[-59.548,-29.26],[-59.589,-29.411],[-59.591,-29.615],[-59.627,-29.751],[-59.665,-29.819],[-59.665,-29.878],[-59.599,-30.013],[-59.669,-30.294],[-59.653,-30.384],[-59.618,-30.447],[-59.625,-30.593],[-59.661,-30.736],[-59.72,-30.831],[-59.841,-30.977],[-60.001,-31.212],[-60.064,-31.27],[-60.094,-31.354],[-60.164,-31.442],[-60.212,-31.468],[-60.352,-31.621],[-60.433,-31.684],[-60.648,-31.716],[-60.681,-31.866],[-60.723,-31.947],[-60.666,-32.048],[-60.709,-32.175],[-60.705,-32.275],[-60.733,-32.376],[-60.727,-32.435],[-60.766,-32.541],[-60.76,-32.595],[-60.706,-32.68],[-60.676,-32.847],[-60.583,-32.985],[-60.552,-33.061],[-60.496,-33.122],[-60.415,-33.165]]}},{"type":"Feature","properties":{"name":"Paraná","rank":2},"geometry":{"type":"LineString","coordinates":[[-60.415,-33.165],[-60.274,-33.201],[-60.221,-33.242],[-60.143,-33.226],[-60.01,-33.277],[-59.878,-33.278],[-59.761,-33.242],[-59.626,-33.33],[-59.543,-33.438],[-59.447,-33.473],[-59.368,-33.548],[-59.36,-33.597],[-59.214,-33.726],[-59.186,-33.807]]}},{"type":"Feature","properties":{"name":"Paraná","rank":2},"geometry":{"type":"LineString","coordinates":[[-60.415,-33.165],[-60.325,-33.242],[-60.246,-33.278],[-60.118,-33.394],[-59.948,-33.495],[-59.86,-33.524],[-59.773,-33.611],[-59.641,-33.671],[-59.521,-33.655],[-59.393,-33.739],[-59.262,-33.724],[-59.249,-33.787],[-59.186,-33.807]]}},{"type":"Feature","properties":{"name":"Paraná","rank":2},"geometry":{"type":"LineString","coordinates":[[-59.186,-33.807],[-59.163,-33.829],[-59.032,-33.83],[-58.849,-33.937],[-58.782,-33.952],[-58.68,-34.031],[-58.591,-34.049],[-58.447,-34.007]]}},{"type":"Feature","properties":{"name":"Potomac","rank":6},"geometry":{"type":"LineString","coordinates":[[-78.325,39.639],[-78.28,39.635],[-78.214,39.693],[-78.133,39.701],[-77.969,39.602],[-77.883,39.616],[-77.86,39.515],[-77.791,39.484],[-77.794,39.438],[-77.739,39.406],[-77.751,39.351],[-77.558,39.299],[-77.467,39.244],[-77.508,39.169],[-77.496,39.124],[-77.422,39.074],[-77.272,39.048],[-77.234,38.987],[-77.147,38.965],[-77.068,38.902]]}},{"type":"Feature","properties":{"name":"Lualaba","rank":2},"geometry":{"type":"LineString","coordinates":[[26.249,-11.743],[26.209,-11.725],[26.164,-11.66],[26.123,-11.648],[26.061,-11.688],[25.957,-11.661],[25.869,-11.612],[25.821,-11.461],[25.653,-11.28],[25.597,-11.262],[25.606,-11.194],[25.545,-11.145],[25.574,-11.023],[25.637,-11.004],[25.721,-10.952],[25.735,-10.78],[25.766,-10.722],[25.734,-10.65],[25.677,-10.619],[25.691,-10.564],[25.636,-10.502],[25.575,-10.468],[25.465,-10.496],[25.401,-10.451],[25.438,-10.416],[25.416,-10.365],[25.45,-10.257],[25.401,-10.203],[25.395,-10.112],[25.428,-10.008],[25.558,-9.886],[25.538,-9.695],[25.507,-9.647],[25.493,-9.505],[25.526,-9.386],[25.536,-9.272],[25.581,-9.204],[25.671,-9.248],[25.7,-9.303],[25.774,-9.252],[25.8,-9.208],[25.869,-9.193],[25.93,-9.207],[25.944,-9.124],[25.989,-9.091],[26.074,-8.909],[26.04,-8.878],[26.009,-8.791],[26.023,-8.737],[26.114,-8.698],[26.191,-8.645],[26.198,-8.615],[26.292,-8.579],[26.314,-8.521],[26.246,-8.474],[26.26,-8.439],[26.348,-8.364],[26.335,-8.307],[26.441,-8.272]]}},{"type":"Feature","properties":{"name":"Danube","rank":2},"geometry":{"type":"LineString","coordinates":[[12.509,48.928],[12.507,48.931]]}},{"type":"Feature","properties":{"name":"Danube","rank":2},"geometry":{"type":"LineString","coordinates":[[12.509,48.928],[12.507,48.924]]}},{"type":"Feature","properties":{"name":"Danube","rank":2},"geometry":{"type":"LineString","coordinates":[[8.179,48.094],[8.231,48.047],[8.435,47.973],[8.455,47.934],[8.563,47.927],[8.764,47.938],[8.782,47.972],[8.895,48.041],[8.96,48.043],[9.088,48.093],[9.347,48.067],[9.403,48.087],[9.53,48.232],[9.697,48.24],[9.943,48.347],[10.036,48.433],[10.314,48.48],[10.387,48.509],[10.43,48.57],[10.571,48.601],[10.738,48.691],[10.884,48.733],[11.38,48.747],[11.441,48.774],[11.605,48.774],[11.684,48.794],[11.793,48.897],[11.959,48.917],[12.04,48.994],[12.116,49.026],[12.191,49.006],[12.312,49.015],[12.329,48.972],[12.413,48.971],[12.509,48.928]]}},{"type":"Feature","properties":{"name":"Danube","rank":2},"geometry":{"type":"LineString","coordinates":[[17.206,48.061],[17.152,48.136],[17.056,48.144],[16.988,48.177],[16.865,48.137],[16.75,48.129],[16.586,48.143],[16.419,48.227],[16.321,48.375],[16.283,48.386],[16.094,48.359],[15.946,48.363],[15.856,48.404],[15.763,48.403],[15.608,48.427],[15.467,48.413],[15.412,48.366],[15.384,48.281],[15.324,48.244],[15.155,48.218],[15.088,48.183],[14.929,48.244],[14.819,48.206],[14.675,48.182],[14.565,48.244],[14.459,48.245],[14.343,48.294],[14.168,48.335],[14.038,48.338],[14,48.422],[13.801,48.468],[13.624,48.566],[13.26,48.609],[13.115,48.674],[12.973,48.826],[12.862,48.849],[12.77,48.836],[12.748,48.88],[12.509,48.928]]}},{"type":"Feature","properties":{"name":"Slave","rank":2},"geometry":{"type":"LineString","coordinates":[[-111.411,59.005],[-111.422,59.133],[-111.376,59.203],[-111.507,59.245],[-111.37,59.313],[-111.432,59.348],[-111.467,59.444],[-111.409,59.61],[-111.505,59.699],[-111.584,59.886],[-111.637,59.937],[-111.898,60.04],[-112.118,60.025],[-112.177,60.053],[-112.293,60.218],[-112.371,60.287],[-112.494,60.334],[-112.449,60.434],[-112.511,60.48],[-112.453,60.519],[-112.714,60.56],[-112.828,60.615],[-112.866,60.729],[-113.055,60.777],[-113.15,60.759],[-113.248,60.835],[-113.258,60.951],[-113.103,61.043],[-113.208,61.101],[-113.144,61.177],[-113.399,61.273],[-113.578,61.276],[-113.704,61.246]]}},{"type":"Feature","properties":{"name":"Mississippi","rank":1},"geometry":{"type":"LineString","coordinates":[[-90.132,38.819],[-90.198,38.744],[-90.197,38.638],[-90.264,38.543],[-90.315,38.431],[-90.363,38.369],[-90.382,38.3],[-90.346,38.207],[-90.243,38.113],[-90.111,38.017],[-90.005,37.962],[-89.923,37.953],[-89.832,37.884],[-89.722,37.837],[-89.647,37.733],[-89.55,37.698],[-89.517,37.614],[-89.527,37.562],[-89.451,37.44],[-89.459,37.362],[-89.523,37.307],[-89.523,37.268],[-89.327,37.014],[-89.246,37.045],[-89.177,36.978],[-89.124,36.98],[-89.126,36.877],[-89.149,36.851],[-89.141,36.734],[-89.205,36.607],[-89.253,36.569],[-89.359,36.638],[-89.427,36.493],[-89.507,36.473],[-89.503,36.554],[-89.578,36.521],[-89.531,36.383],[-89.626,36.323],[-89.584,36.255],[-89.695,36.247],[-89.614,36.142],[-89.674,36.102],[-89.726,35.993],[-89.667,35.915],[-89.76,35.909],[-89.722,35.833],[-89.785,35.791],[-89.938,35.736],[-89.91,35.652],[-89.947,35.591],[-89.928,35.535],[-90.012,35.512],[-90.022,35.453],[-90.103,35.385],[-90.114,35.28],[-90.085,35.189],[-90.106,35.123],[-90.178,35.13],[-90.222,35.048],[-90.313,35.012],[-90.272,34.923],[-90.352,34.864],[-90.464,34.828],[-90.455,34.759],[-90.554,34.74],[-90.594,34.642],[-90.576,34.573],[-90.594,34.425],[-90.626,34.396],[-90.761,34.352]]}},{"type":"Feature","properties":{"name":"Mississippi","rank":1},"geometry":{"type":"LineString","coordinates":[[-90.761,34.352],[-90.764,34.362]]}},{"type":"Feature","properties":{"name":"Mississippi","rank":1},"geometry":{"type":"LineString","coordinates":[[-90.761,34.352],[-90.775,34.28],[-90.821,34.286],[-90.864,34.206],[-90.956,34.157],[-90.883,34.099],[-90.909,34.035],[-91.085,33.997],[-91.036,33.93],[-91.069,33.884],[-91.046,33.814],[-91.058,33.793],[-91.107,33.786],[-91.192,33.708],[-91.209,33.664],[-91.152,33.633],[-91.216,33.534],[-91.127,33.478],[-91.134,33.382],[-91.182,33.32],[-91.108,33.268],[-91.099,33.15],[-91.161,33.119],[-91.168,32.981],[-91.072,32.923],[-91.133,32.858],[-91.157,32.771],[-91.093,32.741],[-91.086,32.69],[-91.157,32.68],[-91.161,32.625],[-91.097,32.555],[-91.093,32.451],[-91.006,32.404],[-90.998,32.365],[-90.917,32.34],[-91.069,32.085],[-91.092,32.014],[-91.159,31.983],[-91.258,31.882],[-91.336,31.858],[-91.404,31.738],[-91.436,31.573],[-91.529,31.501],[-91.496,31.411],[-91.541,31.282],[-91.633,31.278],[-91.605,31.205],[-91.628,31.142],[-91.579,31.056],[-91.662,30.997],[-91.652,30.948],[-91.546,30.915],[-91.525,30.817],[-91.579,30.785],[-91.546,30.743],[-91.369,30.752],[-91.335,30.686],[-91.193,30.488],[-91.204,30.405],[-91.241,30.352],[-91.213,30.312],[-91.117,30.267],[-91.154,30.215],[-91.046,30.21],[-91.013,30.126],[-90.913,30.119],[-90.825,30.012],[-90.735,30.022],[-90.678,30.056],[-90.589,30.066],[-90.483,30.055],[-90.466,30.009],[-90.328,29.948],[-90.246,29.972],[-90.122,29.926],[-90.025,29.954],[-89.937,29.927],[-90.024,29.786],[-89.956,29.656],[-89.79,29.579],[-89.689,29.49],[-89.61,29.464],[-89.603,29.408],[-89.507,29.36],[-89.386,29.333],[-89.272,29.202],[-89.281,29.1],[-89.414,28.935]]}},{"type":"Feature","properties":{"name":"Mississippi","rank":1},"geometry":{"type":"LineString","coordinates":[[-89.27,29.202],[-89.188,29.319]]}},{"type":"Feature","properties":{"name":"Mississippi","rank":1},"geometry":{"type":"LineString","coordinates":[[-89.257,29.155],[-89.031,29.196]]}},{"type":"Feature","properties":{"name":"Mekong","rank":2},"geometry":{"type":"LineString","coordinates":[[96.941,31.966],[96.995,31.914],[97.018,31.767],[97.087,31.675],[97.093,31.601],[97.18,31.541],[97.219,31.34],[97.161,31.289],[97.2,31.196],[97.198,31.085],[97.215,31.048],[97.289,31.019],[97.377,30.943],[97.356,30.857],[97.379,30.732],[97.427,30.677],[97.558,30.582],[97.629,30.452],[97.723,30.384],[97.879,30.24],[97.937,30.206],[98.016,30.041],[98.104,29.906],[98.144,29.812],[98.21,29.804],[98.261,29.723],[98.339,29.639],[98.361,29.514],[98.473,29.343],[98.632,29.16],[98.583,29.024],[98.638,28.93],[98.68,28.724],[98.775,28.572],[98.851,28.401],[98.861,28.32],[98.843,28.27],[98.858,28.201],[98.913,28.12],[98.898,28.034],[98.933,27.961],[99.019,27.884],[99.055,27.759],[99.007,27.688],[99.042,27.469],[99.09,27.397],[99.108,27.33],[99.098,27.225],[99.147,27.198],[99.172,27.133],[99.152,27.01],[99.186,26.886],[99.138,26.756],[99.16,26.719],[99.104,26.547],[99.145,26.482],[99.129,26.384],[99.138,26.187],[99.131,26.073],[99.153,25.908],[99.255,25.735],[99.281,25.63],[99.358,25.57],[99.337,25.505],[99.351,25.439],[99.297,25.433],[99.289,25.382],[99.414,25.212],[99.489,25.139],[99.549,25.138],[99.635,25.099],[99.731,24.978],[99.766,24.884],[99.835,24.85],[99.893,24.771],[99.966,24.747],[100.077,24.733],[100.116,24.671],[100.21,24.746],[100.323,24.769],[100.417,24.719],[100.433,24.656],[100.501,24.588],[100.515,24.523],[100.557,24.465],[100.517,24.42],[100.517,24.271],[100.531,24.163],[100.494,24.092],[100.382,24.063],[100.407,23.936],[100.396,23.895],[100.323,23.844],[100.179,23.631],[100.139,23.473],[100.07,23.347],[100.083,23.271],[100.043,23.212],[100.12,23.155],[100.143,23.071],[100.248,23.008],[100.301,22.879],[100.362,22.777],[100.365,22.672],[100.513,22.552],[100.568,22.527],[100.564,22.425],[100.659,22.315],[100.609,22.279],[100.699,22.237],[100.734,22.14],[100.719,22.117],[100.796,22.014],[100.867,21.983],[100.918,21.861],[101.03,21.849],[101.108,21.791],[101.127,21.695],[101.174,21.612],[101.143,21.514],[101.003,21.406],[100.792,21.298],[100.725,21.312],[100.689,21.16],[100.637,21.07],[100.543,21.028],[100.515,20.887],[100.623,20.889],[100.599,20.834],[100.536,20.808],[100.383,20.832],[100.29,20.775],[100.211,20.698],[100.149,20.548],[100.097,20.283],[100.116,20.248],[100.22,20.349],[100.306,20.4],[100.364,20.369],[100.461,20.191],[100.594,20.128],[100.584,20.013],[100.593,19.819],[100.678,19.819],[100.806,19.892],[101.06,19.846],[101.131,19.889],[101.258,19.821],[101.56,19.824],[101.708,19.931],[101.829,19.948],[101.899,19.979],[101.992,20.06],[102.047,20.054],[102.119,20.088],[102.191,20.081],[102.247,19.988],[102.222,19.936],[102.118,19.864],[102.045,19.852],[101.993,19.794],[101.824,19.65],[101.817,19.482],[101.906,19.403],[101.824,19.279],[101.831,19.201],[101.809,19.033],[101.803,18.886],[101.862,18.793],[101.824,18.704],[101.811,18.622],[101.743,18.502],[101.66,18.471],[101.53,18.312],[101.49,18.303],[101.421,18.215],[101.399,18.141],[101.427,18.084],[101.424,17.929],[101.564,17.821]]}},{"type":"Feature","properties":{"name":"Congo","rank":2},"geometry":{"type":"LineString","coordinates":[[26.441,-8.272],[26.54,-8.275],[26.725,-8.207],[26.784,-8.161],[26.774,-8.114],[26.833,-8.01],[26.911,-7.946],[26.962,-7.836],[26.903,-7.802],[26.879,-7.752],[26.828,-7.735],[26.794,-7.679],[26.812,-7.613],[26.855,-7.569],[26.864,-7.461],[26.932,-7.458],[26.959,-7.348],[27.019,-7.264],[27.081,-7.079],[27.031,-6.944],[27.012,-6.836],[26.961,-6.774],[26.952,-6.727],[26.99,-6.473],[26.979,-6.356],[26.912,-6.25],[26.934,-6.189],[26.918,-6.131],[26.893,-5.864],[26.912,-5.801],[26.915,-5.658],[26.93,-5.61]]}},{"type":"Feature","properties":{"name":"Brahmaputra","rank":2},"geometry":{"type":"LineString","coordinates":[[87.66,29.152],[87.684,29.238],[87.776,29.334],[87.907,29.364],[87.985,29.399],[88.105,29.378],[88.149,29.34],[88.234,29.378],[88.301,29.371],[88.363,29.331],[88.496,29.364],[88.558,29.353],[88.873,29.344],[88.912,29.329],[88.979,29.381],[89.123,29.343],[89.167,29.371],[89.281,29.378],[89.431,29.348],[89.544,29.369],[89.661,29.371],[89.764,29.326],[89.928,29.34],[90.014,29.368],[90.286,29.336],[90.397,29.289],[90.427,29.253],[90.582,29.285],[90.7,29.349],[90.765,29.296],[90.85,29.344],[90.96,29.316],[91.139,29.318],[91.322,29.285],[91.57,29.305],[91.65,29.289],[91.769,29.289],[91.837,29.305],[91.95,29.293],[92.011,29.262],[92.071,29.302],[92.146,29.303],[92.271,29.252],[92.345,29.237],[92.398,29.271],[92.474,29.254],[92.53,29.157],[92.581,29.131],[92.688,29.136],[92.736,29.096],[92.87,29.097],[92.939,29.06],[93.043,29.065],[93.089,29.118],[93.149,29.038],[93.283,29.004],[93.348,29.03],[93.475,29.186],[93.621,29.182],[93.731,29.156],[93.879,29.165],[93.905,29.192],[94.016,29.224],[94.195,29.222],[94.356,29.31]]}},{"type":"Feature","properties":{"name":"Congo","rank":2},"geometry":{"type":"LineString","coordinates":[[25.876,-2.752],[25.817,-2.65],[25.814,-2.58],[25.759,-2.358],[25.771,-2.229],[25.761,-2.053],[25.801,-1.95],[25.812,-1.852],[25.844,-1.779],[25.863,-1.605],[25.863,-1.378],[25.783,-1.227],[25.711,-1.135],[25.682,-1.012],[25.581,-0.854],[25.504,-0.783],[25.437,-0.62],[25.403,-0.477],[25.406,-0.406],[25.54,-0.237],[25.561,-0.16],[25.561,-0.073],[25.519,0.014],[25.516,0.199],[25.455,0.3],[25.347,0.377],[25.204,0.497],[25.137,0.509],[25.033,0.559],[24.951,0.539],[24.743,0.59],[24.605,0.673],[24.531,0.743],[24.345,0.743],[24.292,0.782]]}},{"type":"Feature","properties":{"name":"Congo","rank":2},"geometry":{"type":"LineString","coordinates":[[26.93,-5.61],[26.96,-5.569],[26.976,-5.443],[27.013,-5.376],[27.027,-5.301],[26.975,-5.241],[26.993,-5.177],[26.952,-5.041],[26.959,-4.983],[26.925,-4.924],[26.927,-4.802],[26.912,-4.766],[26.84,-4.723],[26.808,-4.65],[26.718,-4.59],[26.575,-4.527],[26.475,-4.419],[26.303,-4.349],[26.266,-4.321],[26.235,-4.249],[26.13,-4.181],[26.013,-4.068],[25.993,-4.006],[26.054,-3.715],[25.998,-3.601],[25.904,-3.492],[25.882,-3.411],[25.883,-3.321],[25.938,-3.17],[25.95,-3.107],[25.926,-3.027],[25.944,-2.824],[25.876,-2.745]]}},{"type":"Feature","properties":{"name":"Irtysh","rank":2},"geometry":{"type":"LineString","coordinates":[[68.861,61.124],[68.954,61.09],[69.017,61.003],[69.222,60.956],[69.474,60.941],[69.691,60.682],[69.872,60.651],[69.762,60.553],[69.817,60.439],[69.775,60.35],[69.845,60.336],[69.884,60.233],[69.806,60.241],[69.694,60.155],[69.913,60.039],[69.86,59.896],[69.922,59.837],[69.771,59.829],[69.717,59.738],[69.587,59.757],[69.44,59.662],[69.295,59.63],[69.219,59.541],[69.089,59.564],[69.086,59.502],[68.997,59.446],[68.894,59.435],[68.937,59.379],[68.794,59.261],[68.892,59.019],[68.687,58.857],[68.75,58.779],[68.614,58.789],[68.554,58.63],[68.622,58.525],[68.578,58.499],[68.435,58.517],[68.343,58.466],[68.302,58.344],[68.178,58.354],[68.175,58.295],[68.239,58.261],[68.222,58.166]]}},{"type":"Feature","properties":{"name":"Irtysh","rank":2},"geometry":{"type":"LineString","coordinates":[[73.722,54.694],[73.608,54.732],[73.521,54.825],[73.303,54.852],[73.36,54.995],[73.187,55.023],[73.141,55.115],[73.195,55.207],[73.134,55.259],[73.01,55.237],[73.016,55.311],[73.155,55.355],[73.23,55.415],[73.457,55.499],[73.554,55.583],[73.824,55.65],[73.932,55.711],[74.042,55.73],[74.225,55.723],[74.367,55.744],[74.447,55.839],[74.617,55.931],[74.776,56.11],[74.694,56.155],[74.666,56.217],[74.787,56.315],[74.772,56.383],[74.677,56.435],[74.705,56.529],[74.677,56.589],[74.571,56.632],[74.603,56.749],[74.51,56.903],[74.4,56.92],[74.41,56.974],[74.105,57.031],[74.143,57.131],[74.014,57.178],[73.821,57.163],[73.686,57.266],[73.422,57.287],[73.261,57.361],[73.196,57.347],[73.09,57.419],[72.909,57.473],[72.806,57.463],[72.543,57.501],[72.381,57.57],[71.811,57.581],[71.648,57.66],[71.533,57.631],[71.495,57.695],[71.364,57.73],[71.192,57.693],[71.07,57.751],[71.018,57.734],[70.892,57.793],[70.855,57.751],[70.711,57.799],[70.592,57.81],[70.555,57.865],[70.426,57.874],[70.377,57.957],[70.293,57.942],[70.093,58.005],[69.658,57.965],[69.495,57.986],[69.408,58.034],[69.236,57.996],[69.176,58.049],[69.024,57.983],[68.904,58.009],[68.792,58.002],[68.711,58.085],[68.503,58.148],[68.226,58.168]]}},{"type":"Feature","properties":{"name":"Irtysh","rank":2},"geometry":{"type":"LineString","coordinates":[[73.722,54.694],[73.728,54.694]]}},{"type":"Feature","properties":{"name":"Irtysh","rank":2},"geometry":{"type":"LineString","coordinates":[[74.994,53.986],[74.914,54.036],[74.935,54.085],[74.832,54.13],[74.682,54.257],[74.645,54.344],[74.573,54.401],[74.447,54.414],[74.341,54.512],[74.257,54.551],[74.03,54.578],[73.874,54.663],[73.722,54.694]]}},{"type":"Feature","properties":{"name":"Congo","rank":2},"geometry":{"type":"LineString","coordinates":[[24.292,0.782],[24.226,0.868],[24.203,0.924],[24.14,0.971],[23.91,1.075],[23.785,1.083],[23.677,1.122],[23.592,1.18],[23.512,1.3],[23.438,1.391],[23.323,1.488],[23.184,1.643],[23.097,1.757],[23.051,1.841],[22.942,1.908],[22.842,1.915],[22.715,1.959],[22.601,2.082],[22.515,2.146],[22.283,2.182],[22.093,2.187],[21.597,2.148],[21.518,2.117],[21.344,2.091],[21.207,2.006],[21.101,1.995],[20.907,2.017],[20.643,1.991],[20.447,1.993],[20.303,1.954],[20.155,1.961],[19.918,1.893],[19.756,1.83],[19.695,1.789],[19.546,1.749],[19.341,1.67],[19.123,1.563],[18.91,1.376],[18.778,1.291],[18.64,1.149],[18.571,1.106],[18.468,1.005],[18.381,0.873],[18.349,0.769],[18.305,0.492],[18.282,0.42],[18.257,0.216],[18.199,0.1],[18.144,-0.102],[18.07,-0.209],[17.97,-0.311],[17.863,-0.403],[17.741,-0.533],[17.664,-0.613],[17.411,-0.918],[17.297,-1.021],[17.175,-1.048],[17.028,-1.094],[16.909,-1.211],[16.839,-1.262],[16.725,-1.48],[16.636,-1.621],[16.617,-1.729],[16.522,-1.862],[16.382,-2.002],[16.231,-2.129],[16.187,-2.204],[16.176,-2.287],[16.225,-2.635],[16.204,-2.783],[16.177,-2.882],[16.188,-2.976],[16.193,-3.238],[16.227,-3.29],[16.207,-3.362],[16.115,-3.544],[16.053,-3.62],[15.882,-3.945],[15.8,-3.979],[15.711,-3.992],[15.566,-4.038],[15.521,-4.077],[15.49,-4.175],[15.458,-4.214],[15.203,-4.339],[15.097,-4.5],[15.022,-4.547],[14.93,-4.647],[14.831,-4.815],[14.702,-4.889],[14.634,-4.903],[14.519,-4.841],[14.372,-4.908],[14.209,-4.917],[14.146,-4.938],[14.078,-5.011],[13.98,-5.065],[13.976,-5.168],[13.876,-5.234],[13.825,-5.315],[13.74,-5.27],[13.688,-5.307],[13.623,-5.28],[13.534,-5.346],[13.617,-5.515],[13.548,-5.537],[13.582,-5.643],[13.569,-5.694],[13.488,-5.783],[13.425,-5.804],[13.414,-5.846],[13.342,-5.89],[13.269,-5.863],[13.184,-5.856]]}},{"type":"Feature","properties":{"name":"Mekong","rank":2},"geometry":{"type":"LineString","coordinates":[[103.09,18.137],[103.138,18.167],[103.185,18.258],[103.273,18.276],[103.24,18.336],[103.261,18.4],[103.386,18.442],[103.607,18.401],[103.709,18.35],[103.832,18.321],[103.857,18.287],[103.951,18.333],[104,18.319],[104.068,18.216],[104.111,18.115],[104.21,18.009],[104.287,17.857],[104.352,17.82],[104.422,17.7],[104.481,17.641],[104.702,17.528],[104.816,17.373],[104.81,17.172],[104.745,17.025],[104.757,16.799],[104.778,16.716],[104.753,16.615],[104.754,16.529],[104.869,16.439],[104.908,16.354],[105.026,16.258],[105.032,16.165],[105.079,16.106],[105.237,16.051],[105.405,16.019],[105.362,15.955],[105.372,15.882],[105.448,15.765],[105.525,15.764],[105.613,15.722],[105.65,15.635],[105.588,15.424],[105.486,15.375],[105.499,15.325],[105.614,15.329],[105.648,15.306],[105.676,15.23],[105.767,15.133]]}},{"type":"Feature","properties":{"name":"Mekong","rank":2},"geometry":{"type":"LineString","coordinates":[[101.564,17.821],[101.636,17.895],[101.729,17.912],[101.765,18.04],[101.79,18.074],[101.904,18.037],[102.078,18.214],[102.153,18.21],[102.191,18.152],[102.306,18.052],[102.366,18.039],[102.412,17.994],[102.482,17.971],[102.567,17.971],[102.612,17.915],[102.595,17.85],[102.66,17.813],[102.722,17.882],[102.852,17.972],[102.938,18.009],[103.038,17.991],[103.073,18.036],[103.064,18.094],[103.092,18.141]]}},{"type":"Feature","properties":{"name":"Mekong","rank":2},"geometry":{"type":"LineString","coordinates":[[105.782,15.121],[105.834,15.092],[105.903,14.981],[105.907,14.814],[105.934,14.778],[105.917,14.712],[105.873,14.659],[105.851,14.478],[105.88,14.322],[105.842,14.231],[105.816,14.112],[105.879,14.014],[105.946,13.994],[106.001,13.886],[105.981,13.762],[106.037,13.686],[106.007,13.587],[105.944,13.514],[105.908,13.424],[105.949,13.35],[105.961,13.269],[106.047,13.144],[106.044,13.044],[106.015,12.945],[105.975,12.88],[105.966,12.775],[106.007,12.714],[106.017,12.598],[106,12.509],[106.038,12.439],[106.037,12.301],[105.983,12.262],[105.809,12.255],[105.604,12.3],[105.537,12.234],[105.557,12.153],[105.524,12.056],[105.475,12.009],[105.431,11.915],[105.347,11.935],[105.184,11.94],[105.122,11.86],[104.984,11.83],[105.015,11.758],[104.947,11.685],[104.952,11.595]]}},{"type":"Feature","properties":{"name":"Mekong","rank":2},"geometry":{"type":"LineString","coordinates":[[104.95,11.593],[104.951,11.59]]}},{"type":"Feature","properties":{"name":"Mekong","rank":2},"geometry":{"type":"LineString","coordinates":[[104.951,11.591],[104.951,11.59]]}},{"type":"Feature","properties":{"name":"Mekong","rank":2},"geometry":{"type":"LineString","coordinates":[[104.951,11.59],[105.158,11.48],[105.25,11.409],[105.289,11.261],[105.282,11.21],[105.236,11.155],[105.194,10.994],[105.216,10.845],[105.257,10.801],[105.324,10.793],[105.36,10.742],[105.378,10.612],[105.504,10.538],[105.566,10.456],[105.631,10.417],[105.699,10.408],[105.8,10.32],[105.939,10.289],[106.073,10.261],[106.119,10.238]]}},{"type":"Feature","properties":{"name":"Mekong","rank":2},"geometry":{"type":"LineString","coordinates":[[104.951,11.59],[104.939,11.527],[104.963,11.471],[105.037,11.459],[105.016,11.39],[105.058,11.299],[105.046,11.216],[105.071,11.177],[105.065,10.984],[105.113,10.949],[105.109,10.861],[105.086,10.814],[105.135,10.712],[105.214,10.674],[105.267,10.564],[105.342,10.53],[105.358,10.463],[105.439,10.415],[105.605,10.229],[105.664,10.148],[105.779,10.064],[105.838,10.005]]}},{"type":"Feature","properties":{"name":"Dihang","rank":2},"geometry":{"type":"LineString","coordinates":[[94.356,29.31],[94.483,29.428],[94.596,29.486],[94.707,29.464],[94.807,29.486],[94.875,29.541],[94.924,29.61],[94.892,29.697],[94.955,29.757],[95.127,29.774],[95.092,29.814],[95.151,29.889],[95.276,29.868],[95.299,29.805],[95.384,29.771],[95.388,29.595],[95.422,29.544],[95.429,29.451],[95.255,29.288],[95.202,29.279],[95.044,29.177],[94.909,29.051],[94.901,29.017],[94.783,28.924],[94.793,28.824],[94.9,28.825],[94.917,28.763],[94.999,28.682],[95.098,28.539],[95.092,28.406],[95,28.309],[94.989,28.259],[95.032,28.174],[95.13,28.148],[95.191,28.176],[95.281,28.149],[95.329,28.082],[95.384,28.063],[95.396,28.003]]}},{"type":"Feature","properties":{"name":"Bratul Chillia","rank":2},"geometry":{"type":"LineString","coordinates":[[29.659,45.216],[29.65,45.346],[29.569,45.395],[29.322,45.444],[29.228,45.424],[29.069,45.361],[28.929,45.279],[28.816,45.326],[28.747,45.231],[28.883,45.18]]}},{"type":"Feature","properties":{"name":"Bratul Sfintu Gheorghe","rank":2},"geometry":{"type":"LineString","coordinates":[[28.883,45.18],[28.963,45.141],[29.205,45.092],[29.307,44.99],[29.395,44.95],[29.456,44.97],[29.611,44.888]]}},{"type":"Feature","properties":{"name":"Nile","rank":1},"geometry":{"type":"LineString","coordinates":[[32.879,23.988],[32.863,23.894],[32.919,23.785],[32.856,23.539],[32.894,23.492],[32.899,23.426],[32.939,23.362],[32.943,23.307],[32.841,23.205],[32.801,23.197],[32.705,23.056],[32.683,22.995],[32.582,22.888],[32.571,22.772],[32.438,22.696],[32.394,22.627],[32.292,22.634],[32.273,22.683],[32.185,22.751],[32.074,22.726],[31.994,22.682],[31.896,22.573],[31.861,22.474],[31.757,22.429],[31.602,22.313],[31.419,22.15],[31.375,22.075],[31.343,21.923],[31.295,21.85],[31.201,21.767],[31.176,21.673],[31.091,21.609]]}},{"type":"Feature","properties":{"name":"Nile","rank":1},"geometry":{"type":"LineString","coordinates":[[32.879,23.988],[32.886,24.126],[32.871,24.199],[32.909,24.324],[32.907,24.41],[32.878,24.49],[32.92,24.611],[32.927,24.769],[32.865,24.928],[32.886,24.978],[32.873,25.05],[32.836,25.105],[32.583,25.253],[32.551,25.324],[32.554,25.424],[32.498,25.509],[32.488,25.586],[32.595,25.636],[32.682,25.775],[32.749,25.789],[32.762,25.839],[32.732,25.906],[32.786,26.007],[32.751,26.125],[32.649,26.18],[32.552,26.121],[32.452,26.117],[32.375,26.068],[32.235,26.091],[32.166,26.143],[32.132,26.208],[32.06,26.222],[31.824,26.413],[31.808,26.541],[31.704,26.544],[31.714,26.626],[31.632,26.656],[31.628,26.691],[31.545,26.769],[31.468,26.925],[31.382,26.992],[31.304,27.099],[31.28,27.158],[31.198,27.174],[31.176,27.215],[31.115,27.202],[31.111,27.27],[31.023,27.293],[30.974,27.372],[30.878,27.421],[30.851,27.578],[30.896,27.668],[30.886,27.801],[30.842,27.87],[30.837,28.038],[30.762,28.106],[30.741,28.322],[30.817,28.415],[30.837,28.627],[30.899,28.743],[30.906,28.815],[31.011,28.942],[31.053,29.029],[31.118,29.072],[31.221,29.233],[31.215,29.437],[31.283,29.559],[31.269,29.6],[31.304,29.669],[31.269,29.733],[31.297,29.805],[31.289,29.885],[31.221,30.008],[31.237,30.124]]}},{"type":"Feature","properties":{"name":"Nile","rank":1},"geometry":{"type":"LineString","coordinates":[[33.693,18.489],[33.701,18.594],[33.688,18.691],[33.66,18.724],[33.563,18.749],[33.553,18.907],[33.58,18.977],[33.577,19.141],[33.534,19.207],[33.425,19.269],[33.38,19.423],[33.284,19.476],[33.085,19.527],[33.036,19.525],[32.97,19.461],[32.87,19.436],[32.797,19.334],[32.721,19.285],[32.683,19.189],[32.62,19.153],[32.509,19.148],[32.462,19.033],[32.358,18.923],[32.192,18.892],[32.037,18.785],[32.064,18.711],[32.046,18.619],[31.968,18.573],[31.888,18.572],[31.82,18.487],[31.778,18.366],[31.692,18.288],[31.68,18.251],[31.529,18.081],[31.451,18.044],[31.325,18.043],[31.207,17.984],[31.063,18.039],[30.962,18.054],[30.893,18.13],[30.769,18.169],[30.706,18.306],[30.709,18.45],[30.577,18.616],[30.559,18.709],[30.515,18.823],[30.492,18.842],[30.467,18.971],[30.488,19.05],[30.488,19.205],[30.474,19.266],[30.49,19.352],[30.467,19.478],[30.399,19.584],[30.395,19.682],[30.366,19.773],[30.307,19.807],[30.312,19.867],[30.48,19.935],[30.539,19.931],[30.587,19.972],[30.604,20.04],[30.562,20.17],[30.587,20.272],[30.523,20.347],[30.402,20.35],[30.358,20.424],[30.299,20.582],[30.371,20.732],[30.338,20.77],[30.41,20.815],[30.543,20.838],[30.577,20.897],[30.578,20.975],[30.604,21.028],[30.714,21.092],[30.679,21.173],[30.716,21.226],[30.809,21.286],[30.906,21.317],[30.987,21.396],[30.962,21.454],[31.07,21.56],[31.091,21.609]]}},{"type":"Feature","properties":{"name":"Nile","rank":1},"geometry":{"type":"LineString","coordinates":[[33.693,18.489],[33.693,18.49]]}},{"type":"Feature","properties":{"name":"Nile","rank":1},"geometry":{"type":"LineString","coordinates":[[33.791,18.352],[33.712,18.425],[33.693,18.489]]}},{"type":"Feature","properties":{"name":"Nile","rank":1},"geometry":{"type":"LineString","coordinates":[[32.49,15.635],[32.55,15.883],[32.537,15.99],[32.547,16.166],[32.608,16.251],[32.681,16.283],[32.69,16.327],[32.863,16.499],[32.995,16.548],[33.069,16.523],[33.154,16.553],[33.279,16.66],[33.392,16.686],[33.497,16.747],[33.599,16.765],[33.73,16.964],[33.735,17.046],[33.707,17.13],[33.749,17.182],[33.753,17.294],[33.872,17.442],[33.902,17.557],[33.982,17.635],[33.976,17.721],[33.989,17.806],[33.974,18.024],[33.928,18.265],[33.897,18.317],[33.817,18.318],[33.756,18.451],[33.693,18.489]]}},{"type":"Feature","properties":{"name":"Bratul Sulina","rank":2},"geometry":{"type":"LineString","coordinates":[[28.883,45.18],[29.484,45.169],[29.525,45.189],[29.682,45.149]]}},{"type":"Feature","properties":{"name":"Brahmaputra","rank":2},"geometry":{"type":"LineString","coordinates":[[95.396,28.003],[95.462,27.897],[95.459,27.844],[95.293,27.743],[95.149,27.701],[95.147,27.644],[95.102,27.61],[94.992,27.599],[94.917,27.572],[94.868,27.503],[94.818,27.5],[94.758,27.419],[94.65,27.352],[94.684,27.295],[94.571,27.218],[94.555,27.101],[94.448,27.059],[94.441,27.017],[94.287,26.92],[94.208,26.927],[94.144,26.862],[94.063,26.879],[93.946,26.842],[93.863,26.766],[93.657,26.715],[93.568,26.752],[93.44,26.768],[93.358,26.718],[93.313,26.74],[93.248,26.724],[93.119,26.647],[92.898,26.654],[92.834,26.608],[92.733,26.614],[92.657,26.591],[92.595,26.518],[92.508,26.516],[92.402,26.536],[92.173,26.443],[92.076,26.38],[92.066,26.31],[91.878,26.235],[91.846,26.239],[91.692,26.172],[91.595,26.167],[91.498,26.14],[91.391,26.17],[91.303,26.163],[91.198,26.203],[91.12,26.212],[90.964,26.174],[90.887,26.135],[90.831,26.135],[90.682,26.19],[90.507,26.229],[90.434,26.178],[90.294,26.12],[89.937,25.994],[89.836,25.871],[89.745,25.709],[89.698,25.573],[89.708,25.483],[89.671,25.324],[89.701,25.266],[89.626,25.075],[89.613,24.96],[89.716,24.726],[89.76,24.587],[89.767,24.511],[89.749,24.371],[89.755,24.283],[89.733,24.224],[89.74,24.123],[89.702,24.036],[89.7,23.958],[89.753,23.846],[89.855,23.747],[89.909,23.674],[89.985,23.644],[90.143,23.545],[90.25,23.462]]}},{"type":"Feature","properties":{"name":"Brahmaputra","rank":2},"geometry":{"type":"LineString","coordinates":[[89.755,24.274],[89.826,24.195],[89.836,24.131],[89.884,24.131],[89.961,24.04],[90.095,24.006],[90.103,23.968],[90.212,23.916],[90.25,23.836],[90.22,23.729],[90.303,23.757],[90.422,23.686],[90.467,23.644],[90.476,23.583]]}},{"type":"Feature","properties":{"name":"Borcea","rank":2},"geometry":{"type":"LineString","coordinates":[[27.292,44.151],[27.349,44.195],[27.461,44.214],[27.653,44.275],[27.698,44.326],[27.806,44.343],[27.939,44.453],[27.896,44.502],[27.938,44.593],[27.877,44.744]]}},{"type":"Feature","properties":{"name":"Yukon","rank":3},"geometry":{"type":"LineString","coordinates":[[-145.825,66.611],[-145.827,66.611]]}},{"type":"Feature","properties":{"name":"Yukon","rank":3},"geometry":{"type":"LineString","coordinates":[[-145.827,66.611],[-145.833,66.611]]}},{"type":"Feature","properties":{"name":"Yukon","rank":3},"geometry":{"type":"LineString","coordinates":[[-145.827,66.611],[-146.039,66.573],[-146.735,66.513],[-146.969,66.466],[-147.031,66.419],[-147.23,66.357],[-147.429,66.371],[-147.602,66.34],[-147.584,66.283],[-147.827,66.275],[-147.897,66.241],[-148.059,66.275],[-148.226,66.26],[-148.33,66.211],[-148.486,66.208],[-148.612,66.125],[-148.917,66.066],[-149.057,66.002],[-149.235,65.982],[-149.255,65.901],[-149.355,65.875],[-149.549,65.916],[-149.661,65.888],[-149.787,65.921],[-150.127,65.8],[-150.023,65.765],[-149.796,65.777],[-149.862,65.648],[-150.096,65.678],[-150.171,65.617],[-150.185,65.541],[-150.309,65.515],[-150.661,65.498],[-150.802,65.439],[-151.04,65.369],[-151.15,65.305],[-151.298,65.305],[-151.509,65.232],[-151.713,65.25],[-151.92,65.216],[-152.046,65.166]]}},{"type":"Feature","properties":{"name":"Yukon","rank":3},"geometry":{"type":"LineString","coordinates":[[-152.046,65.166],[-152.209,65.178],[-152.423,65.115],[-152.695,65.151],[-152.76,65.206],[-153.082,65.187],[-153.259,65.103],[-153.564,65.135],[-153.781,65.071],[-154.151,64.994],[-154.313,64.923],[-154.67,64.94],[-154.821,64.909],[-155.193,64.86],[-155.492,64.75],[-155.72,64.768],[-155.937,64.725],[-156.206,64.722],[-156.415,64.665],[-156.487,64.677],[-156.694,64.644],[-156.755,64.713],[-156.938,64.73],[-157.057,64.815],[-157.416,64.806],[-157.531,64.862],[-157.736,64.868],[-157.913,64.858],[-157.983,64.783],[-158.166,64.686],[-158.277,64.66],[-158.348,64.565],[-158.437,64.535],[-158.504,64.441],[-158.694,64.361],[-158.716,64.321],[-158.634,64.213],[-158.764,64.017],[-158.929,63.968],[-159.03,63.906],[-159.21,63.857],[-159.232,63.775],[-159.334,63.746],[-159.391,63.637],[-159.467,63.585],[-159.496,63.514],[-159.432,63.408],[-159.6,63.355],[-159.622,63.302],[-159.727,63.233],[-159.761,63.068],[-159.95,63],[-160.047,62.9],[-160.095,62.728],[-160.181,62.669],[-160.173,62.558],[-160.036,62.458],[-159.964,62.359],[-159.946,62.25],[-159.786,62.236],[-159.724,62.205],[-159.761,62.116],[-159.961,62.078],[-160.086,61.959],[-160.164,61.936],[-160.528,61.922],[-160.715,61.942],[-160.954,61.938],[-161.292,61.853],[-161.359,61.806],[-161.329,61.728],[-161.428,61.649],[-161.804,61.608],[-161.914,61.565],[-161.975,61.586],[-161.967,61.686],[-162.12,61.82],[-162.191,61.923],[-162.425,61.925],[-162.45,61.996],[-162.527,62.015],[-162.656,61.974],[-162.702,61.906],[-162.879,61.949],[-162.999,61.9],[-163.196,61.943],[-163.257,62.031],[-163.286,62.045],[-163.406,62.057],[-163.469,62.082],[-163.556,62.076],[-163.849,62.097],[-163.965,62.184],[-163.971,62.225],[-163.853,62.378],[-163.852,62.463],[-163.948,62.564],[-164.178,62.712],[-164.482,62.745]]}},{"type":"Feature","properties":{"name":"Yukon","rank":3},"geometry":{"type":"LineString","coordinates":[[-152.046,65.166],[-152.048,65.165]]}},{"type":"Feature","properties":{"name":"Yukon","rank":3},"geometry":{"type":"LineString","coordinates":[[-152.041,65.165],[-152.046,65.166]]}},{"type":"Feature","properties":{"name":"Yukon","rank":3},"geometry":{"type":"LineString","coordinates":[[-138.432,62.811],[-138.651,62.877],[-138.804,62.886],[-139.02,62.923],[-139.159,62.927],[-139.238,62.963],[-139.496,63.014],[-139.51,63.107],[-139.583,63.185],[-139.568,63.227],[-139.432,63.294],[-139.459,63.333],[-139.715,63.464],[-139.759,63.566],[-139.765,63.68],[-139.713,63.723],[-139.747,63.776],[-139.738,63.899],[-139.689,63.985],[-139.484,64.035],[-139.452,64.09],[-139.61,64.254],[-139.76,64.267],[-139.96,64.329],[-140.169,64.339],[-140.519,64.403],[-140.438,64.507],[-140.593,64.518],[-140.702,64.618],[-140.82,64.616],[-140.919,64.69],[-141.067,64.714],[-141.057,64.761],[-141.187,64.793],[-141.203,64.899],[-141.383,64.968],[-141.369,65.041],[-141.416,65.101],[-141.618,65.153],[-141.775,65.214],[-141.885,65.211],[-142.012,65.322],[-142.192,65.348],[-142.482,65.356],[-142.613,65.406],[-142.83,65.35],[-143.165,65.385],[-143.377,65.361],[-143.66,65.449],[-143.712,65.531],[-143.811,65.59],[-143.979,65.59],[-144.09,65.647],[-144.119,65.723],[-144.018,65.79],[-144.005,65.874],[-144.159,65.963],[-144.194,66.024],[-144.342,66.046],[-144.428,66.124],[-144.653,66.222],[-144.811,66.309],[-144.895,66.412],[-145.06,66.449],[-145.359,66.584],[-145.51,66.58],[-145.827,66.611]]}},{"type":"Feature","properties":{"name":"Yukon","rank":3},"geometry":{"type":"LineString","coordinates":[[-138.402,62.801],[-138.432,62.811]]}},{"type":"Feature","properties":{"name":"Yukon","rank":3},"geometry":{"type":"LineString","coordinates":[[-138.402,62.801],[-138.432,62.811]]}},{"type":"Feature","properties":{"name":"Yukon","rank":3},"geometry":{"type":"LineString","coordinates":[[-138.398,62.801],[-138.402,62.801]]}},{"type":"Feature","properties":{"name":"Yukon","rank":3},"geometry":{"type":"LineString","coordinates":[[-163.309,62.044],[-163.286,61.979],[-163.218,61.905],[-163.303,61.834],[-163.512,61.815],[-163.614,61.833],[-163.663,61.782],[-163.907,61.829],[-163.999,61.883],[-164.089,61.888],[-164.231,61.785],[-164.393,61.796],[-164.47,61.748],[-164.561,61.767],[-164.807,61.76],[-164.903,61.677],[-164.766,61.629]]}},{"type":"Feature","properties":{"name":"Yukon","rank":3},"geometry":{"type":"LineString","coordinates":[[-134.916,61.568],[-134.855,61.649],[-134.984,61.828],[-134.929,61.877],[-135.015,61.933],[-135.232,61.949],[-135.505,62.006],[-135.615,62.063],[-135.78,62.027],[-135.985,62.061],[-136.39,62.158],[-136.341,62.241],[-136.342,62.315],[-136.499,62.362],[-136.733,62.473],[-136.904,62.609],[-137.242,62.706],[-137.35,62.774],[-137.485,62.819],[-137.722,62.829],[-137.817,62.806],[-138.148,62.83],[-138.402,62.801]]}},{"type":"Feature","properties":{"name":"Murray","rank":3},"geometry":{"type":"LineString","coordinates":[[141.926,-34.117],[141.817,-34.126],[141.748,-34.103],[141.666,-34.127],[141.568,-34.214],[141.511,-34.172],[141.392,-34.134],[141.331,-34.145],[141.241,-34.076],[141.045,-34.062],[140.942,-33.989],[140.83,-34.069],[140.766,-34.212],[140.727,-34.256],[140.652,-34.26],[140.609,-34.298],[140.573,-34.452],[140.528,-34.447],[140.474,-34.387],[140.412,-34.375],[140.363,-34.194],[140.183,-34.161],[140.113,-34.191],[139.96,-34.127],[139.879,-34.108],[139.853,-34.045],[139.7,-34.023],[139.672,-34.055],[139.681,-34.125],[139.638,-34.212],[139.609,-34.443],[139.583,-34.5],[139.61,-34.634],[139.656,-34.692],[139.59,-34.706],[139.549,-34.805],[139.641,-34.862],[139.597,-34.911],[139.446,-34.857],[139.331,-34.902],[139.261,-34.966],[139.375,-35.026],[139.293,-35.115],[139.315,-35.186],[139.441,-35.238],[139.452,-35.29],[139.398,-35.309],[139.363,-35.377]]}},{"type":"Feature","properties":{"name":"Ganges","rank":3},"geometry":{"type":"LineString","coordinates":[[79.841,30.888],[79.814,30.84],[79.837,30.734],[79.875,30.689],[79.779,30.595],[79.738,30.524],[79.655,30.502],[79.593,30.551],[79.523,30.564],[79.389,30.422],[79.321,30.398],[79.269,30.304],[79.19,30.278],[79.137,30.304],[79.001,30.306],[78.803,30.236],[78.687,30.24],[78.594,30.145],[78.579,30.098],[78.463,30.073],[78.405,30.132],[78.32,30.141],[78.28,30.072],[78.164,29.95],[78.161,29.877],[78.19,29.793],[78.189,29.707],[78.155,29.675],[78.019,29.619],[77.992,29.531],[78.052,29.435],[78.052,29.374],[78.117,29.251],[78.121,29.192],[78.08,29.141],[78.072,28.969],[78.106,28.914],[78.096,28.828],[78.183,28.693],[78.195,28.57],[78.265,28.489],[78.29,28.307],[78.383,28.222],[78.463,28.106],[78.614,27.996],[78.76,27.946],[78.877,27.922],[78.939,27.883],[78.957,27.838],[79.076,27.816],[79.156,27.818],[79.204,27.691],[79.332,27.637],[79.41,27.647],[79.465,27.587],[79.558,27.531],[79.562,27.487],[79.622,27.418],[79.628,27.352],[79.698,27.242],[79.819,27.157],[79.912,27.148],[79.951,27.119],[80.012,27.017],[80.02,26.957],[80.108,26.874],[80.128,26.762],[80.245,26.682],[80.297,26.549],[80.403,26.442],[80.51,26.381],[80.559,26.238],[80.598,26.175],[80.673,26.115],[80.743,26.11],[80.853,26.058],[80.962,26.077],[81.048,26.044],[81.065,26],[81.204,25.939],[81.225,25.869],[81.302,25.841],[81.393,25.772],[81.383,25.682],[81.539,25.591],[81.63,25.587],[81.705,25.495],[81.778,25.478],[81.886,25.513],[81.917,25.498],[81.903,25.415],[81.938,25.345],[82.043,25.336],[82.088,25.279],[82.181,25.317],[82.312,25.263],[82.383,25.262],[82.527,25.159],[82.593,25.173],[82.637,25.22],[82.779,25.125],[82.836,25.119],[82.92,25.195],[83.02,25.228],[83.006,25.289],[83.042,25.323],[83.135,25.326],[83.178,25.41],[83.123,25.452],[83.213,25.535],[83.312,25.479],[83.409,25.487],[83.483,25.423],[83.541,25.439],[83.491,25.517],[83.617,25.598],[83.693,25.615],[83.772,25.517],[83.898,25.524],[84.003,25.608],[84.058,25.674],[84.143,25.736],[84.213,25.728],[84.272,25.693],[84.308,25.739],[84.373,25.765],[84.499,25.699],[84.668,25.706],[84.729,25.75],[84.853,25.712],[84.996,25.735],[85.086,25.721],[85.143,25.642],[85.245,25.614],[85.272,25.567],[85.388,25.508],[85.515,25.585],[85.577,25.508],[85.652,25.463],[85.722,25.504],[85.831,25.505],[85.997,25.38],[86.039,25.33],[86.186,25.319],[86.241,25.33],[86.306,25.293],[86.378,25.31],[86.446,25.362],[86.507,25.463],[86.591,25.461],[86.58,25.375],[86.611,25.304],[86.694,25.256],[86.782,25.276],[86.89,25.35],[86.974,25.289],[87.16,25.228],[87.218,25.248],[87.282,25.356],[87.351,25.399],[87.444,25.406],[87.512,25.382],[87.536,25.32],[87.599,25.267],[87.726,25.252],[87.784,25.214],[87.781,25.09],[87.861,25.031],[87.954,24.988],[87.958,24.944],[87.907,24.861],[87.948,24.796],[87.959,24.717],[88.006,24.656],[88.085,24.594],[88.086,24.537],[88.133,24.482],[88.225,24.461],[88.308,24.486],[88.444,24.351],[88.516,24.367],[88.681,24.334],[88.737,24.287],[88.751,24.153],[88.843,24.123],[88.931,24.172],[89.037,24.095],[89.089,23.977]]}},{"type":"Feature","properties":{"name":"Ganges","rank":3},"geometry":{"type":"LineString","coordinates":[[87.938,24.806],[87.92,24.727],[87.941,24.619],[88.028,24.548],[88.078,24.456],[88.119,24.447],[88.156,24.372],[88.252,24.312],[88.257,24.141],[88.195,24.001],[88.228,23.827],[88.228,23.756],[88.16,23.7],[88.163,23.624],[88.219,23.607],[88.295,23.536],[88.368,23.512],[88.341,23.438],[88.379,23.402],[88.343,23.341],[88.348,23.27],[88.382,23.225],[88.444,23.217],[88.447,23.154],[88.492,23.119],[88.495,23.049],[88.418,22.987],[88.407,22.946]]}},{"type":"Feature","properties":{"name":"Ganges","rank":3},"geometry":{"type":"LineString","coordinates":[[88.429,24.356],[88.453,24.283],[88.537,24.23],[88.529,24.152],[88.62,24.108],[88.649,24.067],[88.633,23.988],[88.787,23.962],[88.853,23.925],[88.87,23.7],[88.736,23.58],[88.835,23.43],[88.9,23.403],[88.933,23.356],[89.023,23.357],[89.021,23.262],[89.041,23.174],[89.119,23.076],[89.078,22.999],[89.13,22.93],[89.129,22.838],[89.201,22.747],[89.256,22.737],[89.304,22.638],[89.293,22.6]]}},{"type":"Feature","properties":{"name":"Ganges","rank":3},"geometry":{"type":"LineString","coordinates":[[89.088,23.978],[89.089,23.977]]}},{"type":"Feature","properties":{"name":"Ganges","rank":3},"geometry":{"type":"LineString","coordinates":[[89.089,23.977],[89.159,23.934],[89.321,23.93],[89.556,23.815],[89.62,23.844],[89.753,23.846],[89.749,23.848]]}},{"type":"Feature","properties":{"name":"Ganges","rank":3},"geometry":{"type":"LineString","coordinates":[[89.089,23.977],[89.114,23.926],[89.255,23.807],[89.262,23.752],[89.353,23.672],[89.421,23.674],[89.548,23.506],[89.599,23.473],[89.638,23.288],[89.681,23.227],[89.698,23.097],[89.828,22.939],[89.943,22.857],[89.999,22.769],[90.024,22.651],[90.01,22.49]]}},{"type":"Feature","properties":{"name":"Ganges","rank":3},"geometry":{"type":"LineString","coordinates":[[90.087,23.579],[90.071,23.504],[90.112,23.439],[90.145,23.237],[90.213,23.191]]}},{"type":"Feature","properties":{"name":"Ganges","rank":3},"geometry":{"type":"LineString","coordinates":[[90.213,23.191],[90.243,23.124],[90.319,23.106],[90.301,23.059],[90.322,22.997],[90.385,22.934],[90.365,22.846],[90.394,22.775]]}},{"type":"Feature","properties":{"name":"Ganges","rank":3},"geometry":{"type":"LineString","coordinates":[[88.407,22.946],[88.485,22.932],[88.537,22.98],[88.623,22.945],[88.739,22.935],[88.756,22.87],[88.849,22.83],[88.838,22.739],[88.868,22.664],[88.93,22.659],[88.95,22.562],[89.002,22.428],[88.989,22.387],[89.062,22.212],[89.06,22.131]]}},{"type":"Feature","properties":{"name":"Ganges","rank":3},"geometry":{"type":"LineString","coordinates":[[88.407,22.946],[88.348,22.788],[88.364,22.656],[88.342,22.576],[88.251,22.554],[88.238,22.522],[88.126,22.456],[88.097,22.294],[88.071,22.235]]}},{"type":"Feature","properties":{"name":"Ganges","rank":3},"geometry":{"type":"LineString","coordinates":[[88.406,22.946],[88.407,22.946]]}},{"type":"Feature","properties":{"name":"Ganges","rank":3},"geometry":{"type":"LineString","coordinates":[[89.293,22.6],[89.251,22.553],[89.291,22.466],[89.255,22.424],[89.275,22.313],[89.342,22.131],[89.387,22.087],[89.345,22.021],[89.352,21.972]]}},{"type":"Feature","properties":{"name":"Ganges","rank":3},"geometry":{"type":"LineString","coordinates":[[89.293,22.6],[89.293,22.598]]}},{"type":"Feature","properties":{"name":"Ganges","rank":3},"geometry":{"type":"LineString","coordinates":[[89.476,22.295],[89.444,22.334],[89.426,22.534],[89.345,22.603],[89.293,22.6]]}},{"type":"Feature","properties":{"name":"Indus","rank":3},"geometry":{"type":"LineString","coordinates":[[72.782,34.623],[72.789,34.514],[72.837,34.481],[72.828,34.393],[72.852,34.288],[72.833,34.168],[72.707,34.086]]}},{"type":"Feature","properties":{"name":"Indus","rank":3},"geometry":{"type":"LineString","coordinates":[[72.707,34.086],[72.633,34.014],[72.51,34.023],[72.431,34.011],[72.348,33.961],[72.24,33.938],[72.226,33.901],[72.234,33.766],[72.087,33.79],[72.022,33.746],[71.974,33.65],[71.953,33.526],[71.902,33.489],[71.842,33.402],[71.741,33.376],[71.703,33.257],[71.751,33.205],[71.711,33.094],[71.718,33.029],[71.611,32.964],[71.534,32.949],[71.462,32.898],[71.405,32.809],[71.414,32.734],[71.331,32.656],[71.323,32.594],[71.351,32.525],[71.347,32.432],[71.283,32.34],[71.229,32.182],[71.117,32.081],[71.107,32.031],[70.993,31.898],[70.967,31.819],[70.899,31.71],[70.903,31.664],[70.791,31.426],[70.768,31.264],[70.789,31.138],[70.819,31.078],[70.836,30.978],[70.819,30.884],[70.752,30.789],[70.766,30.695],[70.83,30.599],[70.849,30.503],[70.815,30.364],[70.774,30.316],[70.816,30.202],[70.806,30.094],[70.835,30.053],[70.844,29.9],[70.813,29.829],[70.659,29.661],[70.645,29.546],[70.693,29.521],[70.72,29.4],[70.681,29.325],[70.648,29.215],[70.668,29.124],[70.66,29.059],[70.555,29.015],[70.476,28.923],[70.374,28.915],[70.326,28.838],[70.252,28.778],[70.157,28.745],[70.037,28.65],[70.029,28.598],[69.941,28.582],[69.871,28.538],[69.781,28.52],[69.725,28.416],[69.585,28.259],[69.474,28.215],[69.411,28.226],[69.366,28.146],[69.288,28.17],[69.251,28.129],[69.169,28.11],[69.145,28.063],[69.035,28.063],[69.016,27.984],[68.917,27.974],[68.95,27.868],[68.873,27.843],[68.863,27.795],[68.941,27.759],[68.933,27.71],[68.791,27.667],[68.699,27.785],[68.658,27.782],[68.647,27.711],[68.555,27.706],[68.511,27.665],[68.45,27.677],[68.291,27.557],[68.331,27.478],[68.298,27.43],[68.327,27.374],[68.21,27.363],[68.153,27.301],[68.198,27.245],[68.182,27.202],[68.094,27.176],[68.113,27.094],[68.041,27.013],[67.908,26.947],[67.892,26.833],[67.901,26.711],[67.881,26.633],[67.926,26.574],[67.927,26.499],[67.89,26.386],[67.927,26.344],[67.939,26.269],[68.019,26.231],[68.033,26.197],[68.124,26.152],[68.127,26.079],[68.233,25.985],[68.271,25.903],[68.391,25.827],[68.323,25.733],[68.426,25.661],[68.382,25.621],[68.38,25.535],[68.326,25.513],[68.311,25.409],[68.344,25.353],[68.349,25.279],[68.304,25.228],[68.307,25.136],[68.266,25.054],[68.274,24.993],[68.181,24.998],[68.115,24.866],[68.061,24.877],[68.053,24.81],[67.97,24.656],[68.007,24.57],[67.961,24.533],[67.974,24.464],[67.85,24.417],[67.868,24.366],[67.807,24.252],[67.72,24.164],[67.666,24.172],[67.664,24.106]]}},{"type":"Feature","properties":{"name":"Indus","rank":3},"geometry":{"type":"LineString","coordinates":[[79.437,32.738],[79.309,32.928],[79.182,32.989],[79.101,33.081],[78.955,33.201],[78.899,33.205],[78.798,33.153],[78.711,33.165],[78.571,33.216],[78.559,33.24],[78.434,33.282],[78.366,33.344],[78.291,33.366],[78.152,33.469],[78.15,33.567],[78.08,33.629],[77.997,33.674],[77.943,33.739],[77.858,33.78],[77.734,33.922],[77.66,34.029],[77.593,34.088],[77.489,34.137],[77.421,34.129],[77.043,34.262],[76.99,34.308],[76.843,34.33],[76.77,34.403],[76.685,34.448],[76.584,34.563],[76.435,34.637],[76.301,34.681],[76.221,34.76],[76.19,34.83],[76.225,34.931],[75.922,35.166],[75.843,35.341],[75.768,35.314],[75.636,35.314],[75.486,35.416],[75.452,35.46],[75.38,35.472],[75.323,35.586],[75.105,35.603],[74.967,35.644],[74.872,35.712],[74.74,35.728],[74.725,35.842],[74.63,35.821],[74.65,35.702],[74.611,35.671],[74.632,35.527],[74.607,35.496],[74.475,35.466],[74.426,35.424],[74.247,35.427],[74.207,35.405],[74.109,35.434],[74.03,35.434],[73.911,35.494],[73.627,35.543],[73.502,35.534],[73.44,35.562],[73.323,35.548],[73.263,35.404],[73.249,35.318],[73.269,35.26],[73.119,35.185],[72.928,35.035],[72.869,34.929],[72.872,34.892],[72.986,34.84],[72.919,34.781],[72.824,34.761],[72.782,34.623]]}},{"type":"Feature","properties":{"name":"Indus","rank":3},"geometry":{"type":"LineString","coordinates":[[79.735,32.444],[79.676,32.512],[79.43,32.745]]}},{"type":"Feature","properties":{"name":"Indus","rank":3},"geometry":{"type":"LineString","coordinates":[[67.664,24.106],[67.661,24.108]]}},{"type":"Feature","properties":{"name":"Indus","rank":3},"geometry":{"type":"LineString","coordinates":[[67.664,24.106],[67.616,24.065],[67.532,24.06]]}},{"type":"Feature","properties":{"name":"Indus","rank":3},"geometry":{"type":"LineString","coordinates":[[67.713,24.066],[67.664,24.106]]}},{"type":"Feature","properties":{"name":"Indus","rank":3},"geometry":{"type":"LineString","coordinates":[[67.713,24.066],[67.76,24.053]]}},{"type":"Feature","properties":{"name":"Indus","rank":3},"geometry":{"type":"LineString","coordinates":[[67.926,23.982],[67.933,24.046],[67.869,24.076],[67.811,24.063],[67.815,23.995],[67.926,23.982]]}},{"type":"Feature","properties":{"name":"Indus","rank":3},"geometry":{"type":"LineString","coordinates":[[67.926,23.982],[67.927,23.985]]}},{"type":"Feature","properties":{"name":"Indus","rank":3},"geometry":{"type":"LineString","coordinates":[[68.025,23.934],[68.019,24.001],[67.956,23.999]]}},{"type":"Feature","properties":{"name":"Indus","rank":3},"geometry":{"type":"LineString","coordinates":[[67.651,23.931],[67.731,23.965],[67.713,24.066]]}},{"type":"Feature","properties":{"name":"Indus","rank":3},"geometry":{"type":"LineString","coordinates":[[67.858,23.909],[67.926,23.982]]}},{"type":"Feature","properties":{"name":"Niger","rank":3},"geometry":{"type":"LineString","coordinates":[[-3.98,15.281],[-4.125,15.339],[-4.229,15.393],[-4.304,15.507]]}},{"type":"Feature","properties":{"name":"Niger","rank":3},"geometry":{"type":"LineString","coordinates":[[4.626,9.865],[4.59,9.912],[4.591,10.008],[4.528,10.141],[4.554,10.243],[4.502,10.335],[4.514,10.431],[4.57,10.533],[4.657,10.609]]}},{"type":"Feature","properties":{"name":"Niger","rank":3},"geometry":{"type":"LineString","coordinates":[[-3.222,16.4],[-3.186,16.45],[-3.119,16.464],[-3.109,16.604],[-3.045,16.661],[-2.957,16.661],[-2.909,16.639],[-2.847,16.693],[-2.75,16.702],[-2.679,16.734],[-2.543,16.742],[-2.486,16.778],[-2.302,16.795],[-2.235,16.842],[-2.053,16.821],[-2.013,16.878],[-1.933,16.891],[-1.799,16.937],[-1.751,16.974],[-1.679,16.979],[-1.633,17.01],[-1.548,17.025],[-1.389,17.009],[-1.25,17.028],[-1.162,17.065],[-1.099,17.065],[-1.035,16.994],[-0.936,17.011],[-0.868,16.988],[-0.803,17.014],[-0.705,16.942],[-0.637,16.925],[-0.543,16.974],[-0.385,16.964],[-0.346,16.918],[-0.346,16.84],[-0.288,16.798],[-0.282,16.72],[-0.243,16.67],[-0.209,16.578],[-0.132,16.523],[-0.107,16.417],[-0.064,16.366],[-0.054,16.25],[0.007,16.165],[0.073,16.118],[0.132,15.998],[0.19,15.921],[0.329,15.8],[0.365,15.756],[0.466,15.726],[0.507,15.619],[0.486,15.538],[0.68,15.465],[0.734,15.429],[0.754,15.352],[0.724,15.321],[0.695,15.191],[0.649,15.075],[0.684,14.958],[0.753,14.955],[0.856,14.894],[0.91,14.696],[0.943,14.648],[1.07,14.538],[1.131,14.432],[1.302,14.277],[1.439,14.229],[1.485,14.147],[1.516,14.037],[1.514,13.972],[1.542,13.887],[1.6,13.839],[1.73,13.683],[1.795,13.674],[1.913,13.599],[1.994,13.578],[2.014,13.537],[2.08,13.523],[2.198,13.366],[2.324,13.298],[2.361,13.246],[2.378,12.876],[2.462,12.795],[2.487,12.734],[2.474,12.674],[2.527,12.646],[2.502,12.571],[2.684,12.511],[2.725,12.534],[2.742,12.443],[2.844,12.399],[2.912,12.347],[2.936,12.301],[3.009,12.276],[3.063,12.194],[3.255,12.019],[3.292,11.919],[3.369,11.897],[3.503,11.83],[3.571,11.722],[3.643,11.637],[3.712,11.6],[3.837,11.576],[3.909,11.512],[3.965,11.514],[4.079,11.455],[4.124,11.375],[4.177,11.345],[4.295,11.197],[4.472,11.167],[4.574,11.1],[4.656,10.968],[4.721,10.914],[4.689,10.646],[4.656,10.607]]}},{"type":"Feature","properties":{"name":"Niger","rank":3},"geometry":{"type":"LineString","coordinates":[[-3.222,16.4],[-3.204,16.252],[-3.228,16.194],[-3.283,16.191],[-3.342,16.07],[-3.466,16.074]]}},{"type":"Feature","properties":{"name":"Niger","rank":3},"geometry":{"type":"LineString","coordinates":[[-3.466,16.074],[-3.457,16.161]]}},{"type":"Feature","properties":{"name":"Niger","rank":3},"geometry":{"type":"LineString","coordinates":[[-3.466,16.074],[-3.525,16.059],[-3.584,16.007],[-3.611,15.906],[-3.661,15.861],[-3.706,15.861],[-3.717,15.689],[-3.844,15.668],[-3.782,15.628],[-3.878,15.529],[-3.964,15.473],[-3.831,15.458],[-3.804,15.413],[-3.872,15.317],[-3.983,15.311]]}},{"type":"Feature","properties":{"name":"Niger","rank":3},"geometry":{"type":"LineString","coordinates":[[-4.304,15.507],[-4.351,15.632],[-4.275,15.738],[-4.219,15.756],[-4.21,15.827],[-4.174,15.902],[-4.03,15.863],[-3.962,15.945],[-3.877,15.977],[-3.756,16.108],[-3.645,16.111],[-3.58,16.131],[-3.489,16.128],[-3.453,16.17],[-3.399,16.201],[-3.402,16.259],[-3.325,16.257],[-3.323,16.34],[-3.222,16.4]]}},{"type":"Feature","properties":{"name":"Niger","rank":3},"geometry":{"type":"LineString","coordinates":[[-4.233,15.233],[-4.325,15.197],[-4.336,15.129],[-4.378,15.089],[-4.417,15],[-4.469,14.948],[-4.613,14.912],[-4.611,14.806],[-4.683,14.739],[-4.694,14.622],[-4.672,14.567],[-4.772,14.394],[-4.806,14.39],[-4.85,14.3],[-4.9,14.244],[-4.922,14.172]]}},{"type":"Feature","properties":{"name":"Niger","rank":3},"geometry":{"type":"LineString","coordinates":[[-9.382,11.003],[-9.368,11.077],[-9.223,11.073],[-9.163,11.148],[-9.096,11.199],[-9.133,11.267],[-9.152,11.409],[-9.098,11.43],[-8.986,11.419],[-8.887,11.456],[-8.871,11.493],[-8.799,11.536],[-8.767,11.61],[-8.706,11.684],[-8.633,11.725],[-8.559,11.801],[-8.495,11.816],[-8.336,12.023],[-8.345,12.074],[-8.305,12.125],[-8.171,12.209],[-8.119,12.301],[-8.111,12.418],[-8.073,12.462],[-8.038,12.606],[-7.88,12.657],[-7.773,12.641],[-7.732,12.73],[-7.68,12.784],[-7.569,12.842],[-7.493,12.94],[-7.411,12.971],[-7.361,13.051],[-7.206,13.14],[-7.149,13.159],[-7.114,13.203],[-7.015,13.257],[-6.962,13.329],[-6.906,13.359],[-6.834,13.344],[-6.618,13.392],[-6.473,13.366],[-6.432,13.371],[-6.172,13.522],[-6.131,13.571],[-6.079,13.71],[-6.028,13.728],[-5.961,13.684],[-5.893,13.672],[-5.767,13.747],[-5.702,13.823],[-5.565,13.89],[-5.486,13.961],[-5.406,13.959],[-5.278,13.985],[-5.219,14.018],[-5.138,14.114],[-4.942,14.168],[-4.885,14.168],[-4.705,14.238],[-4.55,14.273],[-4.486,14.234],[-4.452,14.311],[-4.405,14.326],[-4.348,14.425],[-4.277,14.436],[-4.222,14.49],[-4.161,14.689],[-4.095,14.739],[-4.096,14.833],[-4.004,14.908],[-3.934,14.932],[-3.901,15.003],[-3.899,15.062],[-3.975,15.137],[-3.962,15.181],[-3.979,15.281]]}},{"type":"Feature","properties":{"name":"Niger","rank":3},"geometry":{"type":"LineString","coordinates":[[4.626,9.865],[4.65,9.719],[4.628,9.704],[4.572,9.586],[4.574,9.522],[4.609,9.444],[4.622,9.341],[4.665,9.294],[4.743,9.275],[4.752,9.168],[4.799,9.14],[4.87,9.154],[4.979,9.2],[5.031,9.185],[5.15,9.113],[5.197,9.017],[5.32,8.988],[5.386,8.992],[5.454,8.947],[5.538,8.929],[5.65,8.824],[5.746,8.811],[5.791,8.746],[5.927,8.738],[5.983,8.758],[6.092,8.759],[6.161,8.719],[6.277,8.737],[6.371,8.681],[6.427,8.556],[6.465,8.432],[6.572,8.354],[6.623,8.278],[6.688,8.214],[6.776,8.063],[6.798,7.937],[6.771,7.858],[6.725,7.648],[6.71,7.362],[6.696,7.239],[6.719,7.149],[6.687,6.955],[6.649,6.844],[6.651,6.663],[6.681,6.474],[6.737,6.233],[6.759,6.181],[6.747,6.102],[6.704,6.076],[6.685,5.906],[6.626,5.819],[6.552,5.514],[6.476,5.437],[6.479,5.362],[6.35,5.343],[6.289,5.264],[6.209,5.253],[6.215,5.194],[6.14,5.149],[6.095,5.153],[6.023,5.108],[5.916,5.188],[5.809,5.206],[5.75,5.17],[5.496,5.142]]}},{"type":"Feature","properties":{"name":"Niger","rank":3},"geometry":{"type":"LineString","coordinates":[[-10.732,9.09],[-10.697,9.148],[-10.643,9.175],[-10.556,9.441],[-10.65,9.55],[-10.666,9.714],[-10.635,9.796],[-10.683,9.868],[-10.704,9.96],[-10.758,10.004],[-10.826,10.225],[-10.779,10.282],[-10.67,10.336],[-10.628,10.336],[-10.601,10.412],[-10.508,10.427],[-10.496,10.461],[-10.409,10.529],[-10.305,10.532],[-10.238,10.512],[-10.19,10.457],[-10.142,10.533],[-10.069,10.552],[-10.017,10.603],[-9.952,10.59],[-9.873,10.654],[-9.786,10.666],[-9.728,10.645],[-9.68,10.686],[-9.605,10.676],[-9.491,10.817],[-9.485,10.916],[-9.461,10.964],[-9.382,11.003]]}},{"type":"Feature","properties":{"name":"Niger","rank":3},"geometry":{"type":"LineString","coordinates":[[6.565,5.54],[6.608,5.505],[6.617,5.329],[6.583,5.31],[6.49,5.202],[6.462,5.104],[6.432,5.064],[6.434,4.997],[6.529,4.987],[6.592,4.896],[6.586,4.847],[6.612,4.77],[6.675,4.745],[6.736,4.608]]}},{"type":"Feature","properties":{"name":"Niger","rank":3},"geometry":{"type":"LineString","coordinates":[[6.503,5.382],[6.501,5.357],[6.445,5.345],[6.408,5.287],[6.358,5.274],[6.321,5.203],[6.305,5.095],[6.253,5.096],[6.257,4.95]]}},{"type":"Feature","properties":{"name":"Niger","rank":3},"geometry":{"type":"LineString","coordinates":[[6.257,4.951],[6.257,4.95]]}},{"type":"Feature","properties":{"name":"Niger","rank":3},"geometry":{"type":"LineString","coordinates":[[6.257,4.95],[6.277,4.896],[6.247,4.797],[6.252,4.701],[6.23,4.654],[6.261,4.565],[6.236,4.498]]}},{"type":"Feature","properties":{"name":"Niger","rank":3},"geometry":{"type":"LineString","coordinates":[[6.257,4.95],[6.203,4.886],[6.109,4.842],[6.081,4.778],[6.096,4.734],[6.092,4.608],[6.04,4.505],[6.055,4.42]]}},{"type":"Feature","properties":{"name":"Victoria Nile","rank":1},"geometry":{"type":"LineString","coordinates":[[32.241,1.666],[32.475,1.552]]}},{"type":"Feature","properties":{"name":"Victoria Nile","rank":1},"geometry":{"type":"LineString","coordinates":[[32.545,1.522],[32.624,1.441],[32.789,1.425],[32.826,1.41],[32.893,1.311]]}},{"type":"Feature","properties":{"name":"Victoria Nile","rank":1},"geometry":{"type":"LineString","coordinates":[[33.187,0.428],[33.288,0.398],[33.283,0.362],[33.192,0.299],[33.174,0.222],[33.078,0.091],[33.014,-0.147],[32.837,-0.48],[32.467,-0.74],[31.999,-0.886],[31.768,-0.936]]}},{"type":"Feature","properties":{"name":"Victoria Nile","rank":1},"geometry":{"type":"LineString","coordinates":[[31.366,2.193],[31.399,2.205],[31.448,2.242],[31.546,2.278],[31.661,2.267],[31.755,2.298],[31.788,2.334],[31.879,2.367],[31.92,2.36],[32.016,2.292],[32.18,2.231],[32.214,2.257],[32.277,2.249],[32.31,2.196],[32.352,2.031],[32.331,1.98],[32.342,1.868],[32.271,1.81],[32.163,1.778],[32.104,1.716],[32.104,1.648],[32.178,1.678],[32.241,1.666]]}},{"type":"Feature","properties":{"name":"Victoria Nile","rank":1},"geometry":{"type":"LineString","coordinates":[[32.475,1.552],[32.545,1.522]]}},{"type":"Feature","properties":{"name":"Victoria Nile","rank":1},"geometry":{"type":"LineString","coordinates":[[32.893,1.311],[32.961,1.182],[32.936,1.083],[32.966,0.911],[33.046,0.756],[33.051,0.642],[33.085,0.562],[33.181,0.465],[33.187,0.428]]}},{"type":"Feature","properties":{"name":"Ubangi","rank":3},"geometry":{"type":"LineString","coordinates":[[18.597,3.679],[18.642,3.324],[18.631,3.179],[18.613,3.128],[18.528,3.065],[18.467,2.899],[18.425,2.822],[18.393,2.714],[18.316,2.584],[18.225,2.487],[18.207,2.408],[18.163,2.321],[18.111,2.265],[18.072,2.16],[18.081,1.943],[18.066,1.859],[18.071,1.552],[18.012,1.422],[17.966,1.254],[17.963,1.192],[17.866,1.017],[17.877,0.868],[17.907,0.741],[17.899,0.583],[17.952,0.475],[17.939,0.361],[17.854,0.241],[17.757,-0.009],[17.716,-0.196],[17.74,-0.346],[17.749,-0.523]]}},{"type":"Feature","properties":{"name":"Teslin","rank":3},"geometry":{"type":"LineString","coordinates":[[-132.095,59.607],[-132.149,59.629],[-132.232,59.792],[-132.318,59.869],[-132.438,60.025],[-132.866,60.2],[-133.245,60.449]]}},{"type":"Feature","properties":{"name":"Teslin","rank":3},"geometry":{"type":"LineString","coordinates":[[-133.245,60.449],[-133.42,60.578],[-133.544,60.636],[-133.703,60.748],[-133.798,60.786],[-133.986,60.897],[-134.496,61.248],[-134.636,61.302],[-134.646,61.431],[-134.678,61.499],[-134.783,61.507],[-134.913,61.57]]}},{"type":"Feature","properties":{"name":"Teslin","rank":3},"geometry":{"type":"LineString","coordinates":[[-131.208,59.087],[-131.455,59.067],[-131.689,59.135],[-131.808,59.135],[-131.853,59.204],[-131.964,59.282],[-131.988,59.395],[-132.057,59.454],[-132.095,59.607]]}},{"type":"Feature","properties":{"name":"Euphrates","rank":3},"geometry":{"type":"LineString","coordinates":[[40.993,34.428],[41.106,34.369],[41.192,34.382],[41.178,34.424],[41.24,34.451],[41.381,34.446],[41.465,34.422],[41.582,34.44],[41.611,34.48],[41.713,34.456],[41.795,34.514],[41.834,34.478],[41.968,34.472],[42.055,34.369],[42.125,34.332],[42.145,34.279],[42.297,34.347],[42.384,34.321],[42.378,34.274],[42.315,34.226],[42.382,34.182],[42.412,34.033],[42.494,34.047],[42.561,33.948],[42.521,33.896],[42.599,33.857],[42.679,33.896],[42.759,33.853],[42.719,33.807],[42.762,33.705],[42.864,33.623],[42.932,33.53],[42.991,33.536],[43.066,33.494],[43.097,33.533],[43.169,33.519],[43.265,33.449],[43.357,33.472],[43.437,33.45],[43.484,33.407],[43.645,33.397],[43.907,33.212],[43.989,33.17],[44.159,33.032],[44.175,32.934],[44.253,32.879],[44.29,32.8],[44.22,32.608],[44.239,32.536],[44.295,32.467],[44.288,32.41],[44.354,32.275],[44.357,32.118],[44.447,32.002],[44.478,31.936],[44.504,31.766],[44.474,31.704],[44.494,31.659],[44.614,31.6],[44.693,31.516],[44.765,31.487],[44.864,31.486],[44.92,31.437],[45.046,31.416],[45.132,31.428],[45.2,31.402],[45.238,31.328]]}},{"type":"Feature","properties":{"name":"Euphrates","rank":3},"geometry":{"type":"LineString","coordinates":[[45.238,31.328],[45.467,31.305]]}},{"type":"Feature","properties":{"name":"Euphrates","rank":3},"geometry":{"type":"LineString","coordinates":[[45.463,31.305],[45.532,31.288],[45.55,31.211],[45.594,31.214],[45.687,31.162],[45.725,31.178],[45.884,31.131],[45.996,31.114],[46.041,31.126],[46.104,31.072],[46.252,31.044],[46.367,30.964],[46.427,30.95],[46.511,30.884],[46.748,30.962],[46.95,30.96],[47.009,30.979],[47.118,30.965],[47.315,30.973],[47.453,31.015],[47.469,30.968]]}},{"type":"Feature","properties":{"name":"Shiquan","rank":3},"geometry":{"type":"LineString","coordinates":[[81.64,31.45],[81.592,31.404],[81.477,31.402],[81.397,31.481],[81.334,31.492],[81.218,31.601],[81.166,31.751],[81.205,31.841],[81.28,31.916],[81.394,31.986],[81.281,32.049],[81.283,32.173],[81.244,32.201],[81.212,32.321],[81.156,32.375],[81.054,32.402],[80.991,32.453],[80.865,32.475],[80.736,32.539],[80.648,32.553],[80.477,32.556],[80.255,32.545],[80.196,32.552],[80.005,32.482],[79.889,32.479],[79.735,32.444]]}},{"type":"Feature","properties":{"name":"Columbia","rank":3},"geometry":{"type":"LineString","coordinates":[[-118.527,52.102],[-118.366,52.09]]}},{"type":"Feature","properties":{"name":"Columbia","rank":3},"geometry":{"type":"LineString","coordinates":[[-117.517,51.659],[-117.632,51.72],[-117.726,51.814],[-117.873,51.87]]}},{"type":"Feature","properties":{"name":"Columbia","rank":3},"geometry":{"type":"LineString","coordinates":[[-117.906,50.682],[-117.926,50.585],[-117.92,50.392],[-117.817,50.207],[-117.827,50.132],[-117.88,50.103]]}},{"type":"Feature","properties":{"name":"Columbia","rank":3},"geometry":{"type":"LineString","coordinates":[[-118.092,49.802],[-118.143,49.622],[-118.123,49.506],[-118.027,49.407],[-117.907,49.342]]}},{"type":"Feature","properties":{"name":"Columbia","rank":3},"geometry":{"type":"LineString","coordinates":[[-118.072,48.664],[-118.134,48.599],[-118.209,48.462],[-118.168,48.232]]}},{"type":"Feature","properties":{"name":"Columbia","rank":3},"geometry":{"type":"LineString","coordinates":[[-118.53,52.102],[-118.598,52.035],[-118.586,51.888],[-118.686,51.766],[-118.668,51.672],[-118.61,51.584],[-118.539,51.543],[-118.437,51.387],[-118.319,51.309],[-118.23,51.228],[-118.189,51.073],[-118.223,51.001],[-118.12,50.857],[-118.008,50.804],[-117.982,50.726],[-117.906,50.683]]}},{"type":"Feature","properties":{"name":"Columbia","rank":3},"geometry":{"type":"LineString","coordinates":[[-117.873,51.87],[-118.066,51.972],[-118.26,52.033],[-118.366,52.09]]}},{"type":"Feature","properties":{"name":"Columbia","rank":3},"geometry":{"type":"LineString","coordinates":[[-115.865,50.287],[-115.895,50.368],[-115.991,50.455],[-116.153,50.693],[-116.352,50.86],[-116.388,50.913],[-116.514,51.006],[-116.778,51.134],[-116.902,51.205],[-117.079,51.423],[-117.156,51.476],[-117.394,51.524],[-117.517,51.659]]}},{"type":"Feature","properties":{"name":"Columbia","rank":3},"geometry":{"type":"LineString","coordinates":[[-117.88,50.103],[-117.93,50.089],[-117.9,50.017],[-117.955,49.959],[-118.085,49.883],[-118.092,49.802]]}},{"type":"Feature","properties":{"name":"Columbia","rank":3},"geometry":{"type":"LineString","coordinates":[[-117.907,49.342],[-117.715,49.346],[-117.659,49.327],[-117.663,49.228],[-117.722,49.167],[-117.716,49.109],[-117.647,49.085],[-117.625,49.018],[-117.918,48.835],[-118.003,48.8],[-118.061,48.738],[-118.074,48.664]]}},{"type":"Feature","properties":{"name":"Columbia","rank":3},"geometry":{"type":"LineString","coordinates":[[-118.168,48.232],[-118.189,48.15],[-118.278,48.026],[-118.358,48.037],[-118.351,47.852],[-118.514,47.876],[-118.571,47.925],[-118.679,47.938],[-118.792,47.907],[-118.846,47.94],[-118.948,47.932],[-118.976,48.019],[-119.062,48.122],[-119.141,48.136],[-119.271,48.096],[-119.345,48.05],[-119.504,48.07],[-119.628,48.013],[-119.769,48.094],[-119.896,48.056],[-119.859,47.948],[-119.905,47.872],[-120.005,47.787],[-120.111,47.787],[-120.19,47.753],[-120.179,47.688],[-120.217,47.596],[-120.277,47.538],[-120.286,47.472],[-120.236,47.399],[-120.094,47.362],[-120.068,47.258],[-120.012,47.239],[-119.991,47.16],[-120.017,47.11],[-119.984,46.999],[-119.94,46.924],[-119.922,46.831],[-119.932,46.708],[-119.843,46.639],[-119.612,46.663],[-119.532,46.725],[-119.471,46.734],[-119.395,46.67],[-119.258,46.514],[-119.242,46.278],[-119.052,46.224]]}},{"type":"Feature","properties":{"name":"Columbia","rank":3},"geometry":{"type":"LineString","coordinates":[[-118.919,46.08],[-118.952,46.024],[-119.093,45.949],[-119.341,45.946],[-119.592,45.921],[-119.663,45.872],[-119.934,45.838],[-120.127,45.789],[-120.23,45.737],[-120.47,45.71],[-120.621,45.731],[-120.669,45.703],[-120.9,45.642],[-121.044,45.653],[-121.133,45.624],[-121.272,45.709],[-121.57,45.729],[-121.718,45.71],[-121.793,45.721],[-121.971,45.642],[-122.15,45.594]]}},{"type":"Feature","properties":{"name":"Columbia","rank":3},"geometry":{"type":"LineString","coordinates":[[-122.15,45.594],[-122.261,45.566],[-122.426,45.588],[-122.54,45.622],[-122.673,45.626],[-122.739,45.663],[-122.78,45.82],[-122.774,45.881],[-122.807,45.978],[-122.91,46.108],[-123.112,46.186],[-123.206,46.167]]}},{"type":"Feature","properties":{"name":"Firat","rank":3},"geometry":{"type":"LineString","coordinates":[[38.768,38.813],[38.813,38.875],[38.778,38.905],[38.787,38.981],[38.74,39.078]]}},{"type":"Feature","properties":{"name":"Firat","rank":3},"geometry":{"type":"LineString","coordinates":[[38.471,38.741],[38.46,38.692],[38.402,38.673],[38.349,38.596],[38.374,38.537],[38.482,38.476],[38.567,38.465],[38.689,38.421],[38.81,38.44],[38.886,38.364],[38.992,38.326],[39.073,38.348]]}},{"type":"Feature","properties":{"name":"Firat","rank":3},"geometry":{"type":"LineString","coordinates":[[38.983,37.899],[38.954,37.801],[38.865,37.699],[38.868,37.651],[38.646,37.624],[38.515,37.511],[38.372,37.484],[38.327,37.49]]}},{"type":"Feature","properties":{"name":"Firat","rank":3},"geometry":{"type":"LineString","coordinates":[[41.455,40.18],[41.307,39.994],[41.277,39.982],[41.027,39.961],[40.911,39.925],[40.712,39.92],[40.469,39.954],[40.303,39.94],[40.179,39.908],[40.14,39.856],[40.251,39.764],[40.259,39.728],[40.199,39.674],[40.172,39.581],[40.081,39.557],[39.91,39.584],[39.749,39.645],[39.669,39.655],[39.536,39.701],[39.409,39.694],[39.328,39.639],[39.201,39.612],[39.048,39.616],[38.866,39.582],[38.748,39.539],[38.712,39.5],[38.64,39.513],[38.51,39.453],[38.458,39.454],[38.361,39.399],[38.425,39.318],[38.581,39.225],[38.62,39.172],[38.711,39.166],[38.74,39.078]]}},{"type":"Feature","properties":{"name":"Firat","rank":3},"geometry":{"type":"LineString","coordinates":[[38.768,38.813],[38.619,38.748],[38.471,38.741]]}},{"type":"Feature","properties":{"name":"Firat","rank":3},"geometry":{"type":"LineString","coordinates":[[39.073,38.348],[39.149,38.284],[39.115,38.193],[39.222,38.205],[39.256,38.153],[39.225,38.064],[39.06,37.988],[39.05,37.94],[38.983,37.899]]}},{"type":"Feature","properties":{"name":"Firat","rank":3},"geometry":{"type":"LineString","coordinates":[[38.327,37.49],[38.197,37.424],[38.094,37.454],[37.974,37.435],[37.886,37.351],[37.841,37.268],[37.844,37.187],[37.876,37.131],[37.868,37.078],[38.008,36.957],[38.026,36.836]]}},{"type":"Feature","properties":{"name":"Huang","rank":3},"geometry":{"type":"LineString","coordinates":[[97.763,35.088],[97.733,35.055],[97.697,34.92],[97.546,34.876]]}},{"type":"Feature","properties":{"name":"Huang","rank":3},"geometry":{"type":"LineString","coordinates":[[97.288,34.835],[97.234,34.907],[97.124,34.943],[97.072,34.931]]}},{"type":"Feature","properties":{"name":"Huang","rank":3},"geometry":{"type":"LineString","coordinates":[[96.164,35.13],[96.249,35.109],[96.483,35.106],[96.655,35.05],[96.811,35.061],[96.89,35.007],[96.975,34.992],[96.995,34.948],[97.072,34.931]]}},{"type":"Feature","properties":{"name":"Huang","rank":3},"geometry":{"type":"LineString","coordinates":[[97.763,35.088],[97.849,35.112],[97.992,35.081],[98.124,34.937],[98.137,34.893],[98.264,34.861],[98.378,34.815],[98.396,34.774],[98.401,34.649],[98.327,34.598],[98.466,34.492],[98.515,34.401],[98.627,34.357],[98.71,34.355],[98.734,34.458],[98.868,34.479],[99.053,34.411],[99.07,34.362],[99.037,34.254],[99.074,34.146],[99.049,34.071],[99.111,33.913],[99.172,33.876],[99.248,33.784],[99.323,33.743],[99.377,33.753],[99.378,33.814],[99.422,33.828],[99.525,33.803],[99.542,33.773],[99.646,33.766],[99.703,33.807],[99.771,33.8],[99.999,33.676],[100.08,33.588],[100.149,33.574],[100.238,33.633],[100.317,33.746],[100.375,33.763],[100.48,33.83],[100.565,33.855],[100.632,33.91],[100.7,33.93],[100.782,33.924],[100.913,33.759],[101.017,33.73],[101.034,33.791],[101.018,33.872],[101.112,33.862],[101.183,33.786],[101.288,33.711],[101.323,33.718],[101.454,33.684],[101.509,33.705],[101.619,33.67],[101.737,33.683],[101.838,33.606],[101.893,33.526],[101.889,33.489],[102.009,33.376],[102.166,33.333],[102.267,33.419],[102.386,33.41],[102.482,33.465],[102.482,33.54],[102.356,33.609],[102.324,33.653],[102.343,33.725],[102.194,33.919],[102.133,33.965],[102.05,33.958],[101.986,34],[101.913,33.999],[101.729,34.109],[101.647,34.136],[101.611,34.191],[101.323,34.259],[101.234,34.301],[101.14,34.5],[101.061,34.506],[101.002,34.547],[100.929,34.552],[100.871,34.709],[100.697,34.671],[100.618,34.691],[100.495,34.805],[100.336,34.834],[100.255,35.027],[100.247,35.174],[100.22,35.241],[100.271,35.295],[100.205,35.331],[100.191,35.402],[100.131,35.467],[100.208,35.574],[100.296,35.772],[100.411,35.796],[100.591,35.889],[100.728,36.001],[100.742,36.071],[100.816,36.132],[101.08,36.14],[101.191,36.088],[101.25,36.093],[101.392,36.051],[101.479,36.066],[101.697,36.184],[101.852,36.134],[102.016,35.992],[102.078,35.847],[102.122,35.827],[102.246,35.875],[102.417,35.888],[102.605,35.842],[102.735,35.83],[102.837,35.861],[103.009,35.826],[103.116,35.778],[103.304,35.864],[103.359,35.912],[103.215,35.957],[103.194,35.999],[103.261,36.066],[103.392,36.131],[103.455,36.189],[103.541,36.134],[103.634,36.148],[103.698,36.099],[103.876,36.065],[104.013,36.072],[104.048,36.137],[104.019,36.182],[104.127,36.244],[104.191,36.335],[104.26,36.379],[104.345,36.39],[104.42,36.451],[104.494,36.46],[104.608,36.529],[104.714,36.621],[104.719,36.697],[104.613,36.773],[104.592,36.833],[104.528,36.872],[104.393,36.906],[104.336,36.901],[104.337,37.007],[104.298,37.067],[104.306,37.157],[104.493,37.209],[104.578,37.324],[104.857,37.408],[104.939,37.409],[105.102,37.475],[105.275,37.494],[105.548,37.498],[105.889,37.599],[105.94,37.688],[105.963,37.816],[105.993,37.885],[106.071,37.954],[106.14,37.983],[106.221,38.082],[106.278,38.233],[106.408,38.362],[106.517,38.427],[106.573,38.527],[106.521,38.584],[106.594,38.666],[106.573,38.71],[106.666,38.82],[106.718,38.858],[106.84,38.988],[106.882,39.105],[106.808,39.199],[106.809,39.309],[106.759,39.385],[106.752,39.466],[106.785,39.675],[106.745,39.855],[106.71,39.899],[106.738,39.972],[106.709,40.038],[106.859,40.18],[107.015,40.269],[107.058,40.333],[107.128,40.352],[107.159,40.402],[107.142,40.454],[107.214,40.499],[107.212,40.583],[107.271,40.638],[107.395,40.661],[107.514,40.739],[107.711,40.787],[107.758,40.859],[107.862,40.87],[107.916,40.85],[108.087,40.848],[108.173,40.88],[108.241,40.814],[108.438,40.817],[108.528,40.74],[108.591,40.662],[108.83,40.543],[109,40.526],[109.037,40.549],[109.185,40.521],[109.222,40.492],[109.397,40.468],[109.447,40.521],[109.608,40.551],[109.665,40.497],[109.738,40.492],[109.911,40.523],[110.024,40.523],[110.11,40.502],[110.212,40.537],[110.246,40.474],[110.347,40.453],[110.43,40.388],[110.507,40.381],[110.606,40.317],[110.658,40.322],[110.88,40.255],[111.061,40.267],[111.303,40.156],[111.397,40.048],[111.437,39.917],[111.365,39.778],[111.37,39.722],[111.418,39.684],[111.421,39.522],[111.342,39.444],[111.199,39.427],[111.11,39.385],[111.225,39.31],[111.118,39.067],[110.995,39.004],[111.004,38.916],[110.98,38.817],[110.872,38.621],[110.899,38.545],[110.853,38.457],[110.774,38.426],[110.671,38.317],[110.579,38.287],[110.559,38.217],[110.511,38.202],[110.5,38.09],[110.515,37.955],[110.589,37.919],[110.653,37.813],[110.753,37.746],[110.779,37.678],[110.789,37.561],[110.746,37.48],[110.63,37.397],[110.687,37.357],[110.665,37.282],[110.528,37.144],[110.46,37.051],[110.389,37.022],[110.418,36.967],[110.395,36.907],[110.397,36.781],[110.421,36.693],[110.483,36.593],[110.496,36.484],[110.459,36.349],[110.473,36.264],[110.447,36.142],[110.497,35.98],[110.511,35.887],[110.56,35.849],[110.575,35.712],[110.62,35.597],[110.556,35.508],[110.547,35.438],[110.496,35.404],[110.425,35.294],[110.335,35.198],[110.259,34.945],[110.272,34.881],[110.237,34.801],[110.252,34.663],[110.27,34.637]]}},{"type":"Feature","properties":{"name":"Huang","rank":3},"geometry":{"type":"LineString","coordinates":[[97.288,34.835],[97.406,34.818],[97.485,34.871],[97.547,34.876]]}},{"type":"Feature","properties":{"name":"Abay","rank":3},"geometry":{"type":"LineString","coordinates":[[37.113,11.855],[37.13,11.897],[37.258,11.927],[37.346,11.858],[37.381,11.751],[37.387,11.634],[37.387,11.632]]}},{"type":"Feature","properties":{"name":"Abay","rank":3},"geometry":{"type":"LineString","coordinates":[[37.179,11.036],[37.099,11.093],[37.046,11.19],[36.995,11.214],[36.963,11.265],[37.017,11.432],[36.998,11.494],[37.11,11.648],[37.175,11.769],[37.115,11.809],[37.113,11.855]]}},{"type":"Feature","properties":{"name":"Volga","rank":3},"geometry":{"type":"LineString","coordinates":[[43.432,56.675],[43.314,56.753],[43.203,56.998],[43.092,57.1],[43.079,57.174],[43.178,57.329],[43.127,57.381],[43,57.382]]}},{"type":"Feature","properties":{"name":"Volga","rank":3},"geometry":{"type":"LineString","coordinates":[[45.195,56.142],[45.291,56.141],[45.434,56.09],[45.513,56.163],[45.702,56.149],[45.812,56.212],[45.882,56.214],[45.968,56.141],[46.078,56.183],[46.174,56.252],[46.591,56.361],[46.686,56.342],[46.899,56.166],[47.463,56.157]]}},{"type":"Feature","properties":{"name":"Volga","rank":3},"geometry":{"type":"LineString","coordinates":[[49.059,55.483],[49.246,55.264],[49.36,55.152],[49.1,55.055],[48.972,55.025],[48.891,54.97],[48.913,54.867],[48.867,54.648],[48.75,54.57],[48.593,54.549],[48.49,54.482],[48.444,54.345],[48.461,54.213],[48.699,54.094],[48.853,53.998],[48.989,53.858],[48.985,53.608],[49.069,53.494],[49.262,53.463],[49.531,53.471],[49.905,53.457]]}},{"type":"Feature","properties":{"name":"Volga","rank":3},"geometry":{"type":"LineString","coordinates":[[48.662,53.138],[48.541,53.129],[48.482,53.067],[48.497,52.995],[48.592,52.92],[48.54,52.83],[48.422,52.771],[48.387,52.718],[48.249,52.623],[48.213,52.516],[48.076,52.291],[47.971,52.162],[47.839,52.124],[47.769,52.074]]}},{"type":"Feature","properties":{"name":"Volga","rank":3},"geometry":{"type":"LineString","coordinates":[[45.664,50.222],[45.873,50.372],[45.858,50.467],[45.682,50.622],[45.678,50.73],[45.737,50.761],[45.956,50.803],[46.054,50.888],[46.013,50.954],[45.99,51.055],[45.835,51.152],[45.837,51.295],[45.967,51.402],[45.983,51.486],[46.152,51.547],[46.332,51.754],[46.483,51.784],[46.558,51.755],[46.777,51.741]]}},{"type":"Feature","properties":{"name":"Volga","rank":3},"geometry":{"type":"LineString","coordinates":[[43.432,56.675],[43.74,56.433],[43.884,56.402],[43.987,56.335],[44.079,56.33],[44.19,56.273],[44.222,56.179],[44.393,56.168],[44.589,56.07],[44.716,56.064],[44.848,56.098],[45.1,56.101],[45.195,56.142]]}},{"type":"Feature","properties":{"name":"Volga","rank":3},"geometry":{"type":"LineString","coordinates":[[47.463,56.157],[47.829,56.145],[47.905,56.114],[47.973,55.973],[48.024,55.937],[48.359,55.828],[48.674,55.809],[48.984,55.763],[49.015,55.707],[49.004,55.626],[49.059,55.483]]}},{"type":"Feature","properties":{"name":"Volga","rank":3},"geometry":{"type":"LineString","coordinates":[[49.905,53.457],[50.047,53.471],[50.149,53.374],[50.169,53.257],[49.956,53.174],[49.861,53.218],[49.75,53.215],[49.615,53.158],[49.429,53.137],[49.344,53.214],[49.289,53.226],[49.018,53.232],[48.808,53.164],[48.662,53.138]]}},{"type":"Feature","properties":{"name":"Volga","rank":3},"geometry":{"type":"LineString","coordinates":[[47.769,52.074],[47.712,52.037],[47.495,52.073],[47.438,52.061],[47.18,51.953],[47.073,51.92],[47.02,51.865],[46.777,51.741]]}},{"type":"Feature","properties":{"name":"Volga","rank":3},"geometry":{"type":"LineString","coordinates":[[45.664,50.222],[45.448,50.105],[45.361,49.959],[45.355,49.783],[45.27,49.689],[45.153,49.59],[45.034,49.413],[44.962,49.259],[44.969,49.155],[44.828,49.005],[44.719,48.922],[44.631,48.769],[44.518,48.689],[44.461,48.585],[44.544,48.524],[44.672,48.529],[44.728,48.492],[44.999,48.426],[45.202,48.458],[45.368,48.405],[45.441,48.478],[45.638,48.424],[45.718,48.376],[45.831,48.369],[45.957,48.322],[45.996,48.253],[46.077,48.236],[46.167,48.149],[46.129,48.078],[46.142,47.936],[46.248,47.885],[46.346,47.863],[46.364,47.782],[46.525,47.759],[46.612,47.656],[46.689,47.609],[46.838,47.451],[46.984,47.425],[47.081,47.337],[47.076,47.213],[47.192,47.183],[47.428,47.02],[47.504,47.015],[47.589,46.971],[47.564,46.873],[47.643,46.838],[47.741,46.843],[47.776,46.774],[47.842,46.735]]}},{"type":"Feature","properties":{"name":"Volga","rank":3},"geometry":{"type":"LineString","coordinates":[[47.842,46.735],[47.981,46.73],[48.199,46.67],[48.268,46.511],[48.266,46.423],[48.459,46.334],[48.583,46.111],[48.627,46.087]]}},{"type":"Feature","properties":{"name":"Volga","rank":3},"geometry":{"type":"LineString","coordinates":[[47.842,46.735],[47.909,46.603],[47.996,46.546],[48.015,46.504],[47.971,46.442],[48.021,46.384],[47.9,46.214],[47.741,46.075],[47.718,46],[47.644,45.961],[47.633,45.834],[47.539,45.807],[47.556,45.766]]}},{"type":"Feature","properties":{"name":"Kama","rank":6},"geometry":{"type":"LineString","coordinates":[[56.433,59.905],[56.434,59.883]]}},{"type":"Feature","properties":{"name":"Kama","rank":6},"geometry":{"type":"LineString","coordinates":[[56.434,59.883],[56.364,59.923]]}},{"type":"Feature","properties":{"name":"Kama","rank":6},"geometry":{"type":"LineString","coordinates":[[56.309,58.059],[56.358,58.244],[56.248,58.304],[56.43,58.385],[56.359,58.465],[56.225,58.541],[56.095,58.572],[56.089,58.655],[56.236,58.756],[56.268,58.845],[56.233,58.926],[56.254,58.988],[56.171,59.07],[56.24,59.25],[56.461,59.314],[56.575,59.333],[56.678,59.389],[56.666,59.502],[56.689,59.593],[56.573,59.792],[56.434,59.883]]}},{"type":"Feature","properties":{"name":"Kama","rank":6},"geometry":{"type":"LineString","coordinates":[[55.247,57.874],[55.212,57.832],[55.397,57.741],[55.378,57.616],[55.525,57.577],[55.544,57.532],[55.494,57.437],[55.535,57.334],[55.314,57.298],[55.136,57.342],[55.051,57.332],[55.017,57.18],[54.979,57.114],[54.67,57.042],[54.502,57.066],[54.379,56.998],[54.222,56.979],[54.167,56.942],[54.145,56.842],[54.088,56.771]]}},{"type":"Feature","properties":{"name":"Kama","rank":6},"geometry":{"type":"LineString","coordinates":[[53.539,55.94],[53.499,55.893],[53.286,55.852],[53.094,55.864],[52.917,55.926],[52.658,55.959],[52.53,55.863],[52.318,55.863],[52.344,55.714],[52.277,55.696]]}},{"type":"Feature","properties":{"name":"Kama","rank":6},"geometry":{"type":"LineString","coordinates":[[51.998,55.723],[51.881,55.674],[51.729,55.691],[51.69,55.617],[51.513,55.583],[51.472,55.481],[51.313,55.477],[51.242,55.514],[51.033,55.462],[50.874,55.495],[50.791,55.487],[50.657,55.404],[50.473,55.411],[50.37,55.378],[50.245,55.406],[50.137,55.399],[50.019,55.356],[49.888,55.347],[49.695,55.294],[49.599,55.284],[49.416,55.197],[49.36,55.152]]}},{"type":"Feature","properties":{"name":"Kama","rank":6},"geometry":{"type":"LineString","coordinates":[[53.694,58.206],[53.677,58.273],[53.552,58.394],[53.429,58.435],[53.523,58.558],[53.381,58.672],[53.351,58.747],[53.191,58.861],[53.239,59.011],[53.219,59.099],[53.091,59.145],[53.003,59.209],[52.866,59.402],[52.903,59.471],[52.772,59.511],[52.636,59.58],[52.6,59.706],[52.79,59.727],[52.926,59.866],[52.975,59.956],[53.427,60.058],[53.526,60.139],[53.784,60.204],[54.006,60.334],[54.267,60.361],[54.371,60.289],[54.521,60.239],[55.035,60.226],[55.118,60.185],[55.27,60.241],[55.571,60.311],[55.642,60.368],[55.715,60.485],[55.873,60.5],[56.11,60.424],[56.165,60.334],[56.144,60.176],[56.268,60.15],[56.299,60.052],[56.287,59.964],[56.364,59.923]]}},{"type":"Feature","properties":{"name":"Kama","rank":6},"geometry":{"type":"LineString","coordinates":[[56.309,58.059],[56.201,58.028],[56.014,58.025],[55.891,57.949],[55.795,57.98],[55.788,58.059],[55.661,58.069],[55.623,57.998],[55.475,57.896],[55.44,57.825],[55.247,57.874]]}},{"type":"Feature","properties":{"name":"Kama","rank":6},"geometry":{"type":"LineString","coordinates":[[54.088,56.771],[53.949,56.74],[53.898,56.823],[53.831,56.839],[53.743,56.794],[53.8,56.528],[53.858,56.406],[54.035,56.343],[54.178,56.217],[54.047,56.058],[53.949,56.022],[53.774,56.051],[53.539,55.94]]}},{"type":"Feature","properties":{"name":"Kama","rank":6},"geometry":{"type":"LineString","coordinates":[[52.277,55.696],[52.122,55.69],[51.998,55.723]]}},{"type":"Feature","properties":{"name":"Al Furat","rank":3},"geometry":{"type":"LineString","coordinates":[[38.561,35.863],[38.56,35.863],[38.46,35.859],[38.175,35.973],[38.085,36.054],[38.066,36.148],[38.12,36.225],[38.189,36.265],[38.184,36.342]]}},{"type":"Feature","properties":{"name":"Al Furat","rank":3},"geometry":{"type":"LineString","coordinates":[[38.026,36.836],[38.032,36.781],[38.098,36.679],[38.21,36.648],[38.293,36.528],[38.256,36.463],[38.203,36.439],[38.184,36.342]]}},{"type":"Feature","properties":{"name":"Al Furat","rank":3},"geometry":{"type":"LineString","coordinates":[[38.56,35.863],[38.741,35.853],[38.735,35.902],[38.813,35.932],[39.009,35.932],[39.088,35.884],[39.244,35.86],[39.278,35.831],[39.396,35.85],[39.4,35.811],[39.622,35.795],[39.743,35.732],[39.814,35.726],[39.828,35.634],[39.889,35.589],[39.917,35.527],[40.059,35.461],[40.077,35.418],[40.17,35.327],[40.272,35.299],[40.404,35.219],[40.445,35.039],[40.556,34.958],[40.638,34.797],[40.698,34.781],[40.767,34.718],[40.804,34.729],[40.839,34.65],[40.927,34.618],[40.941,34.458],[40.993,34.428]]}},{"type":"Feature","properties":{"name":"Kagera","rank":1},"geometry":{"type":"LineString","coordinates":[[29.594,-2.984],[29.689,-3.014],[29.731,-3.053],[29.825,-3.041],[29.904,-3.068],[29.891,-3.149],[29.961,-3.16],[30.015,-3.232],[30.018,-3.278],[29.98,-3.334],[30.031,-3.354],[30.176,-3.304],[30.33,-3.149],[30.415,-3.011],[30.488,-2.943],[30.415,-2.851],[30.45,-2.742],[30.58,-2.597],[30.688,-2.57],[30.772,-2.492],[30.782,-2.375],[30.834,-2.345],[30.844,-2.238],[30.887,-2.082],[30.83,-1.96],[30.816,-1.884],[30.837,-1.837],[30.824,-1.73],[30.83,-1.594],[30.791,-1.591],[30.733,-1.476],[30.737,-1.407],[30.632,-1.368],[30.555,-1.318],[30.556,-1.281],[30.511,-1.17],[30.465,-1.149],[30.453,-1.097],[30.511,-1.073],[30.638,-1.073],[30.687,-1.025],[30.777,-0.986],[30.907,-1.022],[30.994,-1.109],[31.047,-1.183],[31.117,-1.168],[31.184,-1.179],[31.282,-1.242],[31.439,-1.226],[31.47,-1.198],[31.536,-1.21],[31.574,-1.19],[31.604,-1.029],[31.768,-0.936]]}},{"type":"Feature","properties":{"name":"Zambezi","rank":3},"geometry":{"type":"LineString","coordinates":[[32.708,-15.579],[32.708,-15.58],[32.589,-15.553],[32.502,-15.572],[32.427,-15.561],[32.366,-15.596],[32.14,-15.645],[32.043,-15.677],[31.884,-15.629],[31.64,-15.68],[31.583,-15.649],[31.504,-15.638],[31.344,-15.648],[31.254,-15.696],[31.154,-15.725],[30.83,-15.641],[30.796,-15.642]]}},{"type":"Feature","properties":{"name":"Zambezi","rank":3},"geometry":{"type":"LineString","coordinates":[[27.021,-17.958],[27.148,-17.842],[27.157,-17.769],[27.422,-17.505],[27.577,-17.363],[27.641,-17.198],[27.777,-17.001],[27.868,-16.93],[28.113,-16.827],[28.28,-16.706],[28.643,-16.569],[28.732,-16.558],[28.761,-16.532]]}},{"type":"Feature","properties":{"name":"Zambezi","rank":3},"geometry":{"type":"LineString","coordinates":[[24.266,-11.379],[24.33,-11.324],[24.348,-11.243],[24.323,-11.134],[24.272,-11.085],[24.131,-11.125],[23.982,-11.127],[23.913,-11.202],[23.868,-11.214],[23.693,-11.375],[23.621,-11.421],[23.434,-11.48],[23.285,-11.626],[23.204,-11.636],[23.052,-11.759],[22.91,-11.851],[22.786,-11.891],[22.718,-11.972],[22.693,-12.104],[22.665,-12.16],[22.557,-12.258],[22.522,-12.358],[22.559,-12.462],[22.54,-12.61],[22.565,-12.7],[22.634,-12.784],[22.703,-12.928],[22.676,-13.04],[22.716,-13.134],[22.857,-13.205],[22.946,-13.276],[22.971,-13.323],[23.034,-13.359],[23.081,-13.511],[23.11,-13.553],[23.134,-13.651],[23.168,-13.716],[23.239,-13.757],[23.197,-13.859],[23.223,-13.912],[23.237,-14.058],[23.189,-14.127],[23.191,-14.254],[23.223,-14.332],[23.223,-14.395],[23.176,-14.429],[23.163,-14.492],[23.066,-14.638],[23.068,-14.693],[22.977,-14.898],[22.944,-15.019],[22.953,-15.089],[22.928,-15.186],[22.991,-15.292],[22.99,-15.339],[23.039,-15.368],[23.077,-15.426],[23.119,-15.441],[23.118,-15.518],[23.142,-15.604],[23.091,-15.672],[23.121,-15.692],[23.162,-15.82],[23.207,-15.859],[23.245,-15.982],[23.23,-16.011],[23.285,-16.098],[23.276,-16.303],[23.315,-16.389],[23.355,-16.401],[23.415,-16.471],[23.488,-16.588],[23.58,-16.67],[23.621,-16.67],[23.863,-16.881],[23.906,-16.933],[23.971,-16.971],[24.035,-17.047],[24.098,-17.2],[24.149,-17.266],[24.161,-17.357],[24.23,-17.435],[24.238,-17.478],[24.321,-17.489],[24.407,-17.475],[24.591,-17.528],[24.684,-17.492],[24.898,-17.531],[24.958,-17.552],[25.138,-17.686],[25.19,-17.755],[25.242,-17.77],[25.335,-17.841],[25.495,-17.855],[25.681,-17.811],[25.849,-17.907],[25.863,-17.972],[25.978,-17.999],[26.203,-17.887],[26.325,-17.936],[26.408,-17.939],[26.57,-18.003],[26.612,-18.041],[26.711,-18.066],[26.888,-17.984],[27.021,-17.958]]}},{"type":"Feature","properties":{"name":"Zambezi","rank":3},"geometry":{"type":"LineString","coordinates":[[32.708,-15.58],[32.745,-15.555],[32.85,-15.556],[32.998,-15.588],[33.04,-15.673],[33.119,-15.771],[33.239,-15.823],[33.389,-15.984],[33.457,-16.026],[33.511,-16.134],[33.589,-16.159],[33.784,-16.388],[33.823,-16.423],[33.916,-16.555],[34.001,-16.592],[34.017,-16.629],[34.136,-16.641],[34.22,-16.699],[34.408,-16.731],[34.671,-16.87],[34.77,-16.902],[34.861,-16.975],[34.908,-17.115],[34.967,-17.221],[35.085,-17.492],[35.105,-17.568],[35.221,-17.668],[35.343,-17.74],[35.423,-17.82],[35.44,-17.889],[35.526,-17.98],[35.614,-18.034]]}},{"type":"Feature","properties":{"name":"Zambezi","rank":3},"geometry":{"type":"LineString","coordinates":[[28.761,-16.532],[28.822,-16.471],[28.857,-16.388],[28.84,-16.285],[28.87,-16.087],[28.86,-16.049],[28.932,-15.964],[29.042,-15.946],[29.102,-15.871],[29.186,-15.813],[29.407,-15.714],[29.508,-15.704],[29.587,-15.656],[29.648,-15.666],[29.837,-15.615],[30.01,-15.646],[30.129,-15.624],[30.207,-15.653],[30.254,-15.629],[30.328,-15.652],[30.47,-15.63],[30.577,-15.656],[30.687,-15.622],[30.796,-15.642]]}},{"type":"Feature","properties":{"name":"Zambezi","rank":3},"geometry":{"type":"LineString","coordinates":[[35.614,-18.034],[35.725,-18.051],[35.851,-18.129],[35.84,-18.15],[35.913,-18.263],[36.017,-18.308],[36.088,-18.369],[36.149,-18.521],[36.158,-18.592],[36.119,-18.615],[36.13,-18.72],[36.192,-18.76],[36.134,-18.808]]}},{"type":"Feature","properties":{"name":"Zambezi","rank":3},"geometry":{"type":"LineString","coordinates":[[35.614,-18.034],[35.757,-18.081]]}},{"type":"Feature","properties":{"name":"Zambezi","rank":3},"geometry":{"type":"LineString","coordinates":[[36.072,-18.348],[36.186,-18.369],[36.299,-18.5],[36.318,-18.486],[36.47,-18.561]]}},{"type":"Feature","properties":{"name":"Shire","rank":3},"geometry":{"type":"LineString","coordinates":[[35.257,-14.504],[35.241,-14.691],[35.278,-14.758]]}},{"type":"Feature","properties":{"name":"Shire","rank":3},"geometry":{"type":"LineString","coordinates":[[35.257,-14.504],[35.264,-14.449],[35.236,-14.401]]}},{"type":"Feature","properties":{"name":"Shire","rank":3},"geometry":{"type":"LineString","coordinates":[[35.278,-14.758],[35.315,-14.872],[35.299,-14.975],[35.243,-15.04],[35.181,-15.223],[35.095,-15.315],[34.948,-15.368],[34.895,-15.419],[34.843,-15.546],[34.777,-15.582],[34.765,-15.673],[34.736,-15.703],[34.754,-15.85],[34.781,-15.963],[34.825,-16.073],[34.921,-16.176],[34.937,-16.25],[34.918,-16.296],[34.938,-16.371],[35.086,-16.455],[35.174,-16.625],[35.216,-16.639],[35.278,-16.701],[35.285,-16.871],[35.276,-16.955],[35.314,-16.982],[35.296,-17.145],[35.301,-17.26],[35.336,-17.368],[35.326,-17.704]]}},{"type":"Feature","properties":{"name":"Amur","rank":3},"geometry":{"type":"LineString","coordinates":[[140.114,51.764],[139.898,51.589],[139.858,51.579]]}},{"type":"Feature","properties":{"name":"Amur","rank":3},"geometry":{"type":"LineString","coordinates":[[137.07,50.454],[137.094,50.22],[137.004,50.159],[136.87,50.102],[136.814,50.018],[136.757,49.88],[136.765,49.8],[136.811,49.759]]}},{"type":"Feature","properties":{"name":"Amur","rank":3},"geometry":{"type":"LineString","coordinates":[[140.707,53.111],[140.594,53.084],[140.502,53.111],[140.338,53.201],[140.263,53.222],[139.916,53.213],[139.87,53.188],[139.832,53.084],[139.712,52.985],[139.753,52.925],[140,52.837],[140.111,52.747],[140.088,52.693],[140.128,52.627],[140.304,52.583],[140.432,52.443],[140.449,52.334],[140.401,52.27],[140.361,52.151],[140.31,52.135],[140.174,52.027],[140.165,51.994],[140.242,51.86],[140.225,51.82],[140.114,51.764]]}},{"type":"Feature","properties":{"name":"Amur","rank":3},"geometry":{"type":"LineString","coordinates":[[139.858,51.579],[139.652,51.537],[139.539,51.537],[139.481,51.507],[139.426,51.421],[139.235,51.358],[139.178,51.354],[139.011,51.389],[138.932,51.38],[138.888,51.274],[138.675,51.207],[138.555,51.119],[138.45,51.101],[138.276,50.971],[138.183,50.937],[138.138,50.876],[138.039,50.855],[137.918,50.762],[137.688,50.689],[137.368,50.671],[137.233,50.64],[137.046,50.495],[137.07,50.454]]}},{"type":"Feature","properties":{"name":"Amur","rank":3},"geometry":{"type":"LineString","coordinates":[[136.811,49.759],[136.853,49.719],[136.837,49.576],[136.766,49.515],[136.531,49.466],[136.435,49.419],[136.42,49.356],[136.343,49.255],[136.269,49.213],[136.303,49.09],[136.277,49.044],[136.15,48.965],[136.008,48.94],[135.912,48.835],[135.818,48.817],[135.754,48.753],[135.647,48.746],[135.547,48.777],[135.374,48.736],[135.273,48.746],[135.046,48.635],[134.997,48.549],[135.05,48.459],[135.019,48.433],[134.884,48.424],[134.769,48.374],[134.598,48.416],[134.505,48.414],[134.367,48.377],[134.206,48.36],[134.025,48.315],[133.982,48.285],[133.721,48.245],[133.605,48.172],[133.56,48.114],[133.463,48.09],[133.185,48.125],[133.092,48.107],[133.024,48.053],[132.941,48.027],[132.775,47.934],[132.674,47.951],[132.659,47.87],[132.573,47.789],[132.524,47.708],[132.332,47.737],[132.161,47.69],[132.025,47.698],[131.894,47.67],[131.683,47.695],[131.577,47.669],[131.475,47.735],[131.418,47.743],[131.21,47.709],[131.129,47.682],[131.023,47.683],[130.942,47.718],[130.941,47.821],[130.907,47.884],[130.682,48.051],[130.663,48.117],[130.752,48.19],[130.819,48.282],[130.715,48.499],[130.639,48.477],[130.607,48.577],[130.533,48.636],[130.674,48.871],[130.565,48.856],[130.386,48.897],[130.249,48.865],[129.913,49.04],[129.92,49.082],[129.841,49.109],[129.824,49.174],[129.755,49.185],[129.711,49.274],[129.572,49.28],[129.539,49.304],[129.502,49.411],[129.403,49.431],[129.362,49.35],[129.316,49.344],[129.194,49.39],[129.136,49.354],[129.05,49.377],[129.014,49.431],[128.879,49.48],[128.786,49.466],[128.797,49.573],[128.666,49.61],[128.383,49.58],[128.344,49.548],[128.092,49.542],[127.991,49.599],[127.831,49.594],[127.722,49.649],[127.644,49.767],[127.508,49.823],[127.534,49.923],[127.486,50.026],[127.57,50.13],[127.59,50.209]]}},{"type":"Feature","properties":{"name":"Blue Nile","rank":3},"geometry":{"type":"LineString","coordinates":[[34.38,11.783],[34.38,11.691],[34.419,11.591],[34.683,11.388],[34.721,11.329],[34.778,11.296]]}},{"type":"Feature","properties":{"name":"Blue Nile","rank":3},"geometry":{"type":"LineString","coordinates":[[34.38,11.783],[34.362,11.953],[34.317,12.062],[34.306,12.154],[34.349,12.225],[34.344,12.382],[34.244,12.467],[34.188,12.474],[34.147,12.515],[34.181,12.606],[34.137,12.654],[34.143,12.775],[34.065,12.836],[34.021,12.928],[33.987,12.962],[33.986,13.02],[33.943,13.071],[33.976,13.123],[33.953,13.211],[33.919,13.265],[33.791,13.331],[33.727,13.321],[33.662,13.419],[33.663,13.508],[33.626,13.578],[33.57,13.594],[33.619,13.673],[33.616,13.785],[33.599,13.852],[33.681,14.158],[33.61,14.211],[33.621,14.291],[33.549,14.35],[33.496,14.483],[33.459,14.5],[33.372,14.661],[33.338,14.751],[33.307,14.743],[33.249,14.879],[33.216,14.917],[33.215,15.031],[33.167,15.134],[33.113,15.175],[33.085,15.23],[33.003,15.286],[32.893,15.305],[32.788,15.357],[32.711,15.422],[32.701,15.476],[32.62,15.546],[32.557,15.627],[32.489,15.633]]}},{"type":"Feature","properties":{"name":"Blue Nile","rank":3},"geometry":{"type":"LineString","coordinates":[[35.351,10.149],[35.312,10.226],[35.33,10.309],[35.285,10.416],[35.274,10.498],[35.143,10.578],[35.136,10.637],[35.182,10.779],[35.201,10.893],[35.166,11.049],[35.193,11.108],[35.099,11.175],[35.065,11.233],[34.812,11.26],[34.778,11.296]]}},{"type":"Feature","properties":{"name":"Hailar","rank":3},"geometry":{"type":"LineString","coordinates":[[117.873,49.513],[117.874,49.468],[117.964,49.363],[118.06,49.307],[118.144,49.29],[118.273,49.396],[118.398,49.452],[118.565,49.39],[118.634,49.219],[118.943,49.22],[119.058,49.189],[119.204,49.211],[119.292,49.206],[119.368,49.26],[119.558,49.299],[119.754,49.274],[119.897,49.284],[120.158,49.228],[120.26,49.191],[120.426,49.252],[120.56,49.28],[120.659,49.329],[120.737,49.322],[120.889,49.365],[120.984,49.414],[121.107,49.423],[121.313,49.504],[121.624,49.642],[121.812,49.645],[121.978,49.692],[122.287,49.849]]}},{"type":"Feature","properties":{"name":"Orinoco","rank":3},"geometry":{"type":"LineString","coordinates":[[-62.326,9.721],[-62.379,9.616],[-62.44,9.541],[-62.396,9.481],[-62.387,9.417],[-62.321,9.357],[-62.318,9.274],[-62.245,9.231],[-62.206,9.141],[-62.147,9.129],[-62.053,9.055],[-62.088,8.968],[-62.013,8.855],[-62.059,8.808],[-62.069,8.748],[-62.137,8.673]]}},{"type":"Feature","properties":{"name":"Orinoco","rank":3},"geometry":{"type":"LineString","coordinates":[[-62.044,9.055],[-62.02,9.096],[-61.884,9.184],[-61.886,9.291],[-61.864,9.31],[-61.818,9.446],[-61.77,9.511],[-61.743,9.603]]}},{"type":"Feature","properties":{"name":"Orinoco","rank":3},"geometry":{"type":"LineString","coordinates":[[-61.106,8.945],[-61.29,8.843],[-61.424,8.751],[-61.477,8.743],[-61.51,8.672],[-61.599,8.624]]}},{"type":"Feature","properties":{"name":"Orinoco","rank":3},"geometry":{"type":"LineString","coordinates":[[-61.65,8.603],[-61.781,8.62],[-61.86,8.612],[-61.93,8.575],[-62.017,8.626],[-62.137,8.673]]}},{"type":"Feature","properties":{"name":"Orinoco","rank":3},"geometry":{"type":"LineString","coordinates":[[-63.436,2.374],[-63.514,2.379],[-63.614,2.31],[-63.633,2.323],[-63.745,2.26],[-63.77,2.177],[-63.82,2.153],[-64.032,2.153],[-64.05,2.182],[-64.148,2.228],[-64.203,2.224],[-64.306,2.256],[-64.381,2.303],[-64.509,2.26],[-64.528,2.289],[-64.749,2.379],[-64.86,2.398],[-64.943,2.436],[-65.022,2.436],[-65.05,2.473],[-65.136,2.52],[-65.193,2.522],[-65.209,2.572],[-65.176,2.71],[-65.26,2.876],[-65.348,2.922],[-65.443,3.046],[-65.467,3.105],[-65.56,3.155],[-65.669,3.162],[-65.803,3.142],[-65.875,3.175],[-65.926,3.142],[-65.999,3.169],[-66.025,3.151],[-66.019,3.032],[-66.048,3.013],[-66.156,3.038],[-66.328,3.038],[-66.37,3.056],[-66.427,3.123],[-66.515,3.164],[-66.551,3.208],[-66.56,3.279],[-66.594,3.358],[-66.666,3.414],[-66.751,3.558],[-66.801,3.606],[-66.901,3.653],[-66.972,3.711],[-67.013,3.772],[-67.013,3.852],[-66.989,3.892],[-67.04,3.957],[-67.202,3.943],[-67.263,3.954],[-67.379,3.943],[-67.45,3.963],[-67.506,4.017],[-67.638,4.028],[-67.732,4.086],[-67.787,4.173],[-67.806,4.269],[-67.783,4.339],[-67.83,4.492],[-67.866,4.512],[-67.841,4.712],[-67.814,4.841],[-67.828,4.872],[-67.794,5.064],[-67.825,5.111],[-67.814,5.187],[-67.844,5.297],[-67.811,5.379],[-67.648,5.484],[-67.615,5.554],[-67.65,5.656],[-67.642,5.745],[-67.602,5.821],[-67.486,5.944],[-67.436,5.968],[-67.429,6.039],[-67.492,6.115],[-67.451,6.198],[-67.399,6.245],[-67.322,6.272],[-67.275,6.367],[-67.17,6.429],[-67.131,6.475],[-67.149,6.529],[-67.104,6.701],[-67.05,6.755],[-67.062,6.851],[-67.035,6.913],[-67.09,7.066],[-66.995,7.157],[-66.931,7.17],[-66.795,7.259],[-66.596,7.339],[-66.482,7.502],[-66.441,7.58],[-66.371,7.64],[-66.216,7.641],[-66.131,7.684],[-65.984,7.669],[-65.94,7.679],[-65.834,7.757],[-65.747,7.855],[-65.648,7.9],[-65.543,7.9],[-65.473,7.867],[-65.307,7.876],[-65.104,7.834],[-64.996,7.771],[-64.857,7.66],[-64.82,7.667],[-64.62,7.774],[-64.523,7.774],[-64.482,7.843],[-64.546,7.897],[-64.524,7.996],[-64.45,7.991],[-64.353,8.009],[-64.283,8.081],[-64.232,8.071],[-64.139,7.974],[-63.961,7.974],[-63.877,8.027],[-63.84,8.11],[-63.761,8.121],[-63.683,8.158],[-63.492,8.146],[-63.416,8.213],[-63.331,8.214],[-63.272,8.271],[-63.175,8.313],[-63.076,8.32],[-62.977,8.309],[-62.937,8.27],[-62.879,8.274],[-62.758,8.38],[-62.678,8.39],[-62.527,8.513],[-62.436,8.514],[-62.31,8.593],[-62.209,8.605],[-62.137,8.673]]}},{"type":"Feature","properties":{"name":"Weir","rank":3},"geometry":{"type":"LineString","coordinates":[[151.863,-28.739],[151.704,-28.788],[151.634,-28.893],[151.561,-28.939],[151.52,-29.027],[151.422,-29.155],[151.351,-29.165],[151.315,-29.099],[151.287,-28.921],[151.182,-28.857],[151.077,-28.837],[151.046,-28.735],[150.793,-28.635],[150.621,-28.659],[150.47,-28.65]]}},{"type":"Feature","properties":{"name":"Grande","rank":3},"geometry":{"type":"LineString","coordinates":[[-66.323,-17.577],[-66.234,-17.639],[-66.238,-17.704],[-66.137,-17.791],[-66.064,-17.813],[-65.986,-17.929],[-65.931,-17.984],[-65.843,-17.968],[-65.642,-18.129],[-65.596,-18.204],[-65.51,-18.267],[-65.436,-18.369],[-65.351,-18.41],[-65.337,-18.452],[-65.25,-18.53],[-65.245,-18.601],[-65.175,-18.612],[-65.094,-18.651],[-65.055,-18.644],[-65.025,-18.576],[-64.965,-18.531],[-64.839,-18.487],[-64.772,-18.521],[-64.703,-18.528],[-64.584,-18.661],[-64.482,-18.662],[-64.414,-18.61],[-64.37,-18.609],[-64.32,-18.679],[-64.289,-18.814],[-64.221,-18.866],[-64.199,-18.929],[-64.12,-18.955],[-64.065,-19],[-64.016,-19.161],[-63.94,-19.169],[-63.906,-19.129],[-63.873,-19.026],[-63.813,-19.035],[-63.751,-19.028]]}},{"type":"Feature","properties":{"name":"Grande","rank":3},"geometry":{"type":"LineString","coordinates":[[-63.758,-19.028],[-63.711,-19.027],[-63.648,-19.087],[-63.59,-19.092],[-63.558,-19.058],[-63.561,-18.978],[-63.516,-18.929],[-63.363,-18.887],[-63.302,-18.81],[-63.232,-18.791],[-63.137,-18.711],[-63.105,-18.643],[-63.056,-18.595],[-63.029,-18.523],[-62.973,-18.465],[-62.925,-18.366],[-62.886,-18.33],[-62.883,-18.23],[-62.85,-18.165],[-62.848,-18.107],[-62.8,-17.994],[-62.809,-17.92],[-62.782,-17.869],[-62.766,-17.753],[-62.788,-17.515],[-62.756,-17.45],[-62.748,-17.338],[-62.727,-17.268],[-62.764,-17.173],[-62.852,-17.153],[-62.901,-17.116],[-62.971,-17.106],[-63.026,-17.022],[-63.066,-16.915],[-63.069,-16.845],[-63.15,-16.743],[-63.232,-16.739],[-63.387,-16.675],[-63.548,-16.58],[-63.664,-16.531],[-63.754,-16.518],[-63.797,-16.434],[-63.875,-16.357],[-63.901,-16.259],[-63.961,-16.228],[-64.052,-16.211],[-64.169,-16.16],[-64.176,-16.095],[-64.327,-16.02],[-64.415,-15.957],[-64.472,-15.946],[-64.572,-15.885],[-64.664,-15.86]]}},{"type":"Feature","properties":{"name":"Negro","rank":3},"geometry":{"type":"LineString","coordinates":[[-70.336,2.058],[-70.252,2.062],[-70.127,2.107],[-70.041,2.08],[-69.877,2.139],[-69.784,2.124],[-69.702,2.186],[-69.589,2.175],[-69.339,2.292],[-69.216,2.278],[-69.192,2.261],[-69.071,2.249],[-68.993,2.209],[-68.865,2.225],[-68.75,2.216],[-68.647,2.357],[-68.554,2.408],[-68.485,2.391],[-68.406,2.324],[-68.329,2.292],[-68.251,2.356],[-68.241,2.493],[-68.143,2.58],[-68.065,2.598],[-68.055,2.658],[-67.932,2.734],[-67.917,2.776],[-67.824,2.828],[-67.752,2.842],[-67.691,2.807],[-67.627,2.814],[-67.588,2.758],[-67.576,2.691],[-67.486,2.662],[-67.326,2.475],[-67.198,2.402],[-67.174,2.337],[-67.218,2.285],[-67.17,2.141],[-67.122,2.119],[-67.115,2.031],[-67.136,2.003],[-67.068,1.894],[-66.982,1.666],[-66.979,1.6],[-66.934,1.502],[-66.933,1.425],[-66.883,1.326],[-66.902,1.289],[-66.855,1.178],[-66.861,1.089],[-66.842,1.048],[-66.855,0.955],[-66.943,0.886],[-67.01,0.91],[-67.094,0.88],[-67.141,0.918],[-67.216,0.868],[-67.243,0.787],[-67.231,0.653],[-67.254,0.558],[-67.315,0.452],[-67.315,0.37],[-67.29,0.29],[-67.263,0.073],[-67.209,-0.012],[-67.159,-0.026],[-67.108,-0.113],[-67.034,-0.175],[-66.968,-0.191],[-66.891,-0.157],[-66.758,-0.221],[-66.615,-0.332],[-66.516,-0.376],[-66.343,-0.402],[-66.241,-0.326],[-66.136,-0.314],[-66.038,-0.329],[-65.947,-0.312],[-65.897,-0.255],[-65.85,-0.252],[-65.738,-0.305],[-65.622,-0.301],[-65.556,-0.283],[-65.465,-0.305],[-65.392,-0.347],[-65.243,-0.408],[-65.048,-0.418],[-64.965,-0.465],[-64.91,-0.475],[-64.792,-0.435],[-64.647,-0.436],[-64.43,-0.367],[-64.286,-0.349],[-64.059,-0.297],[-63.78,-0.312],[-63.644,-0.36],[-63.405,-0.546],[-63.342,-0.579],[-63.146,-0.643],[-63.025,-0.702],[-62.976,-0.742],[-62.881,-0.88],[-62.83,-0.931],[-62.432,-1.146],[-62.19,-1.233],[-62.145,-1.271],[-61.969,-1.362],[-61.881,-1.389],[-61.778,-1.376],[-61.677,-1.432],[-61.571,-1.474],[-61.532,-1.571],[-61.463,-1.648],[-61.429,-1.752],[-61.439,-1.83],[-61.418,-1.873],[-61.323,-1.937],[-61.221,-2.025],[-61.118,-2.148],[-61.059,-2.254],[-61.027,-2.405],[-60.95,-2.513],[-60.78,-2.682],[-60.663,-2.775],[-60.517,-2.994],[-60.451,-3.049],[-60.366,-3.07],[-60.249,-3.067],[-60.177,-3.082],[-60.03,-3.16],[-59.96,-3.165],[-59.906,-3.127],[-59.905,-3.127]]}},{"type":"Feature","properties":{"name":"Kibali","rank":3},"geometry":{"type":"LineString","coordinates":[[30.371,2.333],[30.399,2.484],[30.428,2.539],[30.435,2.699],[30.384,2.812],[30.337,2.879],[30.07,2.883],[29.898,2.996],[29.797,3.024],[29.758,3.063],[29.605,3.081],[29.514,3.11],[29.494,3.188],[29.512,3.255],[29.487,3.299],[29.352,3.285],[29.3,3.304],[29.22,3.422],[29.13,3.51],[29.135,3.556],[29.081,3.612],[29.016,3.585],[28.932,3.58],[28.867,3.555],[28.83,3.584],[28.586,3.596]]}},{"type":"Feature","properties":{"name":"Madison","rank":1},"geometry":{"type":"LineString","coordinates":[[-111.098,44.759],[-111.219,44.775],[-111.31,44.873]]}},{"type":"Feature","properties":{"name":"Madison","rank":1},"geometry":{"type":"LineString","coordinates":[[-111.31,44.873],[-111.404,44.839],[-111.508,44.852],[-111.592,44.911],[-111.636,44.978],[-111.653,45.126],[-111.727,45.218],[-111.732,45.262],[-111.692,45.4],[-111.625,45.467],[-111.576,45.592],[-111.516,45.616],[-111.513,45.683],[-111.459,45.858],[-111.475,45.902],[-111.438,46.012],[-111.388,46.024],[-111.405,46.17],[-111.516,46.36]]}},{"type":"Feature","properties":{"name":"Madison","rank":1},"geometry":{"type":"LineString","coordinates":[[-110.744,44.727],[-110.808,44.66],[-111.05,44.677],[-111.098,44.759]]}},{"type":"Feature","properties":{"name":"Allegheny","rank":3},"geometry":{"type":"LineString","coordinates":[[-77.86,41.832],[-77.977,41.824],[-78.045,41.764],[-78.271,41.806],[-78.375,41.907],[-78.378,41.993],[-78.333,42.038],[-78.398,42.079],[-78.55,42.11],[-78.649,42.093],[-78.674,42.152],[-78.761,42.158],[-78.841,42.114],[-78.943,42.028],[-78.951,41.901],[-78.988,41.856],[-79.094,41.832],[-79.258,41.838],[-79.354,41.701],[-79.418,41.676],[-79.416,41.571],[-79.465,41.484],[-79.731,41.428],[-79.815,41.395],[-79.78,41.341],[-79.851,41.312],[-79.752,41.208],[-79.71,41.199],[-79.652,41.051],[-79.615,41.037],[-79.478,40.882],[-79.535,40.777],[-79.601,40.702],[-79.697,40.664],[-79.878,40.496],[-79.972,40.489],[-79.991,40.448]]}},{"type":"Feature","properties":{"name":"Kasai","rank":3},"geometry":{"type":"LineString","coordinates":[[16.966,-3.009],[16.821,-3.071],[16.698,-3.048],[16.59,-3.067],[16.487,-3.05],[16.24,-3.108],[16.2,-3.19]]}},{"type":"Feature","properties":{"name":"Kasai","rank":3},"geometry":{"type":"LineString","coordinates":[[22.237,-11.249],[22.255,-11.166],[22.243,-11.078],[22.165,-10.852],[22.224,-10.797],[22.309,-10.77],[22.322,-10.742],[22.305,-10.55],[22.273,-10.503],[22.313,-10.368],[22.202,-10.131],[22.209,-10.098],[22.159,-9.931],[21.998,-9.809],[21.984,-9.749],[21.942,-9.723],[21.854,-9.618],[21.832,-9.488],[21.793,-9.393],[21.841,-9.276],[21.851,-9.193],[21.839,-9.092],[21.859,-8.846],[21.884,-8.782],[21.916,-8.577],[21.939,-8.5],[21.935,-8.413],[21.899,-8.349],[21.851,-8.143],[21.799,-8.041],[21.758,-8.015],[21.75,-7.929],[21.772,-7.888],[21.77,-7.807],[21.854,-7.586],[21.842,-7.37],[21.784,-7.287],[21.661,-7.054],[21.579,-7.006],[21.518,-6.925],[21.422,-6.843],[21.362,-6.813],[21.227,-6.7],[21.185,-6.686],[21.062,-6.579],[20.953,-6.557],[20.911,-6.5],[20.855,-6.488],[20.808,-6.435],[20.675,-6.192],[20.622,-6.114],[20.58,-6.018],[20.579,-5.918],[20.743,-5.79],[20.805,-5.76],[20.857,-5.685],[20.872,-5.599],[20.917,-5.586],[20.908,-5.52],[20.98,-5.433],[20.983,-5.376],[21.08,-5.28],[21.096,-4.997],[21.072,-4.958],[21.027,-4.626],[20.914,-4.608],[20.816,-4.538],[20.729,-4.5],[20.681,-4.422],[20.621,-4.41],[20.589,-4.338],[20.518,-4.335],[20.394,-4.278],[20.342,-4.389],[20.266,-4.391],[20.221,-4.333],[20.134,-4.28],[20.031,-4.273],[19.955,-4.207],[19.838,-4.136],[19.783,-4.086],[19.619,-4.067],[19.373,-3.91],[18.841,-3.675],[18.781,-3.635],[18.616,-3.601],[18.459,-3.589],[18.259,-3.455],[18.231,-3.41],[18.161,-3.441],[18.027,-3.38],[17.906,-3.416],[17.827,-3.416],[17.813,-3.39],[17.618,-3.293],[17.583,-3.309],[17.522,-3.259],[17.44,-3.238],[17.426,-3.204],[17.23,-3.158],[17.112,-3.073],[16.96,-3.012]]}},{"type":"Feature","properties":{"name":"Barwon","rank":3},"geometry":{"type":"LineString","coordinates":[[150.47,-28.65],[150.298,-28.535],[150.173,-28.552],[150.02,-28.6],[149.759,-28.607],[149.704,-28.627],[149.621,-28.608],[149.578,-28.573],[149.484,-28.584],[149.416,-28.681],[149.275,-28.739],[149.157,-28.829],[149.093,-28.848],[149.046,-28.954],[148.868,-29.053],[148.813,-29.118],[148.799,-29.196],[148.766,-29.216],[148.696,-29.375],[148.715,-29.432],[148.682,-29.506],[148.517,-29.592],[148.499,-29.652],[148.44,-29.722],[148.392,-29.744],[148.265,-29.883],[148.166,-29.975],[148.08,-30.012],[147.879,-30.046],[147.772,-30.047],[147.644,-30.074],[147.608,-30.101],[147.516,-30.095],[147.415,-30.125]]}},{"type":"Feature","properties":{"name":"Uele","rank":3},"geometry":{"type":"LineString","coordinates":[[28.586,3.596],[28.567,3.61],[28.377,3.665],[28.326,3.616],[28.261,3.607],[28.216,3.68],[28.157,3.732],[28.05,3.746],[27.953,3.697],[27.884,3.695],[27.802,3.656],[27.726,3.641],[27.638,3.669],[27.511,3.644],[27.456,3.659],[27.434,3.707],[27.332,3.745],[27.316,3.807],[27.249,3.857],[27.176,3.845],[27.186,3.653],[27.122,3.624],[27.061,3.559],[26.842,3.505],[26.801,3.577],[26.794,3.655],[26.814,3.781],[26.761,3.846],[26.717,3.996],[26.619,4.015],[26.496,3.912],[26.385,3.773],[26.344,3.77],[26.258,3.72],[26.201,3.651],[26.133,3.648],[26.046,3.678],[26.024,3.72],[25.919,3.711],[25.855,3.676],[25.841,3.558],[25.773,3.525],[25.704,3.587],[25.625,3.583],[25.486,3.521],[25.42,3.539],[25.305,3.508],[25.239,3.525],[25.138,3.422],[25.044,3.43],[24.995,3.395],[24.933,3.484],[24.78,3.501],[24.704,3.463],[24.639,3.499],[24.554,3.474],[24.493,3.526],[24.361,3.559],[24.216,3.693],[24,3.725],[23.899,3.689],[23.774,3.708],[23.747,3.765],[23.61,3.855],[23.548,3.857],[23.47,3.82],[23.408,3.837],[23.351,3.813],[23.272,3.839],[23.149,3.902],[23.006,3.883],[22.909,3.854],[22.83,3.868],[22.75,3.834],[22.598,3.927],[22.532,4.005],[22.511,4.101],[22.422,4.135],[22.303,4.129],[22.207,4.15],[22.127,4.203],[22.008,4.243],[21.867,4.242],[21.819,4.272],[21.722,4.295],[21.634,4.294],[21.538,4.245],[21.46,4.272],[21.358,4.286],[21.298,4.33],[21.232,4.298],[21.158,4.31],[21.084,4.388],[20.963,4.434],[20.871,4.454],[20.791,4.426],[20.603,4.41],[20.559,4.429],[20.452,4.529],[20.463,4.601],[20.395,4.677],[20.338,4.772],[20.254,4.797],[20.171,4.879],[20.086,4.916],[20.003,4.975],[19.89,5.002],[19.824,5.097],[19.719,5.136],[19.408,5.131],[19.373,5.088],[19.237,5.011],[19.195,4.951],[19.132,4.947],[19.083,4.909],[19.011,4.765],[18.828,4.56],[18.776,4.434],[18.72,4.378],[18.633,4.356],[18.576,4.373],[18.537,4.306],[18.572,4.266],[18.632,4.131],[18.645,3.983],[18.613,3.902],[18.597,3.679]]}},{"type":"Feature","properties":{"name":"Ergun","rank":3},"geometry":{"type":"LineString","coordinates":[[121.405,53.317],[121.357,53.324],[121.203,53.277],[121.055,53.29],[120.874,53.28],[120.714,53.185],[120.652,53.123],[120.45,53.009],[120.28,52.866],[120.033,52.761],[120.056,52.601],[120.176,52.584],[120.43,52.636],[120.724,52.542],[120.69,52.439],[120.626,52.347],[120.655,52.299],[120.758,52.238],[120.779,52.118],[120.705,52.061],[120.706,51.98],[120.647,51.911],[120.493,51.876],[120.319,51.776],[120.154,51.664],[120.108,51.665],[120.053,51.552],[119.977,51.487],[119.982,51.442],[119.915,51.331],[119.819,51.275],[119.758,51.199],[119.785,51.172],[119.748,51.084],[119.683,51.016],[119.518,50.905],[119.497,50.737],[119.442,50.685],[119.293,50.599],[119.243,50.446],[119.141,50.377],[119.25,50.343],[119.353,50.346],[119.316,50.093],[119.189,50.008],[119.091,49.987],[118.891,49.98],[118.712,49.95],[118.644,49.955],[118.521,49.894],[118.477,49.836],[118.394,49.82],[118.168,49.672],[117.894,49.547],[117.873,49.513]]}},{"type":"Feature","properties":{"name":"Blue Nile","rank":3},"geometry":{"type":"LineString","coordinates":[[37.387,11.634],[37.396,11.55],[37.602,11.495],[37.681,11.379],[37.78,11.28],[37.871,11.224],[37.975,11.207],[38.105,11.16],[38.295,11.15],[38.376,11.09],[38.434,11.09],[38.482,11.026],[38.519,10.906],[38.505,10.831],[38.526,10.776],[38.505,10.666],[38.475,10.624],[38.471,10.514],[38.489,10.386],[38.433,10.161],[38.396,10.131],[38.246,10.117],[38.183,10.051],[38.123,10.036],[37.981,9.97],[37.796,9.859],[37.703,9.843],[37.609,9.912],[37.545,9.996],[37.436,10.048],[37.219,10.105],[37.173,10.168],[37.2,10.227],[37.181,10.262],[37.114,10.262],[37.046,10.303],[36.714,10.37],[36.554,10.379],[36.522,10.458],[36.44,10.452],[36.418,10.382],[36.345,10.304],[36.338,10.233],[36.289,10.166],[36.227,10.137],[36.045,10.15],[35.964,10.131],[35.911,10.045],[35.84,10.022],[35.728,10.049],[35.737,9.984],[35.67,9.963],[35.59,10.033],[35.442,10.131],[35.408,10.11],[35.351,10.149]]}},{"type":"Feature","properties":{"name":"Darling","rank":3},"geometry":{"type":"LineString","coordinates":[[147.415,-30.125],[147.353,-30.143],[147.196,-30.111],[147.172,-30.064],[147.047,-30.05],[146.943,-29.982],[146.879,-29.978],[146.826,-29.943],[146.653,-29.916],[146.596,-29.962],[146.459,-29.93],[146.328,-29.945],[146.268,-29.975],[146.19,-29.946],[146.144,-29.971],[146.075,-29.961],[146.024,-29.984],[146.018,-30.042],[145.846,-30.106],[145.778,-30.197],[145.683,-30.257],[145.583,-30.284],[145.577,-30.363],[145.486,-30.414],[145.338,-30.41],[145.304,-30.457],[145.224,-30.482],[145.178,-30.464],[145.117,-30.488],[145.119,-30.549],[144.993,-30.644],[144.914,-30.649],[144.806,-30.724],[144.738,-30.835],[144.686,-30.89],[144.512,-30.897],[144.43,-30.931],[144.369,-30.998],[144.329,-31.081],[144.266,-31.067],[144.18,-31.115],[144.092,-31.197],[144.016,-31.228],[144.044,-31.301],[144.014,-31.375],[143.933,-31.421],[143.811,-31.451],[143.727,-31.441],[143.572,-31.486],[143.476,-31.598],[143.44,-31.565],[143.377,-31.581],[143.324,-31.733],[143.218,-31.749],[143.136,-31.869],[143.036,-31.89],[142.98,-32.004],[142.992,-32.087],[142.951,-32.116],[142.859,-32.112],[142.827,-32.153],[142.717,-32.193],[142.689,-32.259],[142.611,-32.306],[142.527,-32.324],[142.462,-32.391],[142.409,-32.405],[142.386,-32.524],[142.402,-32.6],[142.383,-32.64],[142.392,-32.788],[142.372,-32.89],[142.399,-33],[142.322,-33.083],[142.302,-33.191],[142.386,-33.226],[142.587,-33.413],[142.534,-33.545],[142.467,-33.576],[142.398,-33.696],[142.215,-33.776],[142.182,-33.801],[142.031,-33.818],[141.993,-33.861],[141.981,-33.966],[141.915,-34.012],[141.926,-34.117]]}},{"type":"Feature","properties":{"name":"Mamoré","rank":3},"geometry":{"type":"LineString","coordinates":[[-64.664,-15.86],[-64.739,-15.779],[-64.799,-15.513],[-64.853,-15.375],[-64.924,-15.301],[-64.986,-15.194],[-65.014,-15.104],[-64.991,-15.066],[-64.984,-14.96],[-65.035,-14.896],[-65.025,-14.867],[-65.089,-14.727],[-65.004,-14.586],[-64.969,-14.452],[-64.994,-14.395],[-64.954,-14.362],[-65.041,-14.222],[-65.027,-14.161],[-65.178,-13.92],[-65.203,-13.817],[-65.323,-13.727],[-65.321,-13.588],[-65.285,-13.539],[-65.312,-13.491],[-65.262,-13.445],[-65.263,-13.373],[-65.231,-13.32],[-65.231,-13.247],[-65.195,-13.197],[-65.224,-13.145],[-65.194,-13.111],[-65.109,-13.108],[-65.121,-13.035],[-65.035,-12.986],[-65.045,-12.881],[-65.011,-12.791],[-65.047,-12.709],[-65.074,-12.566],[-65.171,-12.422],[-65.141,-12.347],[-65.174,-12.311],[-65.13,-12.271],[-65.174,-12.188],[-65.101,-12.104],[-65.106,-12.035],[-65.153,-12.01],[-65.08,-11.935],[-65,-11.916]]}},{"type":"Feature","properties":{"name":"Niagara","rank":3},"geometry":{"type":"LineString","coordinates":[[-79.059,43.278],[-79.049,43.171],[-79.066,43.106]]}},{"type":"Feature","properties":{"name":"St. Clair","rank":3},"geometry":{"type":"LineString","coordinates":[[-82.417,43.017],[-82.486,42.819],[-82.472,42.78],[-82.512,42.647],[-82.577,42.572],[-82.645,42.558]]}},{"type":"Feature","properties":{"name":"Missouri","rank":1},"geometry":{"type":"LineString","coordinates":[[-106.406,48.02],[-106.437,47.961],[-106.557,47.841],[-106.728,47.764],[-106.845,47.757],[-106.93,47.688],[-107.197,47.676],[-107.348,47.711],[-107.452,47.635],[-107.553,47.663],[-107.677,47.635],[-107.722,47.582],[-107.822,47.545],[-107.894,47.477],[-107.928,47.581],[-107.995,47.605],[-108.101,47.607],[-108.196,47.602]]}},{"type":"Feature","properties":{"name":"Missouri","rank":1},"geometry":{"type":"LineString","coordinates":[[-101.4,47.506],[-101.418,47.563],[-101.537,47.563],[-101.668,47.528],[-101.884,47.522],[-101.981,47.54],[-102.266,47.643],[-102.243,47.7],[-102.313,47.806],[-102.441,47.779],[-102.594,47.81],[-102.64,47.839],[-102.622,47.949],[-102.566,48.019],[-102.779,48.131],[-102.968,48.16],[-103.154,48.158],[-103.287,48.061],[-103.508,48.036],[-103.551,48.128],[-103.678,48.108],[-103.771,48.029]]}},{"type":"Feature","properties":{"name":"Missouri","rank":1},"geometry":{"type":"LineString","coordinates":[[-100.777,46.713],[-100.76,46.68],[-100.656,46.641],[-100.575,46.573],[-100.584,46.431],[-100.55,46.333],[-100.573,46.214],[-100.635,46.151],[-100.593,46.053],[-100.5,45.94],[-100.411,45.881],[-100.321,45.713],[-100.411,45.661],[-100.483,45.573],[-100.455,45.529],[-100.357,45.485],[-100.29,45.387],[-100.317,45.33],[-100.28,45.256],[-100.329,45.093],[-100.304,45.043],[-100.399,45.03],[-100.427,44.975],[-100.413,44.881],[-100.584,44.773],[-100.671,44.831],[-100.723,44.781],[-100.636,44.709],[-100.644,44.615],[-100.546,44.554],[-100.558,44.47],[-100.454,44.472],[-100.393,44.445],[-100.393,44.444]]}},{"type":"Feature","properties":{"name":"Missouri","rank":1},"geometry":{"type":"LineString","coordinates":[[-111.516,46.362],[-111.521,46.452],[-111.568,46.535],[-111.697,46.662]]}},{"type":"Feature","properties":{"name":"Missouri","rank":1},"geometry":{"type":"LineString","coordinates":[[-99.365,43.991],[-99.364,43.991],[-99.361,43.919],[-99.315,43.862],[-99.414,43.785],[-99.406,43.727],[-99.468,43.685],[-99.364,43.642],[-99.297,43.547],[-99.281,43.461],[-99.142,43.412],[-99.002,43.277],[-98.92,43.254],[-98.856,43.167],[-98.786,43.156],[-98.697,43.09],[-98.56,43.06]]}},{"type":"Feature","properties":{"name":"Missouri","rank":1},"geometry":{"type":"LineString","coordinates":[[-106.406,48.021],[-106.354,48.07],[-105.912,48.02],[-105.823,48.02],[-105.593,48.089],[-105.478,48.106],[-105.139,48.104],[-105.065,48.075],[-104.958,48.093],[-104.877,48.154],[-104.709,48.123],[-104.569,48.144],[-104.418,48.13],[-104.317,48.074],[-104.082,48.047],[-104.035,48.013],[-103.855,47.983],[-103.772,48.027]]}},{"type":"Feature","properties":{"name":"Missouri","rank":1},"geometry":{"type":"LineString","coordinates":[[-101.4,47.506],[-101.418,47.435],[-101.339,47.293],[-101.214,47.246],[-101.149,47.307],[-101.043,47.293],[-100.974,47.249],[-100.983,47.164],[-100.892,47.057],[-100.929,46.988],[-100.894,46.882],[-100.817,46.835],[-100.827,46.755],[-100.777,46.714]]}},{"type":"Feature","properties":{"name":"Missouri","rank":1},"geometry":{"type":"LineString","coordinates":[[-111.699,46.663],[-111.778,46.673],[-111.794,46.733],[-111.858,46.757],[-111.921,46.824],[-111.892,46.864],[-111.94,46.973],[-112,47.022],[-111.93,47.128],[-111.827,47.162],[-111.687,47.283],[-111.47,47.424],[-111.276,47.426],[-111.288,47.528],[-111.179,47.54],[-111.086,47.581],[-110.906,47.776],[-110.786,47.772],[-110.613,47.85],[-110.473,47.892],[-110.448,47.951],[-110.188,48.055],[-110.109,48.017],[-110.048,47.916],[-110.049,47.843],[-109.888,47.778],[-109.832,47.735],[-109.705,47.726],[-109.533,47.767],[-109.388,47.753],[-109.263,47.809],[-109.119,47.79],[-108.941,47.814],[-108.866,47.744],[-108.777,47.705],[-108.751,47.664],[-108.648,47.635],[-108.489,47.629],[-108.3,47.579],[-108.28,47.595],[-108.191,47.602]]}},{"type":"Feature","properties":{"name":"Missouri","rank":1},"geometry":{"type":"LineString","coordinates":[[-100.393,44.445],[-100.359,44.372],[-100.282,44.34],[-100.126,44.327],[-100.011,44.277],[-99.916,44.264],[-99.94,44.186],[-99.864,44.127],[-99.625,44.108],[-99.445,44.045],[-99.364,43.991]]}},{"type":"Feature","properties":{"name":"Missouri","rank":1},"geometry":{"type":"LineString","coordinates":[[-98.552,43.057],[-98.454,42.975],[-98.243,42.872],[-98.007,42.784],[-97.942,42.788],[-97.887,42.858],[-97.839,42.871],[-97.661,42.854],[-97.6,42.873],[-97.5,42.86],[-97.301,42.887],[-97.127,42.789],[-97.051,42.784],[-96.947,42.745],[-96.857,42.74],[-96.799,42.687],[-96.709,42.677],[-96.694,42.615],[-96.611,42.534],[-96.439,42.513],[-96.384,42.455],[-96.402,42.369],[-96.342,42.3],[-96.351,42.206],[-96.266,42.119],[-96.26,42.058],[-96.154,41.988],[-96.133,41.866],[-96.064,41.796],[-96.102,41.647],[-96.082,41.55],[-95.988,41.534],[-96.006,41.492],[-95.931,41.465],[-95.958,41.338],[-95.879,41.318],[-95.924,41.208],[-95.876,41.167],[-95.871,41.012],[-95.838,40.982],[-95.828,40.794],[-95.869,40.729],[-95.773,40.661],[-95.768,40.549],[-95.696,40.518],[-95.629,40.345],[-95.404,40.114],[-95.408,40.033],[-95.344,40.019],[-95.191,39.906],[-95.068,39.866],[-95.002,39.903],[-94.882,39.821],[-94.891,39.73],[-94.961,39.742],[-95.038,39.656],[-95.099,39.53],[-95.026,39.454],[-94.909,39.367],[-94.83,39.217],[-94.724,39.173],[-94.663,39.173],[-94.578,39.121],[-94.526,39.147],[-94.465,39.124],[-94.369,39.165],[-94.328,39.214],[-94.253,39.223],[-94.085,39.136],[-93.923,39.166],[-93.88,39.203],[-93.719,39.206],[-93.604,39.242],[-93.502,39.234],[-93.235,39.331],[-93.208,39.399],[-93.094,39.371],[-93.063,39.32],[-92.991,39.316],[-92.937,39.234],[-92.862,39.203],[-92.943,39.121],[-92.925,39.03],[-92.82,38.967],[-92.621,38.974],[-92.508,38.923],[-92.443,38.83],[-92.398,38.813],[-92.402,38.741],[-92.354,38.676],[-92.247,38.648],[-92.155,38.577],[-92.029,38.572],[-91.93,38.616],[-91.86,38.673],[-91.712,38.706],[-91.584,38.676],[-91.496,38.705],[-91.34,38.707],[-91.246,38.637],[-91.14,38.6],[-91.055,38.599],[-90.98,38.543],[-90.888,38.556],[-90.794,38.596],[-90.692,38.682],[-90.567,38.68],[-90.546,38.731],[-90.463,38.818],[-90.395,38.827],[-90.349,38.886],[-90.293,38.883],[-90.22,38.829],[-90.133,38.819]]}},{"type":"Feature","properties":{"name":"Guaporé","rank":3},"geometry":{"type":"LineString","coordinates":[[-65.019,-11.893],[-65.066,-11.753],[-65.139,-11.715],[-65.197,-11.742],[-65.196,-11.592],[-65.223,-11.517],[-65.293,-11.505],[-65.354,-11.39],[-65.327,-11.328],[-65.375,-11.296],[-65.361,-11.219],[-65.395,-11.153],[-65.342,-11.106],[-65.343,-11.033],[-65.304,-10.991],[-65.32,-10.865],[-65.405,-10.799],[-65.382,-10.698],[-65.436,-10.626],[-65.43,-10.561],[-65.451,-10.468],[-65.395,-10.392]]}},{"type":"Feature","properties":{"name":"Madeira","rank":3},"geometry":{"type":"LineString","coordinates":[[-65.395,-10.392],[-65.329,-10.314],[-65.289,-10.216],[-65.325,-10.046],[-65.334,-9.927],[-65.305,-9.826],[-65.341,-9.79],[-65.371,-9.71],[-65.443,-9.68],[-65.452,-9.638],[-65.394,-9.607],[-65.331,-9.529],[-65.294,-9.528],[-65.159,-9.592],[-65.043,-9.578],[-64.94,-9.598],[-64.814,-9.5],[-64.835,-9.392],[-64.759,-9.373],[-64.679,-9.284],[-64.613,-9.242],[-64.589,-9.186],[-64.512,-9.152],[-64.432,-9.19],[-64.368,-9.179],[-64.261,-9.015],[-64.185,-9.008],[-64.083,-8.963],[-64.086,-8.892],[-64.053,-8.843],[-64.006,-8.833],[-63.922,-8.758],[-63.917,-8.656],[-63.668,-8.548],[-63.56,-8.584],[-63.57,-8.483],[-63.47,-8.415],[-63.395,-8.309],[-63.36,-8.218],[-63.306,-8.165],[-63.259,-8.219],[-63.212,-8.224],[-63.036,-8.152],[-62.888,-8.034],[-62.86,-7.916],[-62.915,-7.857],[-62.905,-7.791],[-62.937,-7.771],[-62.921,-7.707],[-62.931,-7.621],[-62.963,-7.556],[-63.011,-7.521],[-63.011,-7.432],[-62.948,-7.338],[-62.916,-7.184],[-62.88,-7.124],[-62.857,-7.009],[-62.763,-7.001],[-62.695,-6.963],[-62.664,-6.873],[-62.579,-6.767],[-62.449,-6.764],[-62.379,-6.747],[-62.34,-6.69],[-62.343,-6.614],[-62.379,-6.58],[-62.317,-6.519],[-62.257,-6.411],[-62.226,-6.234],[-62.128,-6.194],[-62.031,-6.235],[-61.921,-6.26],[-61.853,-6.242],[-61.827,-6.129],[-61.723,-6.055],[-61.668,-5.997],[-61.68,-5.936],[-61.601,-5.833],[-61.496,-5.865],[-61.39,-5.801],[-61.331,-5.837],[-61.283,-5.784],[-61.242,-5.658],[-61.139,-5.626],[-61.073,-5.572],[-60.976,-5.603],[-60.931,-5.587],[-60.818,-5.499],[-60.739,-5.486],[-60.734,-5.363],[-60.688,-5.313],[-60.599,-5.291],[-60.425,-5.176],[-60.277,-5.025],[-60.205,-4.91],[-60.134,-4.902],[-60.072,-4.92],[-59.931,-4.829],[-59.931,-4.676],[-59.858,-4.555],[-59.822,-4.45],[-59.738,-4.35],[-59.698,-4.332],[-59.611,-4.376],[-59.574,-4.366],[-59.528,-4.297],[-59.4,-4.241],[-59.366,-4.172],[-59.344,-4.053],[-59.311,-3.99],[-59.118,-3.876],[-59.068,-3.814],[-59.091,-3.718],[-59.072,-3.657],[-58.943,-3.584],[-58.868,-3.498],[-58.793,-3.453],[-58.768,-3.396],[-58.707,-3.342]]}},{"type":"Feature","properties":{"name":"Ohio","rank":3},"geometry":{"type":"LineString","coordinates":[[-79.991,40.448],[-80.202,40.546],[-80.252,40.67],[-80.308,40.706],[-80.464,40.633],[-80.536,40.643],[-80.666,40.609],[-80.67,40.571],[-80.602,40.471],[-80.627,40.41],[-80.601,40.323],[-80.657,40.255],[-80.739,40.061],[-80.759,39.929],[-80.841,39.79],[-80.839,39.734],[-80.875,39.629],[-81.055,39.53],[-81.126,39.454],[-81.227,39.398],[-81.389,39.362],[-81.479,39.4],[-81.554,39.344],[-81.569,39.288],[-81.683,39.271],[-81.746,39.193],[-81.777,39.035],[-81.784,38.933],[-81.849,38.913],[-82.003,39.022],[-82.058,39.003],[-82.137,38.899],[-82.173,38.808],[-82.209,38.786],[-82.188,38.715],[-82.193,38.595],[-82.263,38.597],[-82.332,38.443],[-82.509,38.409],[-82.589,38.419],[-82.698,38.535],[-82.827,38.586],[-82.856,38.625],[-82.886,38.745],[-83.031,38.716],[-83.134,38.628],[-83.305,38.601],[-83.369,38.66],[-83.534,38.707],[-83.605,38.689],[-83.651,38.636],[-83.714,38.638],[-83.866,38.762],[-83.973,38.789],[-84.084,38.778],[-84.196,38.81],[-84.248,38.92],[-84.322,39.029],[-84.408,39.057],[-84.444,39.102],[-84.509,39.105],[-84.637,39.077],[-84.721,39.143],[-84.843,39.088],[-84.871,39.029],[-84.828,38.991],[-84.878,38.92],[-84.784,38.893],[-84.819,38.789],[-84.901,38.796],[-85,38.772],[-85.186,38.694]]}},{"type":"Feature","properties":{"name":"Ohio","rank":3},"geometry":{"type":"LineString","coordinates":[[-85.186,38.694],[-85.257,38.741],[-85.436,38.735],[-85.455,38.707],[-85.41,38.572],[-85.527,38.469],[-85.62,38.432],[-85.665,38.309],[-85.77,38.27],[-85.816,38.289],[-85.891,38.202],[-85.915,38.064],[-85.96,38.008],[-86.032,37.994],[-86.184,38.023],[-86.275,38.07],[-86.283,38.142],[-86.416,38.115],[-86.524,38.019],[-86.536,37.929],[-86.644,37.901],[-86.742,37.904],[-86.819,37.995],[-87.043,37.892],[-87.087,37.805],[-87.427,37.946],[-87.549,37.913],[-87.601,37.857],[-87.674,37.899],[-87.797,37.878],[-87.888,37.929],[-87.934,37.902],[-87.9,37.83],[-87.946,37.789],[-88.045,37.807],[-88.06,37.751],[-88.132,37.699],[-88.163,37.64],[-88.083,37.52],[-88.123,37.475],[-88.307,37.448],[-88.465,37.409],[-88.508,37.343],[-88.504,37.267],[-88.434,37.168],[-88.484,37.072],[-88.561,37.077],[-88.633,37.115],[-88.907,37.22],[-89.044,37.209],[-89.179,37.062],[-89.124,36.98]]}},{"type":"Feature","properties":{"name":"Amur","rank":3},"geometry":{"type":"LineString","coordinates":[[127.59,50.209],[127.404,50.276],[127.33,50.328],[127.358,50.415],[127.289,50.466],[127.364,50.555],[127.343,50.628],[127.295,50.667],[127.287,50.751],[127.22,50.788],[127.144,50.904],[127.032,50.973],[126.932,51.064],[126.905,51.164],[126.954,51.33],[126.809,51.289],[126.902,51.401],[126.8,51.419],[126.807,51.534],[126.675,51.589],[126.723,51.636],[126.713,51.723],[126.648,51.742],[126.446,51.983],[126.514,52.043],[126.531,52.153],[126.316,52.2],[126.312,52.228],[126.421,52.288],[126.315,52.316],[126.343,52.392],[126.276,52.464],[126.2,52.467],[126.212,52.533],[126.082,52.594],[126.009,52.569],[125.973,52.632],[126.068,52.68],[126.035,52.727],[125.867,52.85],[125.837,52.907],[125.668,52.878],[125.647,52.901],[125.733,52.982],[125.621,53.062],[125.521,53.043],[125.428,53.095],[125.127,53.207],[125.019,53.211],[124.801,53.155],[124.72,53.149],[124.678,53.2],[124.408,53.236],[124.342,53.273],[124.293,53.352],[124.232,53.382],[124.122,53.353],[123.97,53.455],[123.85,53.495],[123.732,53.504],[123.614,53.564],[123.485,53.526],[123.252,53.568],[123.153,53.513],[123.002,53.508],[122.859,53.474],[122.471,53.465],[122.401,53.451],[122.337,53.492],[122.168,53.469],[122.081,53.43],[121.889,53.431],[121.641,53.385],[121.512,53.33],[121.405,53.317]]}},{"type":"Feature","properties":{"name":"Shatt al Arab","rank":3},"geometry":{"type":"LineString","coordinates":[[47.469,30.968],[47.537,30.872],[47.62,30.785],[47.729,30.744],[47.762,30.576],[47.821,30.55],[47.898,30.478],[48.119,30.451],[48.157,30.426],[48.2,30.324],[48.271,30.324],[48.396,30.221],[48.383,30.157],[48.453,30.002],[48.532,29.961]]}},{"type":"Feature","properties":{"name":"Yellow","rank":3},"geometry":{"type":"LineString","coordinates":[[114.838,35.02],[114.864,35.189],[114.941,35.219],[115.068,35.38],[115.15,35.416],[115.226,35.416],[115.345,35.496],[115.395,35.616],[115.492,35.678],[115.504,35.723],[115.655,35.746],[115.761,35.849],[115.874,35.866],[115.863,35.925],[115.965,35.986],[116.033,35.966],[116.087,36.059],[116.078,36.11],[116.199,36.173],[116.312,36.293],[116.41,36.315],[116.598,36.448],[116.599,36.514],[116.651,36.578],[116.736,36.624],[116.796,36.713],[116.859,36.74],[116.963,36.721],[117.106,36.796],[117.189,36.934],[117.226,36.961],[117.238,37.031],[117.285,37.059],[117.388,37.073],[117.552,37.149],[117.648,37.26],[117.772,37.25],[117.891,37.262],[118.065,37.352],[118.207,37.375],[118.243,37.467],[118.291,37.508],[118.305,37.576],[118.365,37.607],[118.519,37.616],[118.586,37.645],[118.723,37.755],[118.86,37.796],[118.917,37.831],[119.033,37.803]]}},{"type":"Feature","properties":{"name":"Yellow","rank":3},"geometry":{"type":"LineString","coordinates":[[110.27,34.637],[110.4,34.592],[110.483,34.616],[110.53,34.584],[110.708,34.621],[110.766,34.661],[110.883,34.666],[111.025,34.747],[111.109,34.769],[111.138,34.819],[111.215,34.8],[111.331,34.841],[111.394,34.823],[111.557,34.863],[111.622,34.947],[111.829,35.082],[111.957,35.094],[112.058,35.033],[112.151,35.014],[112.179,34.971],[112.265,34.963],[112.384,34.917],[112.491,34.898],[112.734,34.808],[112.823,34.801],[113.047,34.832],[113.198,34.876],[113.227,34.932],[113.354,34.972],[113.498,34.965],[113.534,34.98],[113.666,34.908],[113.877,34.878],[113.942,34.892],[113.998,34.949],[114.062,34.932],[114.179,34.936],[114.303,34.898],[114.422,34.925],[114.509,34.902],[114.577,34.918],[114.707,34.91],[114.831,35.02]]}},{"type":"Feature","properties":{"name":"Xi","rank":4},"geometry":{"type":"LineString","coordinates":[[111.301,23.481],[111.455,23.458],[111.548,23.31],[111.538,23.204],[111.678,23.146],[111.801,23.132],[111.878,23.141],[112.001,23.085],[112.205,23.085],[112.284,23.148],[112.35,23.154],[112.401,23.073],[112.445,23.047],[112.514,23.076],[112.568,23.146],[112.628,23.176],[112.768,23.168],[112.806,23.142],[112.859,22.973],[112.927,22.836],[112.97,22.807],[113.071,22.782],[113.095,22.661],[113.166,22.576]]}},{"type":"Feature","properties":{"name":"Xi","rank":4},"geometry":{"type":"LineString","coordinates":[[112.805,23.148],[112.845,23.16],[112.918,23.128],[112.982,23.04]]}},{"type":"Feature","properties":{"name":"Xi","rank":4},"geometry":{"type":"LineString","coordinates":[[112.98,23.041],[112.982,23.04]]}},{"type":"Feature","properties":{"name":"Xi","rank":4},"geometry":{"type":"LineString","coordinates":[[112.982,23.04],[113.138,23.067],[113.22,23.041],[113.313,23.055],[113.391,23.038],[113.419,23.063]]}},{"type":"Feature","properties":{"name":"Xi","rank":4},"geometry":{"type":"LineString","coordinates":[[112.982,23.04],[113.003,22.953],[113.096,22.886],[113.213,22.912]]}},{"type":"Feature","properties":{"name":"Xi","rank":4},"geometry":{"type":"LineString","coordinates":[[113.083,22.764],[113.187,22.704],[113.232,22.734],[113.371,22.676],[113.457,22.583],[113.556,22.583]]}},{"type":"Feature","properties":{"name":"Murray","rank":4},"geometry":{"type":"LineString","coordinates":[[146.028,-36.015],[146.169,-36.027],[146.216,-36.056]]}},{"type":"Feature","properties":{"name":"Murray","rank":4},"geometry":{"type":"LineString","coordinates":[[147.043,-36.108],[147.057,-36.108],[147.119,-36.031],[147.272,-36.049]]}},{"type":"Feature","properties":{"name":"Murray","rank":4},"geometry":{"type":"LineString","coordinates":[[146.028,-36.015],[145.939,-35.967],[145.83,-35.983],[145.744,-35.965],[145.572,-35.844],[145.45,-35.84],[145.334,-35.876],[145.218,-35.851],[145.008,-35.868],[144.971,-35.895],[144.934,-36.006],[144.986,-36.081],[144.89,-36.076],[144.811,-36.132],[144.74,-36.135],[144.682,-36.084],[144.602,-36.066],[144.492,-35.96],[144.422,-35.914],[144.376,-35.814],[144.324,-35.754],[144.276,-35.748],[144.18,-35.679],[144.1,-35.587],[143.998,-35.556],[143.777,-35.418],[143.595,-35.361],[143.581,-35.249],[143.407,-35.179],[143.364,-35.107],[143.331,-34.963],[143.36,-34.806],[143.282,-34.792],[143.269,-34.754],[143.142,-34.699],[143.05,-34.692],[142.934,-34.658],[142.88,-34.679],[142.847,-34.615],[142.779,-34.584],[142.726,-34.603],[142.687,-34.736],[142.643,-34.788],[142.556,-34.774],[142.471,-34.643],[142.458,-34.592],[142.386,-34.533],[142.371,-34.445],[142.406,-34.356],[142.328,-34.335],[142.258,-34.273],[142.235,-34.192],[142.164,-34.162],[142.094,-34.171],[142.025,-34.112],[141.926,-34.117]]}},{"type":"Feature","properties":{"name":"Murray","rank":4},"geometry":{"type":"LineString","coordinates":[[147.045,-36.108],[146.974,-36.095],[146.931,-36.116],[146.847,-36.098],[146.756,-36.046],[146.689,-36.042],[146.624,-35.994],[146.514,-35.977],[146.432,-35.984],[146.385,-36.048],[146.266,-36.035],[146.216,-36.056]]}},{"type":"Feature","properties":{"name":"Murray","rank":4},"geometry":{"type":"LineString","coordinates":[[148.005,-36.967],[148.002,-36.94],[148.195,-36.691],[148.214,-36.651],[148.162,-36.577],[148.121,-36.447],[148.067,-36.41],[148.079,-36.354],[148.032,-36.237],[148.045,-36.173],[147.991,-36.114],[147.997,-36.059],[147.872,-35.998],[147.713,-35.939],[147.557,-35.996],[147.483,-35.946],[147.396,-35.967],[147.34,-36.076],[147.272,-36.049]]}},{"type":"Feature","properties":{"name":"Orange","rank":4},"geometry":{"type":"LineString","coordinates":[[23.628,-29.074],[23.56,-29.196],[23.477,-29.231],[23.376,-29.183],[23.343,-29.262],[23.204,-29.306],[23.114,-29.395],[23.012,-29.419],[23.019,-29.47],[22.982,-29.525],[22.933,-29.505],[22.875,-29.587],[22.854,-29.668],[22.809,-29.676],[22.716,-29.629],[22.616,-29.462],[22.43,-29.4],[22.35,-29.33],[22.288,-29.326],[22.258,-29.148],[22.207,-29.089],[22.161,-28.954],[22.079,-28.847],[22.013,-28.875],[21.956,-28.819],[21.89,-28.813],[21.811,-28.666],[21.764,-28.631],[21.758,-28.552],[21.703,-28.462],[21.588,-28.402],[21.492,-28.388],[21.413,-28.422],[21.321,-28.421],[21.216,-28.477],[21.176,-28.566],[21.108,-28.644],[21.003,-28.716],[20.901,-28.727],[20.755,-28.766],[20.551,-28.741],[20.443,-28.65],[20.373,-28.62],[20.131,-28.469],[20.002,-28.423],[19.896,-28.428],[19.825,-28.477],[19.688,-28.516],[19.568,-28.531],[19.511,-28.598],[19.482,-28.678],[19.434,-28.713],[19.328,-28.736],[19.248,-28.771],[19.288,-28.871],[19.161,-28.945],[19.081,-28.959],[19.006,-28.926],[18.954,-28.867],[18.745,-28.84],[18.475,-28.874],[18.397,-28.899],[18.308,-28.88],[18.166,-28.902],[18.043,-28.858],[17.913,-28.781],[17.746,-28.748],[17.66,-28.772],[17.607,-28.756],[17.583,-28.68],[17.403,-28.704],[17.42,-28.593],[17.373,-28.559],[17.328,-28.456],[17.391,-28.419],[17.402,-28.368],[17.345,-28.227],[17.245,-28.237],[17.191,-28.209],[17.189,-28.117],[17.097,-28.031],[16.892,-28.083],[16.885,-28.162],[16.764,-28.283],[16.803,-28.366],[16.769,-28.443],[16.703,-28.494],[16.673,-28.46],[16.597,-28.526],[16.487,-28.573]]}},{"type":"Feature","properties":{"name":"Paraná","rank":4},"geometry":{"type":"LineString","coordinates":[[-50.997,-19.667],[-51.028,-19.754],[-51.007,-19.905],[-50.994,-20.102],[-51.029,-20.189],[-51.137,-20.297],[-51.327,-20.362],[-51.397,-20.441],[-51.397,-20.442]]}},{"type":"Feature","properties":{"name":"Paraná","rank":4},"geometry":{"type":"LineString","coordinates":[[-51.936,-21.423],[-51.974,-21.493],[-52.041,-21.491],[-52.076,-21.52],[-52.051,-21.635],[-52.154,-21.721],[-52.228,-21.827],[-52.307,-21.901],[-52.388,-22.067],[-52.488,-22.175],[-52.633,-22.234],[-52.732,-22.297],[-52.842,-22.337],[-52.961,-22.455]]}},{"type":"Feature","properties":{"name":"Paraná","rank":4},"geometry":{"type":"LineString","coordinates":[[-54.643,-25.406],[-54.609,-25.42]]}},{"type":"Feature","properties":{"name":"Paraná","rank":4},"geometry":{"type":"LineString","coordinates":[[-54.611,-25.433],[-54.576,-25.36],[-54.504,-25.278],[-54.43,-25.131],[-54.463,-25.037],[-54.408,-24.821],[-54.372,-24.767],[-54.322,-24.628],[-54.336,-24.527],[-54.262,-24.329],[-54.315,-24.234],[-54.335,-24.149],[-54.267,-24.066]]}},{"type":"Feature","properties":{"name":"Paraná","rank":4},"geometry":{"type":"LineString","coordinates":[[-50.49,-19.02],[-50.546,-19.109],[-50.654,-19.11],[-50.747,-19.183],[-50.76,-19.224],[-50.844,-19.295],[-50.881,-19.411],[-50.865,-19.484],[-50.953,-19.459],[-50.937,-19.549],[-50.984,-19.576],[-50.997,-19.667]]}},{"type":"Feature","properties":{"name":"Paraná","rank":4},"geometry":{"type":"LineString","coordinates":[[-51.397,-20.441],[-51.397,-20.442],[-51.515,-20.574],[-51.58,-20.596],[-51.62,-20.7],[-51.632,-20.877],[-51.746,-20.996],[-51.788,-21.084],[-51.859,-21.13],[-51.875,-21.172],[-51.852,-21.299],[-51.868,-21.343],[-51.936,-21.423]]}},{"type":"Feature","properties":{"name":"Paraná","rank":4},"geometry":{"type":"LineString","coordinates":[[-52.961,-22.455],[-53.013,-22.529],[-53.048,-22.539],[-53.109,-22.645],[-53.168,-22.702],[-53.48,-22.831],[-53.597,-22.92],[-53.633,-23.019],[-53.641,-23.106],[-53.725,-23.296],[-53.862,-23.393],[-53.948,-23.424],[-54.018,-23.637],[-54.068,-23.817],[-54.077,-23.949],[-54.246,-24.05]]}},{"type":"Feature","properties":{"name":"Paraná","rank":4},"geometry":{"type":"LineString","coordinates":[[-53.795,-23.355],[-53.87,-23.427],[-53.9,-23.558],[-53.957,-23.69],[-53.992,-23.81],[-54.023,-23.861],[-54.027,-23.968],[-54.13,-24.044],[-54.246,-24.05]]}},{"type":"Feature","properties":{"name":"Paraná","rank":4},"geometry":{"type":"LineString","coordinates":[[-54.246,-24.05],[-54.267,-24.066]]}},{"type":"Feature","properties":{"name":"Paraná","rank":4},"geometry":{"type":"LineString","coordinates":[[-54.611,-25.433],[-54.584,-25.645],[-54.644,-25.688],[-54.589,-25.811],[-54.616,-25.883],[-54.607,-25.947],[-54.663,-25.98],[-54.644,-26.085],[-54.665,-26.149],[-54.639,-26.197],[-54.707,-26.442],[-54.791,-26.528],[-54.794,-26.645],[-54.904,-26.66],[-54.976,-26.788],[-55.062,-26.805],[-55.126,-26.863],[-55.139,-26.954],[-55.281,-26.934],[-55.415,-26.98],[-55.463,-27.098],[-55.535,-27.099],[-55.6,-27.183],[-55.569,-27.246],[-55.608,-27.346],[-55.654,-27.36],[-55.755,-27.444],[-55.864,-27.391],[-55.914,-27.328],[-55.986,-27.332],[-56.125,-27.299],[-56.206,-27.362],[-56.281,-27.389],[-56.298,-27.481],[-56.368,-27.58],[-56.462,-27.554],[-56.547,-27.455],[-56.614,-27.446],[-56.772,-27.507],[-56.905,-27.419],[-56.978,-27.435],[-57.077,-27.484],[-57.181,-27.487],[-57.336,-27.41],[-57.536,-27.407],[-57.698,-27.333],[-58.023,-27.26],[-58.13,-27.27],[-58.239,-27.257],[-58.511,-27.278],[-58.605,-27.314]]}},{"type":"Feature","properties":{"name":"Albert Nile","rank":1},"geometry":{"type":"LineString","coordinates":[[31.367,2.193],[31.34,2.202],[31.337,2.246],[31.369,2.295],[31.464,2.35],[31.475,2.4]]}},{"type":"Feature","properties":{"name":"Albert Nile","rank":1},"geometry":{"type":"LineString","coordinates":[[32.016,3.614],[31.942,3.528],[31.886,3.498],[31.783,3.525],[31.693,3.486],[31.646,3.388],[31.597,3.335],[31.512,3.119],[31.415,2.994],[31.377,2.904],[31.371,2.821],[31.437,2.753],[31.448,2.682],[31.424,2.617],[31.478,2.519],[31.475,2.401]]}},{"type":"Feature","properties":{"name":"Ariège","rank":6},"geometry":{"type":"LineString","coordinates":[[1.809,42.627],[1.83,42.715],[1.761,42.763],[1.675,42.784],[1.597,42.881],[1.629,42.913],[1.592,42.991],[1.619,43.053],[1.599,43.193],[1.534,43.314],[1.453,43.394],[1.404,43.518]]}},{"type":"Feature","properties":{"name":"Garonne","rank":6},"geometry":{"type":"LineString","coordinates":[[0.924,42.646],[0.903,42.699],[0.716,42.754],[0.699,42.792],[0.728,42.886],[0.65,42.948],[0.578,43.09],[0.661,43.115],[0.866,43.106],[0.988,43.181],[1.105,43.223],[1.249,43.326],[1.333,43.479],[1.404,43.518],[1.434,43.555],[1.409,43.625],[1.299,43.781],[1.259,43.814],[1.148,43.989],[1.055,44.073],[0.925,44.077],[0.789,44.134],[0.617,44.176],[0.571,44.226],[0.36,44.251],[0.322,44.282],[0.294,44.401],[0.223,44.425],[0.072,44.536],[-0.051,44.587],[-0.229,44.568],[-0.284,44.588],[-0.372,44.691],[-0.52,44.778],[-0.576,44.847],[-0.542,44.898]]}},{"type":"Feature","properties":{"name":"Loire","rank":5},"geometry":{"type":"LineString","coordinates":[[3.011,47.174],[2.98,47.256],[2.881,47.333],[2.929,47.42],[2.878,47.52],[2.707,47.657],[2.459,47.766],[2.35,47.773],[2.233,47.86],[1.884,47.906],[1.73,47.853],[1.58,47.708],[1.439,47.651],[1.31,47.572],[1.242,47.498],[0.906,47.401],[0.708,47.409],[0.545,47.381],[0.443,47.326],[0.211,47.243],[0.075,47.218],[-0.053,47.258],[-0.377,47.424],[-0.61,47.413],[-0.687,47.372],[-0.882,47.4],[-1.129,47.382],[-1.304,47.341],[-1.501,47.218],[-1.651,47.197],[-1.735,47.211]]}},{"type":"Feature","properties":{"name":"Hawea","rank":6},"geometry":{"type":"LineString","coordinates":[[169.257,-44.609],[169.24,-44.671],[169.192,-44.681]]}},{"type":"Feature","properties":{"name":"Kawarau","rank":6},"geometry":{"type":"LineString","coordinates":[[169.191,-45.069],[169.081,-45.007],[168.999,-45.024],[168.851,-45.005],[168.766,-45.025]]}},{"type":"Feature","properties":{"name":"Mataura","rank":6},"geometry":{"type":"LineString","coordinates":[[168.586,-45.368],[168.727,-45.421],[168.656,-45.552],[168.712,-45.7],[168.689,-45.798],[168.852,-45.887],[168.885,-45.998],[168.961,-46.025],[168.982,-46.122],[168.885,-46.225],[168.879,-46.353],[168.79,-46.431],[168.778,-46.554],[168.804,-46.567]]}},{"type":"Feature","properties":{"name":"Clutha","rank":6},"geometry":{"type":"LineString","coordinates":[[169.142,-44.658],[169.215,-44.695],[169.264,-44.71],[169.337,-44.762],[169.339,-44.871],[169.22,-45.016],[169.216,-45.058],[169.31,-45.118],[169.308,-45.178],[169.384,-45.271],[169.307,-45.386],[169.329,-45.465],[169.299,-45.501],[169.344,-45.613],[169.512,-45.766],[169.478,-45.974],[169.537,-46.109],[169.58,-46.153],[169.665,-46.179],[169.841,-46.313],[169.877,-46.367]]}},{"type":"Feature","properties":{"name":"Whanganui","rank":6},"geometry":{"type":"LineString","coordinates":[[175.6,-39.007],[175.519,-39.008],[175.32,-38.884],[175.254,-38.893],[175.238,-38.947],[175.151,-38.943],[175.027,-39.11],[174.942,-39.196],[174.903,-39.279],[175.001,-39.312],[175.018,-39.433],[175.068,-39.551],[175.166,-39.612],[175.128,-39.724],[175.144,-39.784],[175.094,-39.806],[175.096,-39.896],[175.006,-39.951]]}},{"type":"Feature","properties":{"name":"Taieri","rank":6},"geometry":{"type":"LineString","coordinates":[[169.694,-45.695],[169.781,-45.581],[169.737,-45.548],[169.844,-45.452],[169.941,-45.423],[170.002,-45.358],[169.95,-45.324],[169.99,-45.247],[170.056,-45.192],[170.219,-45.19],[170.259,-45.206],[170.285,-45.285],[170.14,-45.505],[170.153,-45.61],[170.253,-45.629],[170.352,-45.745],[170.24,-45.851],[170.259,-45.912],[170.157,-45.984],[170.177,-46.037],[170.256,-46.076]]}},{"type":"Feature","properties":{"name":"Rangitikei","rank":6},"geometry":{"type":"LineString","coordinates":[[176.038,-39.076],[176.004,-39.121],[175.985,-39.269],[176.032,-39.322],[176.008,-39.414],[176.042,-39.461],[176.029,-39.518],[176.043,-39.659],[175.903,-39.752],[175.813,-39.773],[175.781,-39.839],[175.684,-39.879],[175.62,-39.982],[175.508,-40.032],[175.449,-40.086],[175.433,-40.158],[175.338,-40.215],[175.319,-40.258],[175.237,-40.286]]}},{"type":"Feature","properties":{"name":"Clarence","rank":6},"geometry":{"type":"LineString","coordinates":[[172.706,-42.12],[172.709,-42.177],[172.76,-42.232],[172.797,-42.439],[172.907,-42.458],[172.936,-42.399],[173.151,-42.395],[173.201,-42.319],[173.312,-42.241],[173.462,-42.194],[173.597,-42.133],[173.657,-42.084],[173.787,-42.012],[173.86,-41.995],[173.879,-42.063],[173.853,-42.116],[173.939,-42.178]]}},{"type":"Feature","properties":{"name":"Oreti","rank":6},"geometry":{"type":"LineString","coordinates":[[168.219,-45.208],[168.253,-45.276],[168.206,-45.376],[168.133,-45.432],[168.117,-45.478],[168.158,-45.612],[168.21,-45.655],[168.422,-45.698],[168.433,-45.763],[168.387,-45.798],[168.327,-45.953],[168.31,-46.1],[168.26,-46.189],[168.295,-46.241],[168.252,-46.386],[168.327,-46.476]]}},{"type":"Feature","properties":{"name":"Manawatu","rank":6},"geometry":{"type":"LineString","coordinates":[[176.122,-40.018],[176.243,-40.054],[176.281,-40.122],[176.227,-40.151],[176.183,-40.234],[176.048,-40.264],[176.035,-40.309],[175.908,-40.392],[175.813,-40.364],[175.766,-40.303],[175.512,-40.422],[175.428,-40.438],[175.322,-40.544],[175.221,-40.465]]}},{"type":"Feature","properties":{"name":"Buller","rank":6},"geometry":{"type":"LineString","coordinates":[[172.822,-41.802],[172.785,-41.768],[172.62,-41.697],[172.557,-41.712],[172.438,-41.69],[172.366,-41.794],[172.297,-41.775],[172.15,-41.772],[172.104,-41.81],[172.025,-41.802],[171.982,-41.843],[171.895,-41.829],[171.771,-41.858],[171.603,-41.808],[171.594,-41.759]]}},{"type":"Feature","properties":{"name":"Mohaka","rank":6},"geometry":{"type":"LineString","coordinates":[[176.301,-39.079],[176.365,-39.117],[176.4,-39.173],[176.523,-39.213],[176.623,-39.191],[176.73,-39.048],[176.796,-39.022],[177.04,-39.004],[177.184,-39.102],[177.209,-39.146]]}},{"type":"Feature","properties":{"name":"Wairau","rank":6},"geometry":{"type":"LineString","coordinates":[[172.849,-42.145],[172.923,-42.077],[172.892,-41.979],[172.945,-41.808],[173.04,-41.731],[173.112,-41.71],[173.229,-41.644],[173.288,-41.636],[173.573,-41.529],[173.677,-41.526],[173.884,-41.449],[173.97,-41.441],[174.062,-41.506]]}},{"type":"Feature","properties":{"name":"Waimakariri","rank":6},"geometry":{"type":"LineString","coordinates":[[171.46,-42.937],[171.458,-42.98],[171.6,-43.021],[171.799,-43.012],[171.833,-43.055],[171.962,-43.118],[171.934,-43.219],[172.001,-43.345],[172.07,-43.361],[172.129,-43.418],[172.329,-43.461],[172.59,-43.435],[172.743,-43.39]]}},{"type":"Feature","properties":{"name":"Waikato","rank":6},"geometry":{"type":"LineString","coordinates":[[175.791,-38.956],[175.787,-38.925],[175.875,-38.851],[175.979,-38.811],[176.051,-38.752],[176.059,-38.694]]}},{"type":"Feature","properties":{"name":"Waikato","rank":6},"geometry":{"type":"LineString","coordinates":[[174.833,-37.292],[175.038,-37.279],[175.091,-37.413],[175.154,-37.457],[175.164,-37.657],[175.346,-37.845],[175.411,-37.885],[175.488,-37.892],[175.57,-37.939],[175.657,-37.955],[175.662,-38.041],[175.632,-38.124],[175.67,-38.186],[175.685,-38.306],[175.778,-38.363],[175.832,-38.435],[175.978,-38.415],[176.033,-38.386],[176.131,-38.423],[176.2,-38.51],[176.313,-38.482],[176.334,-38.526],[176.265,-38.602],[176.147,-38.607],[176.06,-38.694]]}},{"type":"Feature","properties":{"name":"Tongariro","rank":0},"geometry":{"type":"LineString","coordinates":[[175.791,-38.956],[175.837,-39.101],[175.813,-39.152]]}},{"type":"Feature","properties":{"name":"Po","rank":6},"geometry":{"type":"LineString","coordinates":[[7.647,44.839],[7.564,44.812],[7.451,44.739],[7.444,44.658],[7.353,44.639],[7.274,44.682],[7.104,44.701]]}},{"type":"Feature","properties":{"name":"Po","rank":6},"geometry":{"type":"LineString","coordinates":[[7.647,44.839],[7.697,44.97],[7.671,45.007],[7.684,45.099],[7.751,45.13],[7.871,45.22],[7.977,45.204],[8.064,45.218],[8.29,45.218],[8.392,45.163],[8.573,45.137],[8.669,45.025],[8.774,45.027],[8.857,45.06],[9.053,45.087],[9.167,45.135],[9.306,45.128],[9.385,45.101],[9.546,45.097],[9.64,45.126],[9.681,45.075],[9.752,45.108],[9.899,45.099],[9.986,45.129],[10.072,45.037],[10.183,45.046],[10.35,44.984],[10.414,44.985],[10.478,44.923],[10.601,44.922],[10.663,44.965],[10.701,45.059],[10.818,45.045],[10.985,45.08],[11.063,45.053],[11.273,45.059],[11.272,45.034],[11.432,44.938],[11.553,44.929],[11.606,44.899],[11.736,44.938],[11.797,44.977],[12.052,44.98],[12.075,45.021],[12.157,45.031],[12.294,44.964],[12.446,44.956],[12.534,44.97]]}},{"type":"Feature","properties":{"name":"Loire","rank":5},"geometry":{"type":"LineString","coordinates":[[3.078,46.985],[3.071,47.054],[3.029,47.088],[3.011,47.174]]}},{"type":"Feature","properties":{"name":"Loire","rank":5},"geometry":{"type":"LineString","coordinates":[[4.191,44.827],[4.108,44.793],[3.939,44.877],[3.894,45.004],[3.929,45.047],[3.903,45.125],[3.929,45.191],[4.05,45.218],[4.124,45.265],[4.138,45.322],[4.24,45.422],[4.263,45.57],[4.197,45.672],[4.185,45.815],[4.04,45.942],[4.034,45.997],[4.103,46.066],[4.077,46.202],[4.022,46.266],[3.987,46.353],[3.979,46.463],[3.741,46.549],[3.743,46.61],[3.6,46.762],[3.466,46.835],[3.366,46.842],[3.286,46.891],[3.229,46.963],[3.078,46.985]]}},{"type":"Feature","properties":{"name":"Sheksna","rank":9},"geometry":{"type":"LineString","coordinates":[[37.7395,59.0795],[37.7748,59.1121],[37.8901,59.1317],[37.9533,59.1267],[38.1738,59.0771],[38.2566,59.1168],[38.3582,59.1267],[38.478,59.2167]]}},{"type":"Feature","properties":{"name":"Sheksna","rank":9},"geometry":{"type":"LineString","coordinates":[[38.478,59.2167],[38.4713,59.2617],[38.5054,59.2993],[38.4553,59.4178],[38.485,59.4974],[38.456,59.5814],[38.5424,59.6278],[38.568,59.6698],[38.3928,59.6899],[38.3321,59.7568],[38.231,59.7996],[38.2583,59.8542],[38.1817,59.8932],[38.0844,59.9229],[38.0826,59.9642],[38.1491,59.9913],[38.1044,60.0568],[38.0325,60.0739]]}},{"type":"Feature","properties":{"name":null,"rank":9},"geometry":{"type":"LineString","coordinates":[[36.375,55.6323],[36.2515,55.6669],[36.1296,55.7364],[36.0873,55.7852],[36.0426,55.8028],[35.9299,55.8161],[35.9003,55.8475],[35.7612,55.8589],[35.7395,55.9154],[35.6965,55.9387],[35.5752,55.9322],[35.4478,55.9545],[35.3732,55.942],[35.2774,55.9546],[35.2105,55.923],[35.2115,55.899]]}},{"type":"Feature","properties":{"name":null,"rank":9},"geometry":{"type":"LineString","coordinates":[[35.3119,55.572],[35.3007,55.624],[35.3774,55.6243],[35.4065,55.6606],[35.624,55.6845],[35.6682,55.6602],[35.7944,55.6241],[35.7986,55.5987],[35.9567,55.5441],[36.0503,55.5244],[36.0927,55.5782],[36.2333,55.6247],[36.2988,55.6192],[36.375,55.6323]]}},{"type":"Feature","properties":{"name":null,"rank":9},"geometry":{"type":"LineString","coordinates":[[38.8691,55.0692],[38.75,55.1343],[38.7456,55.2239],[38.7144,55.2899],[38.5847,55.3858],[38.5431,55.3884],[38.4677,55.422],[38.3184,55.4168],[38.2409,55.4584],[38.1526,55.5454],[38.0669,55.5777],[37.9723,55.5602],[37.8951,55.583],[37.86,55.6143],[37.768,55.6516],[37.6826,55.6621],[37.6166,55.725],[37.5613,55.7323],[37.4478,55.7867],[37.3965,55.8317],[37.3482,55.8169],[37.2672,55.7664],[37.1089,55.7333],[36.939,55.7389],[36.8126,55.7283],[36.6879,55.708],[36.6602,55.6764],[36.5844,55.6475],[36.5644,55.6136],[36.44,55.6192],[36.375,55.6323]]}},{"type":"Feature","properties":{"name":"Tsna","rank":9},"geometry":{"type":"LineString","coordinates":[[41.7255,52.1936],[41.6493,52.1645],[41.6222,52.1865],[41.6526,52.3056],[41.6182,52.3396],[41.5418,52.3581],[41.4963,52.4061],[41.4477,52.4178],[41.4116,52.4674],[41.461,52.5216],[41.4776,52.5705],[41.4567,52.63],[41.4834,52.6853],[41.4591,52.7119],[41.4932,52.7669],[41.4871,52.8814],[41.5358,52.9326],[41.5001,52.9744],[41.561,53.1321],[41.609,53.1977],[41.7911,53.2571],[41.8247,53.3073],[41.7809,53.3684],[41.8254,53.4505],[41.8755,53.4914],[41.8838,53.5598],[41.8608,53.5821],[41.877,53.6392],[41.8305,53.6794],[41.8012,53.7317],[41.8181,53.795],[41.7862,53.8212],[41.8409,53.8786],[41.874,53.948],[41.8665,53.9968],[41.9111,54.0439],[42.0108,54.0638],[42.086,54.043],[42.0962,54.13],[42.0551,54.1668],[41.9732,54.204],[41.9663,54.2835],[41.9257,54.3123],[41.954,54.351],[41.9316,54.3921],[42.0277,54.461],[42.0084,54.5506],[41.9594,54.6092],[41.9663,54.6329],[41.9043,54.6975],[41.9219,54.7307],[41.8633,54.7422]]}},{"type":"Feature","properties":{"name":"Seym","rank":9},"geometry":{"type":"LineString","coordinates":[[37.1961,51.1573],[37.2485,51.1688],[37.2883,51.2007],[37.288,51.2737],[37.2284,51.3226],[37.0925,51.3653],[36.9141,51.3509],[36.8059,51.3758],[36.7008,51.4796],[36.641,51.5165],[36.5617,51.5852],[36.4145,51.6513],[36.3626,51.6839],[36.2192,51.7044],[36.0699,51.6949],[35.9986,51.6796],[35.8491,51.6754],[35.7339,51.7011],[35.7024,51.6773],[35.6098,51.6929],[35.512,51.6643],[35.4571,51.6236],[35.4058,51.6109],[35.3559,51.6219],[35.3306,51.6758],[35.2348,51.6809],[35.1581,51.7139],[35.0807,51.7032],[34.9868,51.7365],[34.9057,51.6986],[34.8295,51.6762],[34.7903,51.6144],[34.727,51.5667],[34.7345,51.537],[34.8342,51.4825],[34.8398,51.4068],[34.8106,51.3591],[34.6962,51.3235],[34.6016,51.3732],[34.4756,51.387],[34.4068,51.3788],[34.3456,51.3963],[34.2997,51.3687],[34.3082,51.3348],[34.2436,51.2744],[34.1643,51.2401],[33.9643,51.1993],[33.922,51.2091],[33.8765,51.252],[33.8723,51.3143],[33.8259,51.3245],[33.728,51.3107],[33.5967,51.3675],[33.5767,51.3929],[33.436,51.4099],[33.311,51.3857],[33.2122,51.3324],[32.9631,51.3158],[32.9153,51.3265],[32.7954,51.3918],[32.7139,51.423],[32.5449,51.4572]]}},{"type":"Feature","properties":{"name":"Sukhona","rank":4},"geometry":{"type":"LineString","coordinates":[[39.0534,59.8685],[39.2734,59.7246],[39.4508,59.6498],[39.5969,59.5586],[39.6489,59.5316],[39.69,59.5171],[39.8081,59.5184]]}},{"type":"Feature","properties":{"name":"Sukhona","rank":4},"geometry":{"type":"LineString","coordinates":[[39.0534,59.8685],[38.9985,59.9185],[38.8534,59.9427],[38.7722,59.9299],[38.6562,59.9299]]}},{"type":"Feature","properties":{"name":"Sukhona","rank":4},"geometry":{"type":"LineString","coordinates":[[39.8081,59.5184],[39.9675,59.5242],[40.0421,59.5074],[40.1226,59.458],[40.1993,59.4593],[40.2607,59.4143],[40.273,59.3674],[40.2423,59.303],[40.2781,59.2953],[40.4146,59.3446],[40.5362,59.3199],[40.6226,59.3265],[40.7041,59.3906],[40.8702,59.4296],[40.9512,59.4271],[41.0584,59.3846],[41.1917,59.4023],[41.4456,59.4085],[41.5274,59.4222],[41.6572,59.4706],[41.8291,59.4774],[41.9185,59.5146],[41.9093,59.5625],[42.0891,59.6498],[42.2947,59.6555],[42.408,59.6768],[42.4867,59.7196],[42.6235,59.7694],[42.6592,59.8574],[42.7595,59.961],[42.9129,59.9648],[43,60.0254]]}},{"type":"Feature","properties":{"name":"Tvertsa","rank":9},"geometry":{"type":"LineString","coordinates":[[33.8377,57.0196],[33.94,57.0455],[34.0131,57.0257],[34.0588,57.0371],[34.1822,57.0279],[34.4054,56.9188],[34.5006,56.8986],[34.5192,56.9226],[34.4592,56.9698],[34.5268,56.9996],[34.5754,57.0419],[34.7159,57.0651],[34.7594,57.1086],[34.7743,57.1737],[34.728,57.2399],[34.8027,57.2741],[34.9092,57.2385],[34.9199,57.1682],[34.9859,57.117],[34.9761,57.0586],[35.0274,57.0176],[35.1406,57.0102],[35.1958,56.9692],[35.1739,56.9344],[35.2688,56.9186],[35.3442,56.9468],[35.4713,56.9494],[35.5898,56.9676],[35.6751,56.9555],[35.8717,56.9532],[35.9518,56.9178],[35.9624,56.873]]}},{"type":"Feature","properties":{"name":"Dnieper","rank":4},"geometry":{"type":"LineString","coordinates":[[30.5075,51.2173],[30.5302,51.1878],[30.5058,51.0498],[30.5073,50.9398],[30.4678,50.8],[30.4824,50.6571],[30.5147,50.5966]]}},{"type":"Feature","properties":{"name":"Dnieper","rank":4},"geometry":{"type":"LineString","coordinates":[[31.4399,50.0001],[31.4691,49.9794],[31.4929,49.9105],[31.4505,49.7748],[31.4673,49.7542]]}},{"type":"Feature","properties":{"name":"Dnieper","rank":4},"geometry":{"type":"LineString","coordinates":[[33.1939,49.0939],[33.1419,49.1302],[33.038,49.1818],[32.7886,49.2617],[32.5038,49.3372],[32.3801,49.3944],[32.1279,49.4752],[31.99,49.5323],[31.888,49.5545],[31.8865,49.5547]]}},{"type":"Feature","properties":{"name":"Dnieper","rank":4},"geometry":{"type":"LineString","coordinates":[[33.542,49],[33.5371,49.002]]}},{"type":"Feature","properties":{"name":"Dnieper","rank":4},"geometry":{"type":"LineString","coordinates":[[33.3906,54.9172],[33.3388,54.9278],[33.2773,54.9135],[33.1736,54.9681],[33.1182,54.9623],[32.9898,55.0104],[32.7398,54.9278],[32.6455,54.852],[32.6611,54.7974],[32.5732,54.7623],[32.5505,54.7149],[32.4449,54.6743],[32.3315,54.7012],[32.2761,54.7491],[32.1752,54.7651],[32.1414,54.8006],[31.7192,54.7618],[31.511,54.6697],[31.4346,54.6706],[31.3845,54.7071],[31.2918,54.7112],[31.1282,54.6671],[31.0204,54.6739],[30.7656,54.638],[30.7086,54.591],[30.6393,54.5814],[30.5737,54.5398],[30.4736,54.5504],[30.3887,54.4742],[30.3916,54.4112],[30.2962,54.3319],[30.275,54.2766],[30.3712,54.1184],[30.3843,53.9676],[30.4238,53.9564],[30.4404,53.9014],[30.3235,53.8993],[30.2887,53.8794],[30.2822,53.8153],[30.2613,53.7798],[30.2962,53.7177],[30.2901,53.6474],[30.2545,53.5567],[30.2613,53.5163],[30.2996,53.502],[30.3303,53.4536],[30.3207,53.4119],[30.3712,53.3518],[30.3438,53.3239],[30.3787,53.2618],[30.2482,53.2352],[30.2389,53.2039],[30.2881,53.1176],[30.2408,53.0847],[30.1993,53.0872],[30.1173,53.1253],[30.0764,53.1086],[30.0632,53.0815],[30.011,53.0266],[30.0491,53.0012],[30.0776,52.834],[30.131,52.7485],[30.1953,52.6723],[30.2613,52.6319],[30.2825,52.5977],[30.2475,52.5552],[30.2688,52.4981],[30.3727,52.4401],[30.3438,52.399],[30.4048,52.378],[30.4921,52.3286],[30.5562,52.3227],[30.5147,52.2551],[30.5953,52.201],[30.6245,52.1589],[30.699,52.1371],[30.6934,52.1117],[30.7258,52.0538],[30.7771,52.0076],[30.8101,51.9186],[30.7493,51.8998],[30.6616,51.8196],[30.67,51.7908],[30.6133,51.7032],[30.5698,51.7001],[30.5337,51.5535],[30.5835,51.5425],[30.5968,51.4746],[30.5873,51.4276],[30.6221,51.4124],[30.6377,51.3361],[30.5794,51.304],[30.5501,51.2371],[30.5075,51.2173]]}},{"type":"Feature","properties":{"name":"Dnieper","rank":4},"geometry":{"type":"LineString","coordinates":[[31.4399,50.0001],[31.3644,50.012],[31.235,49.9719],[31.1791,49.9719],[31.1306,49.9952],[31.0398,50.0086],[30.9678,50.0531],[30.9155,50.1087],[30.7476,50.1771],[30.6723,50.254],[30.6436,50.3084],[30.5839,50.3567],[30.5644,50.4402],[30.5357,50.4663],[30.5016,50.5482],[30.5147,50.5966]]}},{"type":"Feature","properties":{"name":"Dnieper","rank":4},"geometry":{"type":"LineString","coordinates":[[31.888,49.5545],[31.824,49.5629],[31.738,49.6306],[31.6491,49.6477],[31.5608,49.6909],[31.4673,49.7542],[31.4624,49.7567]]}},{"type":"Feature","properties":{"name":"Dnieper","rank":4},"geometry":{"type":"LineString","coordinates":[[33.5371,49.002],[33.365,49.074],[33.1939,49.0939]]}},{"type":"Feature","properties":{"name":"Dnepre","rank":4},"geometry":{"type":"LineString","coordinates":[[33.7354,55.8737],[33.8268,55.8292],[33.7686,55.7749],[33.9067,55.7193],[33.8398,55.6502],[33.7934,55.6302],[33.7813,55.5696],[33.7422,55.5407],[33.6376,55.572],[33.5733,55.5466],[33.5579,55.4827],[33.5584,55.442],[33.5987,55.3319],[33.5592,55.2426],[33.5044,55.227],[33.4889,55.1679],[33.4457,55.1023],[33.4418,55.0506],[33.3897,54.9988],[33.4157,54.9357],[33.3906,54.9172]]}},{"type":"Feature","properties":{"name":"Vistula","rank":5},"geometry":{"type":"LineString","coordinates":[[19,49.9366],[19.1218,49.9649],[19.1211,49.9923],[19.1658,50.0583],[19.2293,50.069],[19.2902,50.048],[19.3508,50.0525],[19.4204,50.0274],[19.5131,50.0299],[19.6157,49.9791],[19.7668,49.9796],[19.8046,50.0178],[19.8535,50.0382],[19.989,50.0622],[20.163,50.041],[20.2703,50.0729],[20.2907,50.0963],[20.4172,50.1354],[20.5532,50.1387],[20.5991,50.1509],[20.7259,50.2366],[20.771,50.2745],[20.9597,50.3139],[21.0491,50.3181],[21.1201,50.3487],[21.1813,50.3376],[21.2449,50.3831],[21.3601,50.4457],[21.4043,50.4439],[21.4352,50.4868],[21.5949,50.5246],[21.644,50.5581],[21.6689,50.6085],[21.745,50.6748],[21.8063,50.6914],[21.8405,50.7399],[21.8393,50.8513],[21.8005,50.9298],[21.8193,51.0416],[21.7717,51.1515],[21.8035,51.2485],[21.874,51.3023],[21.9762,51.3429],[21.9304,51.452],[21.8476,51.4985],[21.8213,51.5626],[21.7541,51.5618],[21.6748,51.5767],[21.6321,51.6123],[21.5656,51.6313],[21.5519,51.6592],[21.4746,51.6664],[21.4086,51.7337],[21.4253,51.7762],[21.3759,51.8284],[21.2809,51.8572],[21.2292,51.9056],[21.2713,51.9434],[21.2719,51.971],[21.2158,51.999],[21.1951,52.0627],[21.2024,52.1043],[21.1282,52.1602],[21.079,52.2128],[21.0427,52.2225],[20.9827,52.296],[20.9411,52.3096],[20.8977,52.3677],[20.8189,52.378],[20.685,52.4231],[20.539,52.4258],[20.4551,52.4121],[20.3827,52.3816],[20.2729,52.3875],[20.1586,52.3745],[20.0285,52.3886],[19.8757,52.4641],[19.759,52.4846],[19.698,52.5352],[19.5476,52.5661],[19.4329,52.6054],[19.3823,52.6322],[19.3015,52.6339],[19.0558,52.6755],[19,52.7193]]}},{"type":"Feature","properties":{"name":"Neva","rank":5},"geometry":{"type":"LineString","coordinates":[[31.0427,59.951],[31.1697,59.9567],[31.2268,59.9936],[31.3316,60.1049],[31.4141,60.2348]]}},{"type":"Feature","properties":{"name":"Neva","rank":5},"geometry":{"type":"LineString","coordinates":[[31.0427,59.951],[31.0089,59.9416],[30.9841,59.8784],[30.9356,59.8474],[30.7705,59.7977],[30.6608,59.8085],[30.4835,59.8958],[30.3901,59.9576],[30.3379,59.9545],[30.2197,59.9162]]}},{"type":"Feature","properties":{"name":"Svir","rank":5},"geometry":{"type":"LineString","coordinates":[[31.4141,60.2348],[31.5108,60.3706],[31.6548,60.4653],[31.7716,60.5]]}},{"type":"Feature","properties":{"name":"Svir","rank":5},"geometry":{"type":"LineString","coordinates":[[32.7889,60.5],[32.7895,60.4711],[32.7949,60.4726]]}},{"type":"Feature","properties":{"name":"Svir","rank":5},"geometry":{"type":"LineString","coordinates":[[32.7895,60.4711],[32.8965,60.5]]}},{"type":"Feature","properties":{"name":"Zapadnaya Dvina","rank":5},"geometry":{"type":"LineString","coordinates":[[32.0776,56.9077],[32.0571,56.8668],[32.2163,56.8441],[32.2999,56.7952],[32.3174,56.701],[32.2625,56.634],[32.2579,56.5624],[32.1998,56.5502],[32.1526,56.5105],[32.1192,56.4081],[32.0632,56.3526],[32.1011,56.2025],[31.9683,56.1679],[32.0025,56.0884],[31.9683,56.064],[31.8948,56.0624],[31.7974,56.0387],[31.583,56.0699],[31.5244,56.0638],[31.4976,56.029],[31.3447,55.9641],[31.4129,55.8898],[31.406,55.8315],[31.4675,55.729],[31.4977,55.6978],[31.4838,55.6631],[31.4129,55.6676],[31.3479,55.6329],[31.2173,55.6329],[31.1165,55.585],[31.1069,55.5328],[30.9985,55.48],[30.8259,55.4652],[30.7026,55.4169],[30.5903,55.4349],[30.5056,55.4117],[30.3429,55.3221],[30.1928,55.2545],[30.1173,55.2425],[30.1931,55.1981],[30.1685,55.1728],[29.9529,55.1679],[29.8857,55.1835],[29.867,55.2173],[29.7276,55.1776],[29.7324,55.1238],[29.6519,55.1332],[29.5867,55.1258],[29.5469,55.0917],[29.4595,55.0506],[29.4308,55.0753],[29.4312,55.1319],[29.37,55.1195],[29.3121,55.1448],[29.2404,55.2293],[29.2067,55.2667],[29.1519,55.2543],[29.0635,55.3025],[29.0545,55.3264],[28.9846,55.3649],[29.0162,55.4201],[28.9462,55.4349],[28.8438,55.4762],[28.7138,55.5023],[28.6718,55.5441],[28.5792,55.5646],[28.4902,55.5313],[28.4353,55.5503],[28.3052,55.5472],[28.1378,55.5897],[28.0918,55.6502],[28.012,55.6779],[27.9258,55.7233],[27.9176,55.8148],[27.8357,55.8253],[27.7737,55.8074],[27.5641,55.7925],[27.4384,55.799],[27.3741,55.8151],[27.2703,55.8663],[27.2003,55.8598],[27.1538,55.888],[26.9413,55.8799],[26.9197,55.9166],[26.8575,55.8919],[26.8023,55.9124],[26.7363,55.8878],[26.7048,55.9283],[26.6433,55.9072],[26.6018,55.8737],[26.5141,55.8713],[26.4379,55.9146],[26.3766,55.9977],[26.3281,56.1625],[26.2641,56.2106],[26.1933,56.2259],[26.1975,56.2757],[26.1567,56.3802],[26.0847,56.4143],[26.0432,56.4561],[25.8766,56.4953],[25.7869,56.5303],[25.7481,56.5664],[25.7603,56.6055],[25.6465,56.5963],[25.5792,56.5761],[25.4959,56.5819],[25.4955,56.6118],[25.3984,56.6307],[25.3139,56.593],[25.2354,56.5856],[25.1181,56.6244],[24.9917,56.6204],[24.9052,56.6477],[24.8682,56.6954],[24.7563,56.7232],[24.6184,56.7849],[24.5877,56.8122],[24.5256,56.8143],[24.4575,56.8373],[24.3862,56.8421],[24.2587,56.873],[24.1052,56.9568],[24.0893,57.0323],[24.0501,57.071]]}},{"type":"Feature","properties":{"name":"Dniester","rank":6},"geometry":{"type":"LineString","coordinates":[[22.9042,49.2196],[22.8472,49.253],[22.8809,49.3018],[22.9646,49.3218],[23.0117,49.3558],[22.977,49.3968],[23.0227,49.4481],[23.121,49.4725],[23.1742,49.4967],[23.2804,49.5256],[23.3613,49.5372],[23.4519,49.5826],[23.5309,49.5792],[23.6467,49.539],[23.725,49.5245],[23.7646,49.4998],[23.8291,49.494],[23.8738,49.5086],[23.9583,49.5036],[23.9858,49.4682],[24.0935,49.4262],[24.1458,49.4383],[24.1996,49.4134],[24.2599,49.3283],[24.2525,49.3018],[24.3222,49.2447],[24.4055,49.2307],[24.5341,49.2224],[24.5971,49.1934],[24.6401,49.1568],[24.7385,49.1231],[24.7555,49.0747],[24.8209,49.0288],[24.9092,49.0337],[24.9599,49]]}},{"type":"Feature","properties":{"name":"Vuoksi","rank":6},"geometry":{"type":"LineString","coordinates":[[31.1868,60.5],[31.2029,60.4898],[31.315,60.3466],[31.4121,60.2357]]}},{"type":"Feature","properties":{"name":"Don","rank":6},"geometry":{"type":"LineString","coordinates":[[39.1012,52.0148],[39.0973,52.0396],[39.1702,52.0838],[39.1238,52.1658],[39.0561,52.1876],[38.9367,52.2818],[39.0204,52.3121],[38.985,52.3302],[38.8566,52.3281],[38.8508,52.3567],[38.9,52.385],[38.9026,52.4295],[38.9306,52.481],[38.8889,52.522],[38.893,52.5559],[38.9386,52.6319],[38.9026,52.6728],[38.9,52.722],[38.9648,52.7827],[39.0107,52.7949],[39.0034,52.8837],[39.0501,52.9095],[39.1292,52.9466],[39.0881,52.9676],[39.1572,53.0105],[39.1845,53.1048],[39.1254,53.1429],[39.1189,53.2037],[39.1646,53.2217],[39.1372,53.2707],[39.1466,53.3766],[39.1313,53.4532],[38.9913,53.4883],[39.033,53.5532],[38.9708,53.5908],[38.8982,53.5812],[38.8064,53.6113],[38.7841,53.6475],[38.6699,53.6727],[38.5963,53.7188],[38.5259,53.7211],[38.5049,53.7562],[38.5463,53.8515],[38.4501,53.9182],[38.4501,53.9539],[38.3667,54.0082],[38.3062,54.0638]]}},{"type":"Feature","properties":{"name":"Don","rank":6},"geometry":{"type":"LineString","coordinates":[[43,49.4284],[42.9457,49.4173],[42.8839,49.4343],[42.8223,49.48],[42.7739,49.4862],[42.7994,49.5247],[42.7866,49.5736],[42.7488,49.5895],[42.6606,49.5621],[42.5964,49.5894],[42.4936,49.5759],[42.3759,49.5836],[42.2676,49.6054],[42.1035,49.596],[41.9797,49.6173],[41.9247,49.5818],[41.7744,49.5865],[41.71,49.6214],[41.6541,49.6097],[41.5108,49.6255],[41.4512,49.5987],[41.3357,49.5755],[41.2475,49.6204],[41.2888,49.682],[41.2327,49.7189],[41.2208,49.7515],[41.0719,49.7979],[40.9475,49.791],[40.9099,49.9046],[40.8282,49.9352],[40.8047,49.9815],[40.7051,49.925],[40.6189,49.9482],[40.6431,49.9796],[40.5484,50.0576],[40.4544,50.1673],[40.3853,50.1383],[40.4148,50.092],[40.363,50.0548],[40.2461,50.1031],[40.1123,50.0752],[40.0133,50.0841],[40.0092,50.1251],[40.0421,50.2281],[39.9809,50.2752],[39.9711,50.3143],[40.0097,50.3372],[40.0608,50.4253],[40.0945,50.4395],[40.0198,50.4774],[40.0396,50.5072],[39.969,50.5432],[39.8783,50.5675],[39.9219,50.6289],[39.874,50.6246],[39.7627,50.6984],[39.7478,50.7508],[39.7637,50.7862],[39.8396,50.7934],[39.8473,50.821],[39.766,50.8983],[39.7595,50.9333],[39.7214,50.9538],[39.6362,50.9461],[39.3941,50.9771],[39.2937,51.0007],[39.2331,50.9782],[39.1565,50.9907],[39.1256,51.0537],[39.1441,51.0946],[39.2729,51.1383],[39.2937,51.1583],[39.2554,51.1918],[39.1674,51.2181],[39.2048,51.2893],[39.1708,51.3312],[39.09,51.352],[39.033,51.4047],[39.0121,51.4624],[39.0746,51.5221],[38.9988,51.5828],[39.0513,51.6402],[39.0278,51.7],[39.0746,51.7473],[39.0659,51.7762],[39.1528,51.9095],[39.1065,51.9525],[39.1012,52.0081]]}},{"type":"Feature","properties":{"name":"Suda","rank":7},"geometry":{"type":"LineString","coordinates":[[37.539,59.1894],[37.7158,59.1229],[37.7395,59.0795],[37.7833,59.0274],[38.0415,58.9182],[38.1619,58.7779],[38.249,58.619],[38.3061,58.5424],[38.3705,58.4352],[38.4077,58.2875]]}},{"type":"Feature","properties":{"name":"Suda","rank":7},"geometry":{"type":"LineString","coordinates":[[35.2127,60.3461],[35.365,60.2875],[35.3429,60.2623],[35.255,60.2332],[35.2563,60.1861],[35.4485,60.1754],[35.4797,60.158],[35.492,60.0991],[35.5494,60.0643],[35.7244,60.0494],[35.8008,60.0039],[35.919,59.9931],[36.0787,59.8662],[36.1088,59.804],[36.1978,59.7431],[36.2477,59.6729],[36.2978,59.6489],[36.4601,59.6177],[36.5652,59.5559],[36.6292,59.4706],[36.8422,59.3423],[37.1807,59.2241],[37.4255,59.1822],[37.539,59.1894]]}},{"type":"Feature","properties":{"name":"Narva","rank":7},"geometry":{"type":"LineString","coordinates":[[28.1812,59.3561],[28.1455,59.314],[28.0298,59.2799],[27.9605,59.2884],[27.8953,59.255],[27.8707,59.173]]}},{"type":"Feature","properties":{"name":"Narva","rank":7},"geometry":{"type":"LineString","coordinates":[[27.734,58.9935],[27.561,58.9127],[27.4483,58.8282],[27.4126,58.7837],[27.4487,58.6588],[27.5224,58.493],[27.5462,58.4129],[27.5418,58.367],[27.4936,58.3199],[27.4947,58.2217],[27.5792,58.1262],[27.6661,58.0804],[27.7998,58.0852],[27.8991,58.0526],[28.0469,57.9484],[28.1416,57.8692]]}},{"type":"Feature","properties":{"name":"Narva","rank":7},"geometry":{"type":"LineString","coordinates":[[28.1812,59.3564],[28.186,59.3753],[28.1044,59.4395],[28.0203,59.4796]]}},{"type":"Feature","properties":{"name":"Narva","rank":7},"geometry":{"type":"LineString","coordinates":[[27.734,58.9935],[27.7945,59.102],[27.8707,59.173]]}},{"type":"Feature","properties":{"name":"Pripyat","rank":7},"geometry":{"type":"LineString","coordinates":[[30.5152,51.1377],[30.46,51.1788]]}},{"type":"Feature","properties":{"name":"Pripyat","rank":7},"geometry":{"type":"LineString","coordinates":[[25.5466,52.0285],[25.7044,52.0694],[25.8906,52.0693],[25.9982,52.1005],[26.0674,52.0974],[26.1445,52.116],[26.3203,52.1054],[26.3818,52.0975],[26.4369,52.1224],[26.492,52.1179],[26.6598,52.1249],[26.729,52.1179],[26.8218,52.1441],[26.9009,52.1346],[26.9794,52.1609],[27.0713,52.1452],[27.2666,52.1452],[27.3609,52.1531],[27.4385,52.1309],[27.562,52.1247],[27.669,52.1043],[27.7247,52.0817],[27.7842,52.0838],[27.8735,52.0592],[27.9214,52.0769],[28.0507,52.0661],[28.1538,52.0914],[28.1951,52.1142],[28.2913,52.1043],[28.3565,52.0694],[28.4057,52.0933],[28.5657,52.1309],[28.647,52.1366],[28.7537,52.1043],[28.8618,52.1354],[29.0427,52.1108],[29.1215,52.1146],[29.3328,52.0136],[29.4048,51.9596],[29.4824,51.9381],[29.4799,51.8671],[29.5229,51.7889],[29.5972,51.7547],[29.6543,51.764],[29.6685,51.7159],[29.7229,51.6489],[29.8336,51.579],[29.871,51.535],[29.9106,51.5441],[29.9394,51.4737],[29.9893,51.468],[30.0149,51.4395],[30.0833,51.4252],[30.1436,51.3955],[30.169,51.3644],[30.1589,51.3297],[30.2,51.3166],[30.2302,51.275],[30.3147,51.2458],[30.3276,51.2226],[30.4126,51.2069],[30.46,51.1788]]}},{"type":"Feature","properties":{"name":"Donets","rank":7},"geometry":{"type":"LineString","coordinates":[[36.95,50.9802],[36.8707,50.9566],[36.8404,50.8941],[36.7315,50.8045],[36.6757,50.7369],[36.6339,50.6649],[36.6002,50.5762],[36.6765,50.4527],[36.7302,50.4322],[36.7994,50.3733],[36.8106,50.3236],[36.8473,50.2883],[36.8259,50.1617],[36.8034,50.0809],[36.8121,50.0411],[36.873,49.9757],[36.9669,49.8942],[36.922,49.8288],[36.8619,49.8131],[36.7451,49.8599],[36.6961,49.8493],[36.6837,49.8162],[36.5823,49.7889],[36.5177,49.7095],[36.4223,49.6643],[36.3467,49.6609],[36.3328,49.6044],[36.3827,49.5526],[36.4656,49.5343],[36.5361,49.5017],[36.5752,49.5172],[36.6339,49.4725],[36.7481,49.4396],[36.8123,49.4092],[36.8814,49.4086],[37.059,49.3767],[37.1461,49.3065],[37.0864,49.2739],[36.9561,49.3044],[36.9258,49.2758],[36.9439,49.2316],[36.9083,49.192],[36.9353,49.1712],[37.022,49.164],[37.0598,49.1783],[37.0933,49.151],[37.1793,49.1381],[37.2993,49.1845],[37.3062,49.1312],[37.3228,49.1231],[37.3643,49.1231],[37.3899,49.1155],[37.4018,49.1157],[37.4644,49.08],[37.4985,49.0299],[37.5517,49.0253],[37.6218,49.0462],[37.6149,49]]}},{"type":"Feature","properties":{"name":"Donets","rank":7},"geometry":{"type":"LineString","coordinates":[[38.2423,49],[38.3088,49.02],[38.3418,49]]}},{"type":"Feature","properties":{"name":"Oka","rank":7},"geometry":{"type":"LineString","coordinates":[[37.072,54.5361],[37.2075,54.6878],[37.1832,54.7185],[37.2284,54.8082],[37.3147,54.8682],[37.4693,54.8661],[37.5504,54.8373],[37.6446,54.8392],[37.7444,54.8179],[37.8438,54.8383],[38.0825,54.83],[38.1866,54.8725],[38.4433,54.852],[38.5271,54.8337],[38.6078,54.8446],[38.6558,54.8929],[38.7033,54.9025],[38.7511,54.9408],[38.7376,55.01],[38.7579,55.0368],[38.8691,55.0692],[38.9916,55.0887],[39.2247,54.9923],[39.2919,54.8913],[39.35,54.8614],[39.5496,54.8953],[39.5537,54.8589],[39.6802,54.8662],[39.7691,54.8441],[39.7595,54.8134],[39.6734,54.7838],[39.6697,54.7353],[39.7715,54.6339],[39.8355,54.6329],[39.8721,54.6118],[40.0334,54.5646],[39.992,54.5367],[40.0883,54.5198],[40.1153,54.502]]}},{"type":"Feature","properties":{"name":"Oka","rank":7},"geometry":{"type":"LineString","coordinates":[[40.1153,54.5094],[40.2309,54.4736],[40.2705,54.435],[40.2595,54.3774],[40.3291,54.3463],[40.4098,54.3749],[40.4332,54.4363],[40.5056,54.4534],[40.5468,54.4337],[40.5874,54.3787],[40.7262,54.3518],[40.7735,54.3101],[40.8787,54.3474],[40.8536,54.4067],[40.9448,54.4337],[41.0339,54.4973],[41.0513,54.5646],[41.0198,54.5948],[41.0286,54.6683],[40.9993,54.6876],[41.0225,54.7543],[41.0042,54.7629],[41.0401,54.7974],[41.1296,54.8247],[41.0986,54.9071],[41.1646,54.9685],[41.2444,54.962],[41.2754,54.9168],[41.3572,54.947],[41.3893,54.9307],[41.4087,54.8535],[41.5938,54.7863],[41.6448,54.8184],[41.7124,54.8316],[41.7363,54.7974],[41.8633,54.7422],[41.8967,54.7805],[41.8432,54.8421],[41.7719,54.8663],[41.7586,55.0135],[41.7346,55.0856],[41.75,55.1434],[41.7979,55.1729],[41.8587,55.241],[41.9541,55.2778],[41.933,55.3299],[42.0006,55.3373],[42.0134,55.3732],[42.1171,55.4218],[42.1336,55.4588],[42.0684,55.4813],[42.0688,55.5503],[42.0414,55.5751],[42.0557,55.613],[42.1419,55.6752],[42.281,55.77],[42.3803,55.7769],[42.4216,55.8218],[42.4864,55.852],[42.4939,55.9072],[42.7549,55.9722],[42.9185,55.9556],[43,55.9778]]}},{"type":"Feature","properties":{"name":"Oka","rank":7},"geometry":{"type":"LineString","coordinates":[[43,56.1257],[42.9663,56.1536],[43,56.1848]]}},{"type":"Feature","properties":{"name":"Oka","rank":7},"geometry":{"type":"LineString","coordinates":[[36.2482,52.3922],[36.0746,52.4136],[36.0435,52.4396],[36.0278,52.5269],[35.9228,52.5493],[35.9093,52.6469],[35.8391,52.7274],[35.8569,52.8032],[35.9228,52.8509],[35.9982,52.8894],[36.0518,52.9403],[36.0791,53.0502],[36.167,53.086],[36.2306,53.0911],[36.2969,53.1436],[36.3193,53.2072],[36.3193,53.283],[36.3709,53.2997],[36.3882,53.4337],[36.3716,53.4525],[36.3082,53.4848],[36.2975,53.5146],[36.2306,53.5772],[36.189,53.5908],[36.2306,53.687],[36.1602,53.7978],[36.1753,53.8481],[36.1616,53.8985],[36.206,53.9354],[36.189,54.0023],[36.3009,54.0327],[36.3261,54.057],[36.2709,54.1047],[36.2647,54.1593],[36.3042,54.2072],[36.1773,54.2423],[36.1633,54.2642],[36.1358,54.3065],[36.1689,54.3569],[36.1515,54.3989],[36.0927,54.4268],[36.1248,54.5114],[36.1958,54.5094],[36.3301,54.4829],[36.4037,54.4554],[36.4903,54.4505],[36.5999,54.4224],[36.7481,54.4348],[36.8604,54.4268],[37.0134,54.4793],[37.0733,54.5367]]}},{"type":"Feature","properties":{"name":"Desna","rank":7},"geometry":{"type":"LineString","coordinates":[[33.9414,54.3723],[34.0195,54.3958],[34.0923,54.3654],[34.106,54.3381],[34.0772,54.2713],[34.127,54.2425],[34.156,54.1957],[34.271,54.1941],[34.3362,54.1578],[34.3796,54.0979],[34.3723,54.0554],[34.4038,54.0401],[34.3858,53.9962],[34.3787,53.912],[34.4273,53.8515],[34.4063,53.7255],[34.4251,53.6972],[34.4895,53.6665],[34.5372,53.5982],[34.4521,53.564],[34.4273,53.5294],[34.4386,53.4746],[34.3972,53.4293],[34.3825,53.3572],[34.3313,53.3096],[34.3767,53.2628],[34.3749,53.2388],[34.2636,53.1833],[34.2515,53.1436],[34.1366,53.1253],[34.0545,52.9981],[34.0302,52.9403],[33.9788,52.8697],[34.0144,52.7728],[33.9961,52.7485],[34.0234,52.6837],[34.0066,52.6505],[33.8899,52.5977],[33.7705,52.5787],[33.7324,52.5441],[33.6404,52.522],[33.6162,52.4879],[33.4839,52.4441],[33.4521,52.383],[33.4138,52.3643]]}},{"type":"Feature","properties":{"name":"Desna","rank":7},"geometry":{"type":"LineString","coordinates":[[33.4207,52.3643],[33.3881,52.316],[33.3593,52.2482],[33.3176,52.2097],[33.3245,52.152],[33.2965,52.1309],[33.3049,52.0853],[33.2625,52.0353],[33.3518,51.9944],[33.3661,51.9466],[33.2719,51.9287],[33.2249,51.9056],[33.1606,51.9041],[33.0619,51.7928],[33.0986,51.7271],[33.1531,51.6929],[33.1333,51.6654],[33.0092,51.6108],[32.8847,51.6092],[32.8256,51.5668],[32.7301,51.5737],[32.6393,51.5494],[32.5574,51.5084],[32.56,51.4732],[32.499,51.4457],[32.4717,51.4674],[32.3208,51.4395],[32.3009,51.451],[32.0922,51.4075],[32.0371,51.3775],[31.9164,51.3501],[31.8652,51.3842],[31.7223,51.4491],[31.6925,51.4989],[31.5493,51.522],[31.459,51.5062],[31.3212,51.482],[31.2369,51.4175],[31.2217,51.3813],[31.1316,51.3297],[31.1397,51.3084],[31.0805,51.2856],[31.0303,51.2281],[30.9482,51.1953],[30.9096,51.1604],[30.9199,51.1378],[30.855,51.0538],[30.8442,51.015],[30.8789,50.9631],[30.8027,50.8983],[30.8123,50.8737],[30.6944,50.7824],[30.6797,50.7269],[30.7251,50.7003],[30.7002,50.6649],[30.7063,50.6102],[30.5817,50.5844],[30.5554,50.5256],[30.5644,50.4402],[30.5649,50.4383]]}},{"type":"Feature","properties":{"name":"Khopr","rank":7},"geometry":{"type":"LineString","coordinates":[[43,51.5362],[42.9287,51.535],[42.8834,51.5662],[42.8306,51.5607],[42.7705,51.5933],[42.7039,51.5989],[42.5928,51.5817],[42.5621,51.5146],[42.569,51.4849],[42.6241,51.4327],[42.5144,51.3985],[42.4883,51.3604],[42.4939,51.3091],[42.4387,51.275],[42.3784,51.2564],[42.2809,51.2773],[42.2284,51.2329],[42.1301,51.2676],[42.0528,51.3303],[42.0142,51.3364],[41.8852,51.3104],[41.8171,51.2656],[41.7466,51.275],[41.6422,51.1733],[41.6094,51.1236],[41.6367,51.1103],[41.646,51.0521],[41.8149,50.994],[41.8633,50.9461],[41.9126,50.9407],[41.9111,50.8908],[41.88,50.8758],[41.8496,50.8157],[41.9615,50.8102],[41.8941,50.7577],[41.8477,50.6804],[41.9111,50.6302],[41.8852,50.602],[41.8922,50.5619],[41.9316,50.5482],[41.9282,50.442],[41.9091,50.406],[41.9693,50.3385],[41.9589,50.2949],[42.0452,50.2202],[42.1792,50.198],[42.25,50.1893],[42.3152,50.1584],[42.3775,50.0903],[42.4387,50.0548],[42.3933,49.9911],[42.322,49.9666],[42.3315,49.906],[42.3075,49.8741],[42.419,49.8201],[42.5144,49.8019],[42.4461,49.7742],[42.4213,49.699],[42.3384,49.6797],[42.3499,49.65],[42.2903,49.6439],[42.3152,49.596]]}},{"type":"Feature","properties":{"name":"Vilija","rank":7},"geometry":{"type":"LineString","coordinates":[[27.8836,54.68],[27.7879,54.6528],[27.6797,54.6756],[27.5688,54.6329],[27.543,54.6014],[27.3997,54.567],[27.2927,54.5508],[27.2268,54.5069],[27.1021,54.4883],[26.9771,54.5022],[26.9376,54.4957],[26.8355,54.4307],[26.7457,54.4138],[26.6358,54.4411],[26.5709,54.43],[26.4858,54.4685],[26.4038,54.5237],[26.3964,54.5646],[26.4448,54.5852],[26.4107,54.6596],[26.2869,54.6918],[26.2962,54.7455],[26.1338,54.8384],[26.0811,54.839],[25.9138,54.7868],[25.8211,54.8334],[25.7533,54.8247],[25.7314,54.8628],[25.636,54.9073],[25.5401,54.8586],[25.5125,54.8316],[25.3969,54.8606],[25.3566,54.8094],[25.3652,54.7626],[25.2934,54.7353],[25.3002,54.7012],[25.2213,54.6876],[25.204,54.6596],[25.1006,54.6793],[24.9784,54.7596],[24.9058,54.79],[24.856,54.8504],[24.7726,54.9135],[24.6753,54.932],[24.5396,54.9981],[24.4679,55.0118],[24.4287,55.0474],[24.3806,55.0607],[24.3339,55.0991],[24.257,55.0739],[24.12,55.0509],[24.0768,54.9923],[23.928,54.9539],[23.8786,54.9053],[23.8366,54.9076]]}},{"type":"Feature","properties":{"name":"Velikaya","rank":7},"geometry":{"type":"LineString","coordinates":[[29.6376,56.6204],[29.5986,56.5976],[29.4595,56.5987],[29.5237,56.5613],[29.5835,56.4935],[29.5884,56.4558],[29.5265,56.4003],[29.4758,56.3949],[29.4253,56.428],[29.3298,56.4483],[29.2573,56.4345],[29.1072,56.4348],[29.0348,56.4143],[29.0144,56.387],[28.9238,56.3726],[28.9151,56.428],[28.8289,56.4348],[28.71,56.4944],[28.6969,56.5341],[28.6142,56.6057],[28.6168,56.6512],[28.6602,56.6914],[28.6513,56.7501],[28.7128,56.8122],[28.7153,56.8482],[28.7667,56.8668],[28.7637,56.9146],[28.8108,56.963],[28.85,57.0313],[28.8233,57.057],[28.8425,57.1033],[28.7532,57.1176],[28.7105,57.1787],[28.5339,57.1622],[28.4854,57.1993],[28.4795,57.269],[28.4542,57.3518],[28.3804,57.3465],[28.1681,57.3902],[28.1626,57.4432],[28.194,57.4888],[28.1653,57.5241],[28.1588,57.5889],[28.1856,57.6086],[28.1777,57.6681],[28.2415,57.7008],[28.3064,57.7081],[28.3565,57.7648],[28.3297,57.8244],[28.1416,57.8692]]}},{"type":"Feature","properties":{"name":"Nemunas","rank":7},"geometry":{"type":"LineString","coordinates":[[23.8366,54.9076],[23.7511,54.9346],[23.6309,54.9443],[23.6013,54.9681],[23.551,55.05],[23.4841,55.0506],[23.412,55.0786],[23.3196,55.0711],[23.0015,55.1053],[22.9252,55.0834],[22.8709,55.0922],[22.6616,55.0643],[22.5718,55.0814],[22.4358,55.0581],[22.2507,55.0711],[22.197,55.0631],[22.0994,55.0302],[22.0273,55.0447],[22.0148,55.0887],[21.9509,55.0808],[21.8193,55.1195],[21.7502,55.1282],[21.6047,55.1927],[21.5034,55.1946],[21.4672,55.2115],[21.405,55.2727],[21.3494,55.288],[21.2676,55.2486]]}},{"type":"Feature","properties":{"name":"Southern Bug","rank":8},"geometry":{"type":"LineString","coordinates":[[27.6904,49.4746],[27.6504,49.4688],[27.6148,49.4086],[27.4727,49.4173]]}},{"type":"Feature","properties":{"name":"Southern Bug","rank":8},"geometry":{"type":"LineString","coordinates":[[26.5019,49.6212],[26.6608,49.5597],[26.7437,49.5048],[26.8215,49.4936],[27.0474,49.4103],[27.1753,49.3836],[27.3184,49.3763],[27.3765,49.4248],[27.4257,49.4359],[27.4727,49.4173]]}},{"type":"Feature","properties":{"name":"Southern Bug","rank":8},"geometry":{"type":"LineString","coordinates":[[27.6904,49.4746],[27.7378,49.5353],[27.7705,49.5272],[27.8276,49.5562],[27.9351,49.555],[27.9661,49.5272],[28.0597,49.5082],[28.1236,49.5067],[28.1807,49.489],[28.334,49.4737],[28.3958,49.388],[28.4868,49.3353],[28.4591,49.2785],[28.4589,49.2255],[28.439,49.1845],[28.295,49.1026],[28.3325,49.0433],[28.3838,49.0337],[28.5173,49.0305],[28.5625,49.0002],[28.648,49.0207],[28.655,49]]}},{"type":"Feature","properties":{"name":"Volga","rank":3},"geometry":{"type":"LineString","coordinates":[[38.4343,58.02],[38.2988,58.0804],[38.2966,58.1284],[38.33,58.1791],[38.406,58.2486],[38.4077,58.2875],[38.468,58.2329],[38.5979,58.1605],[38.704,58.1131]]}},{"type":"Feature","properties":{"name":"Volga","rank":3},"geometry":{"type":"LineString","coordinates":[[41.3425,57.4933],[41.1956,57.5076],[41.1301,57.5468],[41.0675,57.6448],[40.915,57.7766],[40.8117,57.8071],[40.7033,57.8052],[40.6677,57.8057],[40.5528,57.7693],[40.3886,57.7373],[40.2242,57.666],[40.1284,57.5832],[40.0071,57.5667]]}},{"type":"Feature","properties":{"name":"Volga","rank":3},"geometry":{"type":"LineString","coordinates":[[37.761,57.2908],[37.8591,57.2684],[37.9795,57.3056],[38.0894,57.3797],[38.1272,57.4181],[38.2422,57.4844],[38.3009,57.5716]]}},{"type":"Feature","properties":{"name":"Volga","rank":3},"geometry":{"type":"LineString","coordinates":[[37.1511,56.7534],[37.1482,56.7524],[37.1056,56.7432],[37.0377,56.7797],[36.9156,56.803],[36.7642,56.783],[36.7544,56.7217],[36.7252,56.6951],[36.6002,56.629],[36.5473,56.6321],[36.5196,56.6527],[36.3745,56.7064]]}},{"type":"Feature","properties":{"name":"Volga","rank":3},"geometry":{"type":"LineString","coordinates":[[43,57.3818],[42.8513,57.382],[42.773,57.4365],[42.7159,57.4378],[42.5758,57.4155]]}},{"type":"Feature","properties":{"name":"Volga","rank":3},"geometry":{"type":"LineString","coordinates":[[38.3009,57.5716],[38.36,57.6234],[38.4234,57.737],[38.4937,57.824],[38.4967,57.9046],[38.4537,57.9644],[38.437,58.0175]]}},{"type":"Feature","properties":{"name":"Volga","rank":3},"geometry":{"type":"LineString","coordinates":[[40.0071,57.5667],[39.9132,57.6105],[39.8803,57.6541],[39.802,57.7028],[39.7932,57.7753],[39.7573,57.8098],[39.6602,57.8089],[39.5816,57.8803],[39.4872,57.9133],[39.4273,57.9486],[39.3448,57.9555],[39.2486,58.0118],[39.1699,58.0344],[38.8453,58.0633],[38.766,58.0815],[38.704,58.1131]]}},{"type":"Feature","properties":{"name":"Volga","rank":3},"geometry":{"type":"LineString","coordinates":[[41.3437,57.4931],[41.4796,57.479],[41.6331,57.4321],[41.7371,57.4471],[41.8203,57.4322],[42.0274,57.5068],[42.1091,57.494],[42.1645,57.4507],[42.2019,57.4472],[42.3248,57.4755],[42.4739,57.443],[42.5188,57.4155],[42.5758,57.4155]]}},{"type":"Feature","properties":{"name":"Volga","rank":3},"geometry":{"type":"LineString","coordinates":[[32.5982,57.2504],[32.6088,57.1513],[32.6669,57.0999],[32.6871,57.0531],[32.6734,56.9863],[32.7026,56.9448],[32.8378,56.922],[32.9065,56.9453],[32.9529,56.9246],[33.0675,56.9395],[33.1593,56.9343],[33.2412,56.8898],[33.3311,56.9003],[33.3884,56.8566],[33.5032,56.8455],[33.693,56.7695],[33.7451,56.6785],[33.8096,56.678],[33.8828,56.6303],[33.9209,56.5856],[34.0322,56.5157],[33.8235,56.4378],[33.9662,56.3579],[34.0576,56.3444],[34.0857,56.3098],[34.2517,56.3057],[34.3523,56.2498],[34.4752,56.2362],[34.5241,56.2088],[34.6108,56.1895],[34.7764,56.2319],[34.7844,56.2635],[34.8526,56.2778],[34.8394,56.3072],[34.9231,56.3606],[34.873,56.4145],[34.9653,56.4812],[34.9141,56.5447],[34.9614,56.582],[35.0308,56.593],[35.0928,56.572],[35.183,56.5895],[35.371,56.7334],[35.4503,56.7297],[35.5742,56.7689],[35.5992,56.8184],[35.664,56.8514],[35.7452,56.8456],[35.8023,56.8616],[35.9415,56.8758],[36.1033,56.8038],[36.2836,56.7874],[36.3541,56.7569],[36.3745,56.7064]]}},{"type":"Feature","properties":{"name":"Volga","rank":3},"geometry":{"type":"LineString","coordinates":[[37.1482,56.7524],[37.2392,56.7808],[37.3904,56.8675],[37.4732,56.8981],[37.4747,57.0036],[37.5082,57.0692],[37.6215,57.1275],[37.6665,57.1931],[37.7144,57.2116],[37.761,57.2908]]}},{"type":"Feature","properties":{"name":"Warta","rank":8},"geometry":{"type":"LineString","coordinates":[[19.4887,50.4868],[19.4492,50.4849],[19.3106,50.5755],[19.2341,50.6367],[19.1638,50.7128],[19.1741,50.7542],[19.1262,50.8021],[19.1553,50.8242],[19.2986,50.8268],[19.4041,50.8726],[19.4404,50.898],[19.4507,50.9953],[19.4108,51.028],[19.0336,51.0601],[19,51.0723]]}},{"type":"Feature","properties":{"name":"Bug","rank":8},"geometry":{"type":"LineString","coordinates":[[23.1681,52.2818],[23.052,52.3096],[22.9228,52.3723],[22.8447,52.3657],[22.5829,52.3946],[22.5388,52.4295],[22.5108,52.5353],[22.3254,52.6568],[22.1817,52.7022],[22.1409,52.7069],[22.0481,52.6802],[21.8433,52.7007],[21.6464,52.6052],[21.5678,52.6221],[21.4287,52.5762],[21.3627,52.5394],[21.2328,52.5362],[21.1546,52.5152],[21.0877,52.5135],[21.0317,52.46],[20.9175,52.4947],[20.7717,52.4743],[20.7432,52.4468],[20.6817,52.4264]]}},{"type":"Feature","properties":{"name":"Bug","rank":8},"geometry":{"type":"LineString","coordinates":[[24.9501,49.8834],[24.7864,49.8977],[24.6242,49.9503],[24.6082,49.9735],[24.5439,49.9945],[24.4778,50.0548],[24.3482,50.1099],[24.3959,50.1373],[24.4089,50.1788],[24.3339,50.2745],[24.2315,50.3427],[24.2451,50.4116],[24.2724,50.4663],[24.2593,50.5076],[24.3056,50.5633],[24.2178,50.5892],[24.1646,50.6401],[24.1079,50.6302],[24.0745,50.6905],[24.0264,50.7283],[24.0254,50.7673],[23.9738,50.7764],[23.9694,50.8254],[24.1304,50.8393],[24.1298,50.8692],[24.0464,50.8983],[23.9788,50.9378],[23.9545,50.9838],[23.9113,51.0071],[23.9037,51.0629],[23.8539,51.1219],[23.8743,51.1364],[23.7421,51.2165],[23.6868,51.2927],[23.6345,51.305],[23.6336,51.3396],[23.697,51.4047],[23.6143,51.4975],[23.5393,51.6074],[23.5598,51.6722],[23.5462,51.7138],[23.5598,51.7547],[23.6281,51.81],[23.594,51.8436],[23.647,51.9743],[23.676,51.9944],[23.6373,52.0839],[23.5789,52.1219],[23.512,52.1247],[23.4841,52.1589],[23.3953,52.1998],[23.2117,52.232],[23.1681,52.2892]]}},{"type":"Feature","properties":{"name":"Mukhavyets","rank":8},"geometry":{"type":"LineString","coordinates":[[23.7498,51.4848],[23.7536,51.5325],[23.8289,51.5579],[23.8914,51.6348],[23.9959,51.6946],[24.1321,51.7176],[24.205,51.7611],[24.2149,51.8233],[24.2041,51.8649],[24.2485,51.8908],[24.3813,51.9299],[24.4214,51.9285],[24.4707,51.9921],[24.4186,52.087],[24.3706,52.1224],[24.4043,52.1524],[24.374,52.1722],[24.2009,52.1373],[24.1262,52.1381],[23.9912,52.1589],[23.885,52.0974],[23.6373,52.0839],[23.6355,52.0838]]}},{"type":"Feature","properties":{"name":"Volkhov","rank":9},"geometry":{"type":"LineString","coordinates":[[31.2999,58.5167],[31.3175,58.4201],[31.3565,58.3712]]}},{"type":"Feature","properties":{"name":"Volkhov","rank":9},"geometry":{"type":"LineString","coordinates":[[32,59.4666],[32.0943,59.5611],[32.1389,59.6389],[32.1944,59.6666],[32.25,59.7278],[32.3777,59.7722],[32.3555,59.9166],[32.3167,60],[32.3443,60.0445],[32.3167,60.0889],[32.3443,60.1389]]}},{"type":"Feature","properties":{"name":"Volkhov","rank":9},"geometry":{"type":"LineString","coordinates":[[31.2999,58.5167],[31.3219,58.5714],[31.3889,58.5944],[31.5,58.6555],[31.5112,58.7056],[31.5667,58.7889],[31.6222,58.8222],[31.7556,58.9611],[31.8056,59.0555],[31.8611,59.0888],[31.9055,59.2055],[31.8611,59.2889],[31.8888,59.3611],[31.9999,59.4666]]}},{"type":"Feature","properties":{"name":null,"rank":9},"geometry":{"type":"LineString","coordinates":[[31.3565,58.3712],[31.3704,58.3478],[31.4641,58.2579],[31.4778,58.2167]]}},{"type":"Feature","properties":{"name":null,"rank":9},"geometry":{"type":"LineString","coordinates":[[31.6575,57.7454],[31.6222,57.8887],[31.6362,57.9505],[31.6222,58.0123],[31.5835,58.08],[31.519,58.1216],[31.4854,58.1682],[31.4833,58.2222]]}},{"type":"Feature","properties":{"name":null,"rank":9},"geometry":{"type":"LineString","coordinates":[[30.5305,55.9041],[30.5192,55.9473],[30.4583,55.9972],[30.3777,56],[30.2888,56.0389],[30.2969,56.077],[30.3794,56.1413],[30.4722,56.1666],[30.4944,56.2111],[30.49,56.2888],[30.5522,56.4425],[30.6167,56.4973],[30.5973,56.5266],[30.6625,56.6356],[30.627,56.7308],[30.663,56.826],[30.6222,56.9],[30.646,56.9319],[30.8294,56.9156],[30.8959,56.9232],[30.9175,56.9492],[30.9065,57.0284],[30.9888,57.1055],[31.0669,57.1137],[31.1416,57.1389],[31.3054,57.2413],[31.315,57.2789],[31.377,57.3217],[31.4129,57.3902],[31.406,57.4256],[31.4332,57.4833],[31.4216,57.5108],[31.5055,57.65],[31.5815,57.6811],[31.6445,57.7499]]}},{"type":"Feature","properties":{"name":null,"rank":9},"geometry":{"type":"LineString","coordinates":[[31.0909,55.898],[31.0312,55.9591],[31.0491,56.0113],[30.9776,56.0414],[30.9468,56.0223],[30.8292,55.9879],[30.772,55.9422],[30.6646,55.9165],[30.5305,55.9041]]}},{"type":"Feature","properties":{"name":null,"rank":9},"geometry":{"type":"LineString","coordinates":[[30.2944,55.85],[30.2491,55.8157],[30.3024,55.7491],[30.3666,55.6968],[30.4417,55.6806],[30.5918,55.8168],[30.5483,55.8323],[30.5305,55.9041]]}},{"type":"Feature","properties":{"name":"Msta","rank":9},"geometry":{"type":"LineString","coordinates":[[31.3717,58.4222],[31.3565,58.3712]]}},{"type":"Feature","properties":{"name":"Msta","rank":9},"geometry":{"type":"LineString","coordinates":[[31.3717,58.4222],[31.3891,58.4595],[31.5698,58.498],[31.6394,58.4765],[31.713,58.5157],[31.7206,58.5594],[31.7945,58.5609],[31.8206,58.5898],[31.9472,58.6283],[32.0889,58.6264],[32.1306,58.5989],[32.2481,58.6004],[32.235,58.5678],[32.3174,58.5518],[32.386,58.498],[32.4408,58.4927],[32.4785,58.5355],[32.4971,58.5937],[32.5982,58.6413],[32.6114,58.6841],[32.7652,58.7516],[32.8203,58.7933],[32.8445,58.8348],[32.9678,58.8397],[33.0406,58.8272],[33.0746,58.8536],[33.2214,58.8331],[33.242,58.8126],[33.3323,58.8099],[33.3696,58.7743],[33.2955,58.6826],[33.377,58.6244],[33.4343,58.5594],[33.5099,58.5464],[33.6036,58.4999],[33.7278,58.517],[33.9334,58.4001],[33.9546,58.3207],[34.0575,58.2783],[34.1784,58.2624],[34.2421,58.225],[34.4277,58.2108],[34.5227,58.159],[34.5415,58.125],[34.469,58.0865],[34.4986,58.0669],[34.4963,57.9903],[34.5585,57.9021],[34.4966,57.8396],[34.4807,57.6805],[34.52,57.6328],[34.416,57.5348],[34.1192,57.5316],[34.0449,57.5147],[33.8818,57.4339],[33.7852,57.4123],[33.7275,57.3794],[33.6685,57.3137],[33.6668,57.2746],[33.627,57.2336],[33.7511,57.1571],[33.7376,57.1207],[33.7817,57.0924],[33.8788,57.0989],[33.9873,57.1621],[33.9882,57.2029]]}},{"type":"Feature","properties":{"name":"Yanisyoki","rank":9},"geometry":{"type":"LineString","coordinates":[[31.2029,60.4898],[31.1979,60.5]]}},{"type":"Feature","properties":{"name":"Oka","rank":10},"geometry":{"type":"LineString","coordinates":[[34.0529,54.4711],[33.9915,54.4987],[33.8716,54.5002],[33.8384,54.5361],[33.7009,54.5434],[33.6389,54.5375],[33.5239,54.5532],[33.5095,54.5698],[33.5164,54.6433],[33.5608,54.6852],[33.6345,54.6773],[33.7179,54.6916],[33.9773,54.7089],[34.0785,54.692],[34.2114,54.7117],[34.2544,54.7361],[34.3196,54.8153],[34.4392,54.8591],[34.4992,54.8533],[34.5129,54.8888],[34.5965,54.9361],[34.6305,54.9875],[34.6406,55.0447],[34.6948,55.0895],[34.7552,55.0964],[34.794,55.0713],[34.8031,54.9934],[34.8606,54.9555],[34.907,54.9511],[35.0241,54.867],[35.0759,54.7795],[35.1921,54.7595],[35.285,54.7718],[35.3348,54.7628],[35.4033,54.775],[35.4733,54.7571],[35.5508,54.6963],[35.5811,54.6963],[35.6272,54.7431],[35.773,54.7249],[35.9234,54.689],[35.9473,54.6598],[35.9465,54.6067],[35.9866,54.5707],[36.0505,54.5596],[36.1248,54.5114]]}},{"type":"Feature","properties":{"name":"Oka","rank":10},"geometry":{"type":"LineString","coordinates":[[38.1353,53.8456],[38.1524,53.8203],[38.1226,53.7547],[38.0711,53.7409],[37.9605,53.7921],[37.7744,53.8048],[37.6736,53.8254],[37.7,53.8466],[37.689,53.9014],[37.6519,53.9548],[37.697,54.0019],[37.7088,54.0548],[37.75,54.082],[37.7236,54.169],[37.5627,54.234],[37.5145,54.2304],[37.4684,54.259],[37.3665,54.2754],[37.2732,54.3205],[37.1935,54.3004],[37.176,54.2742],[37.105,54.2361],[37.0514,54.2257],[37.0387,54.1911],[37.1055,54.1599],[37.1502,54.0861],[37.2205,54.0154],[37.1558,53.966],[37.0409,53.9513],[36.8446,53.965],[36.7112,53.9567],[36.6056,53.984],[36.4406,53.9647],[36.3485,53.9995],[36.3093,54.0407]]}},{"type":"Feature","properties":{"name":"Oka","rank":11},"geometry":{"type":"LineString","coordinates":[[37.4325,53.447],[37.4487,53.3971],[37.4192,53.3074],[37.3455,53.2695],[37.3093,53.2282],[37.2078,53.1667],[37.1888,53.0685],[37.1463,53.0447],[37.1244,52.9896],[37.0391,52.9587],[36.9641,52.9865],[36.8988,53.0317],[36.8396,53.0893],[36.7788,53.168],[36.7395,53.1802],[36.5428,53.3192],[36.5251,53.3564],[36.4529,53.4345],[36.3716,53.4525]]}},{"type":"Feature","properties":{"name":"Sukhona","rank":10},"geometry":{"type":"LineString","coordinates":[[39.0794,60.4006],[39.0563,60.329],[38.9701,60.3074],[39.0335,60.2842],[39.0537,60.2075],[39.104,60.1322],[39.249,59.991],[39.2808,59.8447],[39.3395,59.7777]]}},{"type":"Feature","properties":{"name":"Sukhona","rank":10},"geometry":{"type":"LineString","coordinates":[[38.7015,60.5],[38.7507,60.4331],[38.8137,60.406],[38.9256,60.424],[38.9709,60.4097]]}},{"type":"Feature","properties":{"name":null,"rank":11},"geometry":{"type":"LineString","coordinates":[[36.0173,52.2248],[36.0095,52.2023],[35.9404,52.1596],[35.9236,52.1057],[35.8733,52.0923],[35.7622,52.0922],[35.7043,52.0793],[35.5676,52.1577],[35.4712,52.1824],[35.4658,52.2297],[35.4219,52.2437],[35.3247,52.2228],[35.2765,52.1715],[35.1487,52.14],[35.0906,52.1143],[34.9705,51.9133],[34.9631,51.8091],[34.9868,51.7365],[34.9868,51.736]]}},{"type":"Feature","properties":{"name":"Snov","rank":10},"geometry":{"type":"LineString","coordinates":[[32.2708,52.6233],[32.4212,52.6281],[32.4819,52.6393],[32.5503,52.6223],[32.5073,52.5756],[32.5117,52.5407],[32.4793,52.5153],[32.4491,52.4272],[32.4696,52.3435],[32.4115,52.2698],[32.3726,52.2004],[32.3086,52.154],[32.277,52.1029],[32.2327,52.0811],[32.095,52.041],[32.0164,52.05],[31.8713,52.0202],[31.8804,51.9138],[31.9129,51.8432],[31.8703,51.7908],[31.7422,51.7538],[31.6995,51.7173],[31.5872,51.6528],[31.604,51.5828],[31.459,51.5062]]}},{"type":"Feature","properties":{"name":null,"rank":11},"geometry":{"type":"LineString","coordinates":[[43,55.4133],[42.9241,55.4426],[42.8347,55.4509],[42.7478,55.4267],[42.6468,55.4484],[42.5811,55.4496],[42.5527,55.5026],[42.513,55.5296],[42.4738,55.5868],[42.4111,55.6186],[42.3543,55.5961],[42.2723,55.5905],[42.2051,55.6186],[42.1419,55.6752]]}},{"type":"Feature","properties":{"name":null,"rank":11},"geometry":{"type":"LineString","coordinates":[[40.1447,55.2243],[40.0693,55.1872],[40.0446,55.1281],[40.1294,55.1384],[40.1981,55.1162],[40.1983,55.0717],[40.1013,55.0461],[40.1576,54.9975],[40.2334,55.0106],[40.301,54.9336],[40.3362,54.8404],[40.4182,54.8198],[40.4487,54.7592],[40.5335,54.7251],[40.6613,54.7121],[40.8572,54.7287],[40.9359,54.7041],[41.0042,54.7629]]}},{"type":"Feature","properties":{"name":null,"rank":11},"geometry":{"type":"LineString","coordinates":[[40.2639,55.9711],[40.2127,55.9535],[40.261,55.8417],[40.3059,55.7787],[40.2888,55.6786],[40.3182,55.5674],[40.2463,55.5347],[40.2401,55.4924],[40.1956,55.456],[40.1931,55.4084],[40.127,55.2987],[40.1322,55.244]]}},{"type":"Feature","properties":{"name":null,"rank":12},"geometry":{"type":"LineString","coordinates":[[42.1467,52.6042],[42.0646,52.5422],[42.0077,52.5785],[41.8944,52.5841],[41.8714,52.6303],[41.8274,52.6594],[41.6724,52.6588],[41.6091,52.6176],[41.5488,52.5395],[41.5129,52.5348],[41.4776,52.5705]]}},{"type":"Feature","properties":{"name":"Šventoji","rank":11},"geometry":{"type":"LineString","coordinates":[[26.0969,55.5788],[26.228,55.6101],[26.1946,55.6313],[26.0269,55.6355],[25.8963,55.6589],[25.8323,55.6959],[25.8281,55.7532],[25.791,55.7861],[25.7471,55.7893],[25.6726,55.6984],[25.5664,55.6404],[25.4906,55.6187],[25.4153,55.6345],[25.3182,55.6383],[25.2376,55.6664],[25.1577,55.6637],[25.0829,55.6409],[25.0574,55.5863],[25.1135,55.5442],[25.0562,55.498],[24.9217,55.4199],[24.8856,55.3272],[24.8338,55.2754],[24.7588,55.2458],[24.6958,55.1994],[24.5762,55.1414],[24.5401,55.1066],[24.4229,55.0909],[24.3339,55.0991],[24.3338,55.0991]]}},{"type":"Feature","properties":{"name":null,"rank":12},"geometry":{"type":"LineString","coordinates":[[24.9053,55.563],[24.8025,55.5672],[24.7389,55.5243],[24.6437,55.5679],[24.6148,55.6255],[24.5586,55.6865],[24.45,55.7014],[24.4154,55.7348],[24.318,55.7485],[24.2534,55.7443],[24.1672,55.6948],[24.1301,55.6483],[24.1156,55.5838],[24.069,55.5075],[24.0387,55.4193],[24.0031,55.3625],[23.9808,55.2949],[23.9066,55.2209],[23.8239,55.172],[23.7884,55.112],[23.7876,54.9455],[23.7511,54.9346],[23.751,54.9346]]}},{"type":"Feature","properties":{"name":null,"rank":11},"geometry":{"type":"LineString","coordinates":[[39.8718,58.0701],[39.7952,58.1042],[39.7759,58.1332],[39.9451,58.1909],[39.9785,58.2216],[39.8211,58.2334],[39.7477,58.224],[39.6657,58.2661],[39.514,58.227],[39.4307,58.2206],[39.3518,58.1996],[39.2736,58.2118],[39.1833,58.258],[39.0807,58.3328]]}},{"type":"Feature","properties":{"name":"Volga","rank":11},"geometry":{"type":"LineString","coordinates":[[32.5857,56.515],[32.7147,56.5392],[32.6875,56.605],[32.7199,56.6509],[32.7151,56.7038],[32.7796,56.7641],[32.8067,56.8383],[32.7617,56.9022]]}},{"type":"Feature","properties":{"name":null,"rank":12},"geometry":{"type":"LineString","coordinates":[[36.1633,54.2642],[36.135,54.2329],[35.978,54.2002],[35.8872,54.1055],[35.8158,54.0481],[35.8015,53.987],[35.6538,53.8981],[35.5486,53.904],[35.5003,53.8724],[35.4456,53.8696],[35.3659,53.8986],[35.2588,53.8337],[35.2481,53.7778],[35.334,53.6055],[35.325,53.57],[35.2339,53.4788],[35.131,53.3989],[35.01,53.3921],[34.9549,53.3774],[34.8645,53.3933],[34.6526,53.3916],[34.611,53.419]]}},{"type":"Feature","properties":{"name":null,"rank":10},"geometry":{"type":"LineString","coordinates":[[36.7445,51.1403],[36.6936,51.0958],[36.5908,51.0425],[36.4281,51.1042],[36.3386,51.1792],[36.2614,51.1994],[36.1388,51.1866],[36.0505,51.1616],[35.9763,51.1575],[35.917,51.1053],[35.826,51.1198],[35.7733,51.0896],[35.6131,51.0915],[35.564,51.1108],[35.4776,51.1042],[35.3906,51.1328],[35.3313,51.1323],[35.2625,51.0474],[35.172,51.0408],[35.0999,51.0137],[35.0042,51],[34.9221,50.9712],[34.8311,50.969],[34.8473,50.9235],[34.8075,50.8854],[34.8535,50.8463],[34.7858,50.7804],[34.7319,50.8026],[34.6942,50.7904],[34.6878,50.7475],[34.7165,50.6977],[34.6985,50.6526],[34.6238,50.6682],[34.5134,50.6443],[34.486,50.6833],[34.4404,50.6925],[34.3998,50.6508],[34.3987,50.6228],[34.3591,50.5651],[34.3499,50.5037],[34.2957,50.4486],[34.2061,50.4411],[34.1504,50.4016],[34.0667,50.3977],[34.0248,50.3749],[34.0374,50.332],[34.0115,50.3065],[33.9478,50.2991],[33.9114,50.2238],[34.0021,50.1736],[33.9758,50.1418],[33.9766,50.095],[33.9507,50.0509],[34.0304,50.0121],[33.9925,49.9565],[33.9893,49.9031],[33.9612,49.8724],[33.8318,49.8602],[33.7837,49.8353],[33.7539,49.7791],[33.7498,49.7235],[33.7905,49.6571],[33.7661,49.571],[33.7971,49.487],[33.8244,49.39],[33.7439,49.3919],[33.6227,49.2892],[33.6414,49.229],[33.6362,49.1913],[33.6719,49.1615],[33.583,49.0336],[33.6099,49]]}},{"type":"Feature","properties":{"name":null,"rank":12},"geometry":{"type":"LineString","coordinates":[[42.7341,58.5397],[42.7113,58.507],[42.7297,58.4639],[42.811,58.4399],[43,58.4503]]}},{"type":"Feature","properties":{"name":null,"rank":11},"geometry":{"type":"LineString","coordinates":[[39.0056,59.109],[38.9642,59.0996],[38.9522,59.0536],[39.0447,58.9931],[39.1567,58.934],[39.2787,58.8967],[39.319,58.8671],[39.3013,58.8292],[39.322,58.7614],[39.3679,58.7095],[39.3176,58.6252],[39.1228,58.5169],[39.0746,58.5048]]}},{"type":"Feature","properties":{"name":"Wkra","rank":11},"geometry":{"type":"LineString","coordinates":[[20.2632,53.4226],[20.3888,53.4009],[20.4185,53.3739],[20.3781,53.3008],[20.3182,53.2431],[20.19,53.2318],[20.1116,53.2012],[19.9265,53.2277],[19.8604,53.1947],[19.8594,53.1512],[19.8245,53.112],[19.8572,53.0909],[19.8933,53.0223],[19.9123,52.9551],[19.9658,52.936],[20.0373,52.956],[20.2202,52.9238],[20.2822,52.8942],[20.3062,52.865],[20.2793,52.8051],[20.4181,52.745],[20.4741,52.689],[20.5614,52.6257],[20.6771,52.5592],[20.6814,52.5108],[20.7222,52.4897],[20.7432,52.4468]]}},{"type":"Feature","properties":{"name":"Krasivaya Mecha","rank":10},"geometry":{"type":"LineString","coordinates":[[37.7897,53.5954],[37.7427,53.5556],[37.7425,53.4857],[37.805,53.4787],[37.8735,53.498],[37.9714,53.4428],[37.9754,53.3642],[37.8999,53.27],[37.927,53.1815],[37.9671,53.1234],[38.0584,53.094],[38.1072,53.1152],[38.141,53.1596],[38.2805,53.1864],[38.3198,53.2333],[38.4216,53.2615],[38.469,53.2078],[38.5217,53.2091],[38.5383,53.1474],[38.5913,53.1306],[38.6999,53.1369],[38.738,53.1285],[38.8039,53.0603],[38.8882,53.0105],[38.9666,52.9916],[39.0282,52.9614],[39.0501,52.9095]]}},{"type":"Feature","properties":{"name":"Klyazma","rank":10},"geometry":{"type":"LineString","coordinates":[[37.2809,56.1057],[37.2285,56.1154],[37.1668,56.0983],[37.1707,56.0692],[37.3446,56.0175],[37.3993,55.9706],[37.5057,55.97],[37.5581,55.9966],[37.7874,55.9779],[38.0249,55.9268],[38.1145,55.9167],[38.198,55.8918],[38.2573,55.854],[38.3411,55.8529],[38.4893,55.8769],[38.5739,55.8561],[38.5985,55.8261],[38.698,55.7921],[38.9104,55.7733],[39.0557,55.815],[39.1316,55.813],[39.2746,55.834],[39.3052,55.8863],[39.366,55.8896],[39.4578,55.9165],[39.6277,55.9185],[39.7732,55.864],[39.8569,55.8762],[39.9544,55.944],[39.9434,55.9833],[39.9968,56.0156],[40.1553,56.0448],[40.2302,56.0397],[40.3519,56.0637],[40.3906,56.1027],[40.5386,56.1893],[40.5911,56.1859],[40.6753,56.145],[40.7876,56.1776],[40.8667,56.1804],[40.8762,56.2437],[40.9409,56.2585],[41.0676,56.2658],[41.1275,56.339],[41.2517,56.3677],[41.2878,56.4184],[41.3484,56.4503],[41.45,56.4409],[41.5325,56.473],[41.69,56.5071],[41.7476,56.5035],[41.9231,56.5226],[41.9783,56.4469],[41.9707,56.3408],[42.0129,56.3091],[42.2129,56.252],[42.3477,56.2467],[42.4017,56.2275],[42.4958,56.1821],[42.5874,56.1882],[42.6777,56.2148],[42.8071,56.2149],[42.8511,56.2003],[42.9216,56.208],[42.9719,56.1871]]}},{"type":"Feature","properties":{"name":null,"rank":10},"geometry":{"type":"LineString","coordinates":[[30.9649,56.1757],[30.9974,56.1333],[30.9701,56.101],[30.8528,56.0776],[30.8167,56.0954],[30.8374,56.1706],[30.7879,56.2663],[30.7974,56.3352],[30.7692,56.3828],[30.7969,56.4619],[30.9328,56.5209],[31.0383,56.5525],[31.0801,56.6229],[31.0637,56.7069],[31.0248,56.7429],[30.9373,56.7736],[31.0002,56.9652],[30.9924,57.0119],[31.1416,57.1389]]}},{"type":"Feature","properties":{"name":"Drwęca","rank":10},"geometry":{"type":"LineString","coordinates":[[19.8423,53.9484],[19.8821,53.9087],[19.8172,53.8796],[19.8064,53.8389],[19.7608,53.8271],[19.7251,53.7497],[19.8132,53.7501],[19.8572,53.7126],[19.8158,53.6956],[19.7077,53.5959],[19.6782,53.5408],[19.6076,53.4916],[19.5874,53.4242],[19.533,53.384],[19.5251,53.3274],[19.5498,53.288],[19.4717,53.2807],[19.2727,53.2141],[19.1496,53.1518],[19,53.0907]]}},{"type":"Feature","properties":{"name":"Vazuza","rank":11},"geometry":{"type":"LineString","coordinates":[[34.8977,55.3032],[34.9264,55.3637],[34.9798,55.4316],[34.9603,55.4819],[34.995,55.5452],[34.9943,55.6113],[34.9563,55.6627],[34.8284,55.7298],[34.7395,55.79],[34.7121,55.8267]]}},{"type":"Feature","properties":{"name":"Vazuza","rank":11},"geometry":{"type":"LineString","coordinates":[[34.6313,55.8808],[34.5998,55.876]]}},{"type":"Feature","properties":{"name":"Vazuza","rank":11},"geometry":{"type":"LineString","coordinates":[[34.4835,55.9754],[34.4806,55.9768]]}},{"type":"Feature","properties":{"name":"Vazuza","rank":11},"geometry":{"type":"LineString","coordinates":[[34.4761,55.9798],[34.4736,56.0278]]}},{"type":"Feature","properties":{"name":"Vazuza","rank":11},"geometry":{"type":"LineString","coordinates":[[34.5172,56.0883],[34.5243,56.1016]]}},{"type":"Feature","properties":{"name":"Vazuza","rank":11},"geometry":{"type":"LineString","coordinates":[[34.5291,56.155],[34.6107,56.1894]]}},{"type":"Feature","properties":{"name":"Synyukha","rank":10},"geometry":{"type":"LineString","coordinates":[[30.0881,49.4219],[30.1559,49.4941],[30.2189,49.4965],[30.2932,49.4682],[30.3494,49.4192],[30.3987,49.3986],[30.5124,49.38],[30.6836,49.3376],[30.6946,49.2671],[30.749,49.2517],[30.8467,49.2615],[30.9207,49.2261],[30.929,49.1691],[30.9796,49]]}},{"type":"Feature","properties":{"name":"Merkys","rank":11},"geometry":{"type":"LineString","coordinates":[[25.7068,54.311],[25.6443,54.403],[25.6258,54.4477],[25.5747,54.4402],[25.4307,54.4744],[25.334,54.4497],[25.1873,54.4375],[25.0681,54.453],[24.9407,54.4328],[24.8262,54.352],[24.7634,54.3249],[24.6288,54.3075],[24.5597,54.2548],[24.4507,54.2342],[24.344,54.1799],[24.2772,54.1261],[24.1692,54.161]]}},{"type":"Feature","properties":{"name":null,"rank":12},"geometry":{"type":"LineString","coordinates":[[40.811,53.6718],[40.8064,53.6147],[40.8452,53.5235],[40.8904,53.5324],[40.9035,53.5852],[40.9539,53.6572],[41.0946,53.8346],[41.0244,53.9196],[40.9722,53.9586],[40.9045,53.9839],[40.9045,54.0537],[40.8591,54.073],[40.8682,54.1096],[40.9181,54.1415],[40.8877,54.2125],[40.9085,54.2397],[40.9069,54.2951],[40.9453,54.3591],[40.9768,54.3789],[41.0012,54.4649]]}},{"type":"Feature","properties":{"name":null,"rank":12},"geometry":{"type":"LineString","coordinates":[[35.4553,55.4602],[35.5757,55.453],[35.7024,55.378],[35.7354,55.3403],[35.7766,55.3435],[35.8269,55.3822],[35.9182,55.3712],[36.075,55.4198],[36.1482,55.3939],[36.1989,55.3525],[36.1747,55.2875],[36.2025,55.2373],[36.3103,55.2153],[36.4222,55.2268],[36.5557,55.2102],[36.571,55.1763],[36.5391,55.1168],[36.5773,55.0751],[36.7123,55.008],[36.8035,54.9475],[36.9268,54.9123],[37.1118,54.8868],[37.1579,54.8718],[37.2879,54.8617]]}},{"type":"Feature","properties":{"name":null,"rank":11},"geometry":{"type":"LineString","coordinates":[[41.4597,60.3334],[41.4326,60.3844],[41.451,60.4629],[41.4339,60.5]]}},{"type":"Feature","properties":{"name":null,"rank":11},"geometry":{"type":"LineString","coordinates":[[41.2917,60.5],[41.2302,60.4733],[41.1514,60.4854],[41.1037,60.4569],[41.023,60.4416],[40.9627,60.4108],[40.9593,60.3668],[41.0588,60.256],[41.1038,60.2212],[41.0628,60.152],[40.8674,60.1531],[40.8211,60.1443],[40.73,60.0456],[40.5869,60.0187],[40.4028,59.9619],[40.2915,59.9645],[39.9906,60.0036],[39.9326,59.9629],[39.9326,59.9184],[39.999,59.83],[39.9619,59.7888],[39.8352,59.734],[39.8755,59.6809],[39.8213,59.6419]]}},{"type":"Feature","properties":{"name":"Horyn","rank":10},"geometry":{"type":"LineString","coordinates":[[25.5276,49.8734],[25.5576,49.8504],[25.7615,49.9057],[25.9307,49.9158],[26.0125,49.9021],[26.1362,49.9168],[26.3047,49.9935],[26.3977,49.9971],[26.471,50.0178],[26.5474,50.0605],[26.6099,50.0786],[26.6694,50.071],[26.708,50.0993],[26.7933,50.1195],[26.8186,50.1608],[26.8954,50.2336],[26.8892,50.2614],[26.8193,50.3224],[26.7669,50.3372],[26.6869,50.3227],[26.5728,50.3369],[26.5311,50.4016],[26.5469,50.4407],[26.5252,50.4914],[26.5686,50.5598],[26.6398,50.6081],[26.6444,50.6362],[26.6034,50.666],[26.522,50.668],[26.5186,50.7209],[26.4889,50.7424],[26.2676,50.7329],[26.228,50.7213],[26.1626,50.739],[26.0501,50.8524],[26.116,50.8705],[26.2087,50.9127],[26.2464,50.9454],[26.303,50.9601],[26.3254,50.9982],[26.3132,51.1313],[26.3362,51.1967],[26.3836,51.2421],[26.3522,51.3486],[26.3688,51.3742],[26.5537,51.4672],[26.569,51.5538],[26.5936,51.6114],[26.6682,51.6475],[26.7129,51.7048],[26.8008,51.7493],[26.8396,51.7473],[26.8542,51.809],[26.9268,51.872],[26.9465,51.9184],[27.0466,51.9628],[27.1069,51.9604],[27.2139,52.0117],[27.3933,52.0487],[27.562,52.1247]]}},{"type":"Feature","properties":{"name":null,"rank":11},"geometry":{"type":"LineString","coordinates":[[42.699,58.298],[42.7902,58.2694],[42.8421,58.2683],[42.9302,58.3086],[43,58.3066]]}},{"type":"Feature","properties":{"name":null,"rank":12},"geometry":{"type":"LineString","coordinates":[[42.8284,57.062],[42.7776,57.0854],[42.6936,57.0604],[42.541,57.0685],[42.4636,57.0821],[42.3592,57.0058],[42.2903,56.9803],[42.2681,56.8716],[42.3018,56.8217],[42.2668,56.7689],[42.2738,56.7309],[42.2183,56.6814],[42.2761,56.6015],[42.3528,56.5448],[42.4595,56.5398],[42.6067,56.498],[42.6504,56.4477],[42.5685,56.4057],[42.5256,56.3469],[42.533,56.3035],[42.5046,56.271],[42.4017,56.2275],[42.4016,56.2275]]}},{"type":"Feature","properties":{"name":null,"rank":10},"geometry":{"type":"LineString","coordinates":[[42.9725,59.0889],[42.9313,59.0652],[42.7664,59.0932],[42.5765,59.0808],[42.4972,59.0646],[42.301,59.0867],[42.2512,59.0126],[42.174,58.9889],[41.9478,58.9676],[41.8695,58.9855],[41.7981,58.9617],[41.6833,58.9479],[41.5557,58.9041],[41.488,58.8931],[41.3538,58.7878],[41.4186,58.7399],[41.5806,58.7221],[41.6165,58.6584],[41.5703,58.581],[41.4974,58.5353],[41.5195,58.4926],[41.4343,58.4652],[41.2997,58.3733],[41.0574,58.3022],[40.9732,58.2434],[40.9518,58.2073],[40.8953,58.1984],[40.8871,58.1293],[40.7739,58.0616],[40.8267,58.0184]]}},{"type":"Feature","properties":{"name":"Łyna","rank":10},"geometry":{"type":"LineString","coordinates":[[20.8758,53.7397],[20.8626,53.6611],[20.7825,53.6736],[20.7365,53.6443],[20.6941,53.6935],[20.6475,53.781],[20.6963,53.8249],[20.6008,53.8467],[20.5418,53.8241],[20.4525,53.8268],[20.3931,53.842],[20.4113,53.9079],[20.3963,54.0131],[20.4436,54.0949],[20.5955,54.1419],[20.6234,54.1721],[20.8154,54.2638],[20.9816,54.2654],[21.0423,54.2956],[21.0247,54.3391],[21.0159,54.4425],[21.0274,54.4656],[21.0989,54.4966],[21.1747,54.4953],[21.2484,54.5939],[21.1854,54.6338],[20.968,54.6538],[20.8747,54.6715],[20.7391,54.6741],[20.6423,54.7021],[20.5192,54.7073],[20.4067,54.6876]]}},{"type":"Feature","properties":{"name":null,"rank":10},"geometry":{"type":"LineString","coordinates":[[24.8513,50.8307],[24.8298,50.9462],[24.8926,50.9744],[24.9094,51.0118],[25.0642,51.0422],[25.1609,51.0454],[25.3696,51.1335],[25.3528,51.1628],[25.235,51.2245],[25.2074,51.3014],[25.2302,51.3528],[25.2175,51.393],[25.2459,51.4693],[25.3216,51.5273],[25.3889,51.6211],[25.4036,51.6904],[25.4595,51.7194],[25.5518,51.7957],[25.6492,51.8175],[25.743,51.8266],[25.9988,51.8977],[26.0186,51.94]]}},{"type":"Feature","properties":{"name":"Bzura","rank":10},"geometry":{"type":"LineString","coordinates":[[19.4553,51.8463],[19.4204,51.8638],[19.3196,51.8474],[19.2683,51.8564],[19.236,51.8861],[19.2429,51.9215],[19.2881,51.9669],[19.2656,52.036],[19.22,52.0652],[19.3154,52.1103],[19.4701,52.1462],[19.5242,52.1493],[19.7468,52.1135],[19.8767,52.1362],[19.9894,52.122],[20.0437,52.1304],[20.1406,52.1686],[20.2498,52.248],[20.2722,52.2831],[20.2383,52.3622],[20.2048,52.3798]]}},{"type":"Feature","properties":{"name":"Msta","rank":10},"geometry":{"type":"LineString","coordinates":[[32.3444,60.1389],[32.3443,60.1419]]}},{"type":"Feature","properties":{"name":null,"rank":12},"geometry":{"type":"LineString","coordinates":[[40.3096,51.9523],[40.3308,52.0129],[40.3185,52.0478],[40.3578,52.2731],[40.3792,52.3157],[40.3745,52.3617],[40.3879,52.4564],[40.4172,52.498],[40.37,52.5348],[40.2894,52.5341],[40.2432,52.5476],[40.1677,52.536],[40.1141,52.512],[40.041,52.5005],[39.8913,52.5193],[39.8137,52.5631]]}},{"type":"Feature","properties":{"name":null,"rank":12},"geometry":{"type":"LineString","coordinates":[[39.7068,52.6159],[39.6888,52.6232]]}},{"type":"Feature","properties":{"name":null,"rank":11},"geometry":{"type":"LineString","coordinates":[[40.0403,49.6032],[39.9231,49.5061],[39.8394,49.402],[39.8408,49.3375],[39.8655,49.2719],[39.8499,49.1704],[39.8299,49.123],[39.8394,49.0578],[39.8672,49]]}},{"type":"Feature","properties":{"name":"Drysa","rank":10},"geometry":{"type":"LineString","coordinates":[[29.7648,56.2998],[29.7725,56.2471],[29.7361,56.2148],[29.6636,56.1863],[29.6657,56.1508],[29.5856,56.1133],[29.5163,56.0349],[29.5108,55.9912],[29.4138,55.9516],[29.4031,55.8863],[29.3347,55.8376],[29.2162,55.8273],[29.0827,55.7941],[28.9905,55.8059],[28.8871,55.7991],[28.7689,55.7751],[28.7262,55.7248],[28.6604,55.7145],[28.5251,55.7336],[28.3508,55.7019],[28.2173,55.7123],[28.0295,55.7395],[27.9758,55.759],[27.9177,55.8148]]}},{"type":"Feature","properties":{"name":"Hornád","rank":10},"geometry":{"type":"LineString","coordinates":[[20.2415,49],[20.2913,49.0142],[20.3641,49]]}},{"type":"Feature","properties":{"name":null,"rank":12},"geometry":{"type":"LineString","coordinates":[[40.7673,60.5],[40.6655,60.4835],[40.5769,60.5]]}},{"type":"Feature","properties":{"name":null,"rank":12},"geometry":{"type":"LineString","coordinates":[[40.2446,60.5],[40.2219,60.4643],[40.1511,60.4313],[40.071,60.4367],[39.9404,60.4691],[39.8196,60.478],[39.7189,60.5]]}},{"type":"Feature","properties":{"name":"Ula","rank":10},"geometry":{"type":"LineString","coordinates":[[29.256,54.4552],[29.1267,54.4552],[29.0588,54.4944],[28.9707,54.6144],[28.7942,54.6206],[28.7349,54.6317],[28.6151,54.7668],[28.6585,54.8058],[28.7376,54.814],[28.7337,54.8554],[28.7837,54.9094],[28.948,54.9067],[29.0327,54.9233],[29.0911,54.8888],[29.1748,54.9041],[29.1484,54.978],[29.1637,55.0561],[29.2422,55.1643],[29.2404,55.2293],[29.2404,55.2294]]}},{"type":"Feature","properties":{"name":"Uzh","rank":12},"geometry":{"type":"LineString","coordinates":[[28.0867,50.6134],[28.0168,50.7182],[28.0218,50.7478],[28.1068,50.7714],[28.1433,50.8181],[28.2557,50.8795],[28.3148,50.8686],[28.48,50.8784],[28.6457,50.9579],[28.7183,51.0112],[28.7451,51.0753],[28.8011,51.1059],[28.9279,51.1186],[28.9837,51.1369],[29.0651,51.1892],[29.1873,51.2303],[29.2777,51.2729],[29.3196,51.2781],[29.4411,51.2527],[29.53,51.2663],[29.6248,51.2646],[29.7041,51.2831],[29.8514,51.2783],[29.9221,51.2314],[30.0794,51.1979],[30.1331,51.2158],[30.2302,51.275],[30.2302,51.2751]]}},{"type":"Feature","properties":{"name":null,"rank":12},"geometry":{"type":"LineString","coordinates":[[35.4639,60.4829],[35.5207,60.5]]}},{"type":"Feature","properties":{"name":null,"rank":12},"geometry":{"type":"LineString","coordinates":[[35.5812,60.5],[35.5715,60.4226],[35.509,60.4194],[35.3928,60.4436],[35.3445,60.4189],[35.2398,60.4355],[35.0779,60.444],[35.0388,60.4129],[34.928,60.414],[34.9046,60.4728],[34.8083,60.4787],[34.7968,60.5]]}},{"type":"Feature","properties":{"name":null,"rank":12},"geometry":{"type":"LineString","coordinates":[[34.4418,60.5],[34.366,60.4948],[34.2453,60.4686],[34.1968,60.4086],[34.1476,60.4155],[34.0402,60.3913],[33.9216,60.3994],[33.8123,60.42],[33.7156,60.4523],[33.6647,60.5]]}},{"type":"Feature","properties":{"name":null,"rank":12},"geometry":{"type":"LineString","coordinates":[[33.5449,60.5],[33.471,60.4871],[33.3501,60.4972],[33.1143,60.4782],[33.0556,60.5]]}},{"type":"Feature","properties":{"name":"Uša","rank":11},"geometry":{"type":"LineString","coordinates":[[21.3903,55.2811],[21.3812,55.331],[21.3313,55.3537],[21.2564,55.3467]]}},{"type":"Feature","properties":{"name":"Uša","rank":10},"geometry":{"type":"LineString","coordinates":[[24.1333,54.7712],[24.133,54.7835]]}},{"type":"Feature","properties":{"name":"Uša","rank":10},"geometry":{"type":"LineString","coordinates":[[23.9935,54.8786],[23.9434,54.8779],[23.8786,54.9053]]}},{"type":"Feature","properties":{"name":"Uša","rank":10},"geometry":{"type":"LineString","coordinates":[[26.9968,53.8074],[27.1299,53.8029],[27.1372,53.7553],[27.2053,53.736],[27.2322,53.6728],[27.1992,53.6403],[27.2048,53.5927],[27.1643,53.5292],[27.1077,53.4983],[27.1448,53.4316],[27.1146,53.3625],[27.0593,53.3662],[26.9574,53.4538],[26.846,53.4067],[26.6789,53.4995],[26.479,53.5817],[26.3523,53.589],[26.2012,53.6628],[26.1481,53.7499],[26.0619,53.7684],[25.9641,53.8149],[25.8361,53.8533],[25.7947,53.8811],[25.7312,53.8785],[25.5933,53.8299],[25.4624,53.749],[25.4066,53.6726],[25.2751,53.6273],[25.2253,53.5822],[25.1777,53.5625],[25.0222,53.5299],[24.9727,53.5063],[24.7072,53.4392],[24.5594,53.4189],[24.423,53.4194],[24.2566,53.4724],[24.2083,53.5117],[24.1143,53.5378],[24.0614,53.5368],[23.9741,53.6442],[23.7783,53.6953],[23.7742,53.7263],[23.8252,53.7905],[23.8171,53.8435],[23.7668,53.8923],[23.8411,53.9603],[23.8941,53.9559],[23.9406,54.017],[24.044,54.0779],[24.1559,54.0902],[24.1692,54.161],[24.0484,54.1923],[23.9855,54.1823],[23.9592,54.2294],[24.0244,54.322],[24.0393,54.373],[24.0901,54.3826],[24.0535,54.4272],[24.0571,54.5092],[24.0938,54.548],[24.0208,54.5511],[23.9729,54.5156],[23.9061,54.5412],[23.9724,54.584],[23.9593,54.6344],[23.9878,54.6523],[24.064,54.6181],[24.1062,54.6684],[24.0955,54.7228],[24.1333,54.7712]]}},{"type":"Feature","properties":{"name":null,"rank":10},"geometry":{"type":"LineString","coordinates":[[28.3146,51.3798],[28.3429,51.4003],[28.3762,51.5053],[28.4421,51.5563],[28.4878,51.5723],[28.6034,51.5538],[28.7896,51.6152],[28.9476,51.6588],[29.0938,51.6597],[29.1416,51.6749],[29.3078,51.6616],[29.4297,51.6816],[29.4797,51.7038],[29.5402,51.6811],[29.5933,51.6943],[29.5972,51.7547],[29.5972,51.7548]]}},{"type":"Feature","properties":{"name":"San","rank":10},"geometry":{"type":"LineString","coordinates":[[22.8657,49.0307],[22.8597,49.0903],[22.7537,49.1818],[22.7036,49.1918],[22.5037,49.2734],[22.4827,49.2978],[22.4881,49.366]]}},{"type":"Feature","properties":{"name":"San","rank":10},"geometry":{"type":"LineString","coordinates":[[22.4543,49.4009],[22.4025,49.4376],[22.3514,49.4357],[22.3184,49.4912],[22.3215,49.5263],[22.235,49.5519],[22.1936,49.5989],[22.282,49.6362],[22.2943,49.6618],[22.2117,49.7112],[22.228,49.7834],[22.2651,49.8305],[22.3534,49.8129],[22.4038,49.8192],[22.4668,49.7969],[22.5179,49.8066],[22.5725,49.7786],[22.6607,49.8087],[22.7473,49.7893],[22.7883,49.8049],[22.9009,49.8124],[22.9085,49.8371],[22.8888,49.9116],[22.8408,49.9757],[22.7179,50.0295],[22.6712,50.1055],[22.5819,50.1862],[22.491,50.2529],[22.4313,50.3337],[22.263,50.4613],[22.2472,50.5058],[22.0916,50.5715],[22.051,50.632],[21.927,50.6845],[21.8405,50.7399]]}},{"type":"Feature","properties":{"name":"Kasplya","rank":10},"geometry":{"type":"LineString","coordinates":[[32.0471,55.2311],[32.064,55.247],[32.1843,55.2077],[32.2229,55.1242],[32.1688,55.0522],[32.0745,55.0671],[32.0238,55.096],[31.9234,55.0519],[31.8965,55.0217],[31.6649,55.0559],[31.6496,55.1085],[31.6616,55.1864],[31.4785,55.2969],[31.3025,55.3249],[31.1906,55.2952],[31.1253,55.2928],[31.0686,55.3324],[30.8166,55.3355],[30.7866,55.3467],[30.7026,55.4169]]}},{"type":"Feature","properties":{"name":"Besed","rank":12},"geometry":{"type":"LineString","coordinates":[[32.6579,53.675],[32.5689,53.5734],[32.5265,53.4949],[32.5651,53.4589],[32.5527,53.4008],[32.4455,53.3673],[32.3748,53.3188],[32.239,53.3059],[32.1323,53.2685],[31.995,53.2561],[31.9686,53.2335],[31.867,53.1899],[31.8245,53.1471],[31.7386,53.0911],[31.6463,53.0859],[31.593,53.0177],[31.4113,52.9654],[31.3534,52.883],[31.3328,52.8221],[31.3618,52.7068],[31.3211,52.6831],[31.2162,52.6766],[31.1807,52.6418],[31.1229,52.621]]}},{"type":"Feature","properties":{"name":"Sozh","rank":10},"geometry":{"type":"LineString","coordinates":[[30.8026,51.9394],[30.8576,51.9578],[30.94,52.0203],[30.9182,52.0595],[30.9406,52.0813],[30.9465,52.1617],[30.8897,52.2547],[30.9334,52.3102],[30.9675,52.3847],[31.0529,52.441],[31.1379,52.4975],[31.1517,52.545],[31.1071,52.5871],[31.1229,52.621],[31.1187,52.6439],[31.0481,52.6881],[30.9714,52.7203],[30.9373,52.7631],[30.9744,52.8327],[30.974,52.8935],[30.9251,52.9521],[30.8684,53.0781],[30.8752,53.1705],[30.9021,53.2147],[31.0052,53.2877],[31.021,53.3254],[30.9983,53.3764],[31.0083,53.4369],[31.0712,53.4542],[31.1926,53.4831],[31.26,53.5127],[31.318,53.5212],[31.4385,53.5827],[31.5135,53.588],[31.6338,53.6145],[31.7245,53.6571],[31.7468,53.7152],[31.7442,53.7951]]}},{"type":"Feature","properties":{"name":"Sozh","rank":10},"geometry":{"type":"LineString","coordinates":[[31.7442,53.7951],[31.8096,53.8829],[31.846,53.9926],[31.9006,54.0559],[31.9624,54.0751],[32.0148,54.1214],[32.1765,54.1931],[32.1638,54.258],[32.2295,54.3279],[32.419,54.3935],[32.5261,54.3585],[32.6371,54.3507],[32.6878,54.3933],[32.6074,54.5193],[32.6766,54.5316],[32.7119,54.5696]]}},{"type":"Feature","properties":{"name":"Sozh","rank":12},"geometry":{"type":"LineString","coordinates":[[32.8942,54.2951],[32.9341,54.2714],[33.0443,54.102],[33.058,54.0393],[33.0352,53.9569],[32.9865,53.9368],[32.9276,53.9416],[32.8914,53.9765],[32.7952,54.0031],[32.7269,54.0517],[32.6154,54.0651],[32.5702,54.0216],[32.5921,53.9357],[32.5798,53.8965],[32.5438,53.8801],[32.4071,53.9253],[32.272,53.8504],[32.2537,53.8254],[32.0176,53.7639],[31.9612,53.7912],[31.8726,53.7774],[31.7442,53.7951]]}},{"type":"Feature","properties":{"name":"Mologa","rank":10},"geometry":{"type":"LineString","coordinates":[[37.3765,58.6347],[37.4986,58.5799]]}},{"type":"Feature","properties":{"name":"Mologa","rank":10},"geometry":{"type":"LineString","coordinates":[[36.1751,57.5676],[36.0661,57.5457],[35.9011,57.5246],[35.8474,57.4863],[35.7793,57.5141],[35.7261,57.5764],[35.6389,57.584],[35.5571,57.5771],[35.4846,57.6144],[35.4793,57.6445],[35.6458,57.6447],[35.7082,57.6763],[35.7072,57.7431],[35.749,57.7738],[35.8423,57.8013],[35.8555,57.8282],[35.8196,57.9508],[35.6829,58.0282],[35.7375,58.0945],[35.9902,58.1719],[35.9426,58.2399],[35.9626,58.2829],[35.9514,58.3468],[35.8606,58.3706],[35.7852,58.4287],[35.7922,58.5143],[35.7742,58.5608],[35.8274,58.5969],[35.8226,58.6557],[35.8865,58.7401],[36.0042,58.7716],[36.0554,58.801],[36.1921,58.8201],[36.3109,58.861],[36.5293,58.8652],[36.5902,58.8938],[36.6087,58.9618],[36.6416,58.968],[36.7899,58.9299],[36.863,58.9053],[36.9043,58.9421],[36.9762,58.9474],[37.1094,58.8848],[37.1751,58.8263]]}},{"type":"Feature","properties":{"name":null,"rank":11},"geometry":{"type":"LineString","coordinates":[[35.8275,60.4372],[35.905,60.4008],[35.9343,60.362],[36.0199,60.3417],[36.0518,60.2629],[36.1725,60.2002],[36.2769,60.1623],[36.365,60.1754],[36.4417,60.168],[36.5198,60.249],[36.5685,60.2458],[36.6058,60.2052],[36.676,60.1918],[36.7163,60.1553],[36.9136,60.1967],[37.0493,60.1851],[37.2248,60.1971]]}},{"type":"Feature","properties":{"name":"Mologa","rank":12},"geometry":{"type":"LineString","coordinates":[[35.9993,57.6429],[36.0819,57.6577],[36.1216,57.7102],[36.2788,57.7001],[36.3687,57.6694],[36.4927,57.6699],[36.5828,57.7097],[36.6482,57.7003],[36.6761,57.724],[36.6863,57.7781],[36.6294,57.8236],[36.5056,57.8657],[36.4773,57.927],[36.4115,57.965],[36.2507,57.9093],[36.1951,57.8656],[36.065,57.8252]]}},{"type":"Feature","properties":{"name":"Shelon","rank":11},"geometry":{"type":"LineString","coordinates":[[29.4054,57.4722],[29.4768,57.4675],[29.5576,57.4359],[29.6636,57.3598],[29.7803,57.3864],[29.9069,57.5041],[29.9084,57.5581],[29.8362,57.6366],[29.6148,57.7033],[29.5319,57.8232],[29.5613,57.8554],[29.6192,57.8703],[29.6677,57.9264],[29.6785,57.9657],[29.9823,58.0162],[30.061,58.059],[30.1521,58.0688],[30.2391,58.109],[30.438,58.1448],[30.6152,58.2053],[30.6863,58.2055],[30.8542,58.2283]]}},{"type":"Feature","properties":{"name":null,"rank":12},"geometry":{"type":"LineString","coordinates":[[36.1869,49.4101],[36.1621,49.3745],[36.2458,49.2438],[36.2463,49.1872],[36.2918,49.1335],[36.2659,49.1096],[36.1258,49.0583],[36.0558,49]]}},{"type":"Feature","properties":{"name":null,"rank":12},"geometry":{"type":"LineString","coordinates":[[36.0075,49],[35.9372,49]]}},{"type":"Feature","properties":{"name":null,"rank":12},"geometry":{"type":"LineString","coordinates":[[35.4207,49],[35.3613,49.022],[35.2842,49.077],[35.1478,49.1535],[34.9839,49.1637],[34.9263,49.1831],[34.8911,49.1483],[34.8367,49.1807],[34.7702,49.1708],[34.7264,49.146],[34.6097,49.1265],[34.4979,49.0942],[34.4754,49.046],[34.4918,49]]}},{"type":"Feature","properties":{"name":null,"rank":10},"geometry":{"type":"LineString","coordinates":[[32.9832,56.5224],[32.9559,56.4173],[32.908,56.3354],[32.8407,56.2976],[32.7183,56.2945],[32.6903,56.2755],[32.7502,56.236],[32.779,56.1745],[32.7564,56.1487],[32.7853,56.0561],[32.6643,55.9848],[32.6087,55.9352],[32.5615,55.9277],[32.4678,55.8839],[32.3983,55.8701],[32.3228,55.872],[32.2463,55.8537],[32.1341,55.8714],[32.0667,55.9018],[32.0254,55.9504],[31.9761,55.9542],[31.8696,55.9213],[31.825,55.8911],[31.7899,55.8398],[31.6692,55.7807],[31.6404,55.7376],[31.5856,55.7466],[31.4675,55.729],[31.4673,55.729]]}},{"type":"Feature","properties":{"name":"Wieprz","rank":10},"geometry":{"type":"LineString","coordinates":[[23.3428,50.5085],[23.3539,50.5313],[23.2842,50.5534],[23.1914,50.5605],[23.1078,50.5802],[23.0569,50.6049],[22.9558,50.6314],[22.9663,50.6884],[23.0173,50.7295],[23.0182,50.788],[23.0679,50.8393],[23.1165,50.9123],[23.1658,50.9464],[23.1751,50.986],[23.1475,51.0463],[23.0023,51.1533],[22.9481,51.2191],[22.9295,51.2668],[22.8582,51.3207],[22.7737,51.3546],[22.6719,51.4294],[22.6366,51.4742],[22.6262,51.5248],[22.5542,51.5888],[22.4314,51.6209],[22.3638,51.6078],[22.2415,51.6016],[22.1607,51.5849],[21.9953,51.5743],[21.9519,51.55],[21.8826,51.5436],[21.8213,51.5626]]}},{"type":"Feature","properties":{"name":"Drut","rank":12},"geometry":{"type":"LineString","coordinates":[[29.8495,53.4431],[29.9323,53.3262],[29.9646,53.165],[30.0173,53.1186],[30.0513,53.0722]]}},{"type":"Feature","properties":{"name":"Drut","rank":12},"geometry":{"type":"LineString","coordinates":[[29.7976,54.539],[29.8755,54.5502],[29.8993,54.4543],[29.8416,54.426],[29.7611,54.2887],[29.8103,54.2182],[29.6609,54.0515],[29.7026,53.9846],[29.6887,53.9455],[29.752,53.8906],[29.8084,53.7571],[29.8259,53.6847],[29.8349,53.5563]]}},{"type":"Feature","properties":{"name":null,"rank":12},"geometry":{"type":"LineString","coordinates":[[43,53.2665],[42.9094,53.3362],[42.8772,53.3896],[42.7621,53.4226],[42.7227,53.4462],[42.6619,53.548],[42.6067,53.5559],[42.5765,53.5822],[42.5523,53.653],[42.4998,53.7326],[42.4564,53.7724],[42.2246,53.8295],[42.1196,53.9336],[42.0926,54.0125],[42.0947,54.0481]]}},{"type":"Feature","properties":{"name":null,"rank":11},"geometry":{"type":"LineString","coordinates":[[34.0317,53.2287],[33.9534,53.2495],[33.8616,53.2585],[33.7751,53.2355],[33.6525,53.1503],[33.5833,53.0814],[33.5017,52.9684],[33.3023,52.7898],[33.2788,52.7475],[33.3023,52.697],[33.2614,52.6542],[33.2962,52.5345],[33.2637,52.4897],[33.2688,52.4291],[33.3527,52.3938],[33.3055,52.3629],[33.3881,52.316],[33.3882,52.3159]]}},{"type":"Feature","properties":{"name":null,"rank":11},"geometry":{"type":"LineString","coordinates":[[33.7444,59.0009],[33.8193,59.0154],[33.8384,59.0508],[33.9426,59.0656],[34.0409,59.0215],[34.1355,58.9923],[34.2756,58.9689],[34.3367,58.9144],[34.4387,58.8615],[34.4865,58.8583],[34.5383,58.9135],[34.6482,58.9344],[34.7334,58.9267],[34.8013,58.9638],[34.8528,58.9696],[34.9004,58.938],[34.9951,58.9184],[35.177,59.0068],[35.3307,59.071],[35.582,59.0766],[35.7035,59.0441],[35.7873,59.0493],[35.8388,59.0681],[35.9727,59.0937],[36.0569,59.1762],[36.1527,59.1969],[36.2858,59.1693],[36.3855,59.1229],[36.4026,59.0522],[36.5384,59.004],[36.6087,58.9618]]}},{"type":"Feature","properties":{"name":"Venta","rank":10},"geometry":{"type":"LineString","coordinates":[[22.5052,55.7824],[22.5412,55.7788],[22.6472,55.8164],[22.7424,55.8064],[22.8367,55.8292],[22.9104,55.8708],[22.9348,55.9104],[22.949,55.9971],[22.9011,56.0242],[22.8176,56.1498],[22.7078,56.1821],[22.598,56.2333],[22.5057,56.245],[22.2806,56.3169],[22.2259,56.3642],[22.2212,56.418],[22.0902,56.4964],[21.9883,56.5873],[21.9955,56.63],[22.0325,56.6474],[22.0282,56.7016],[21.9946,56.7781],[22.0438,56.8703],[22.0706,56.895],[21.9772,56.9853],[21.9697,57.0194],[21.8879,57.0975],[21.8145,57.102],[21.7468,57.1743],[21.6738,57.2011],[21.5789,57.2992],[21.5772,57.3556],[21.5995,57.3896],[21.5537,57.4135]]}},{"type":"Feature","properties":{"name":null,"rank":10},"geometry":{"type":"LineString","coordinates":[[38.2106,57.1722],[38.3444,57.2405],[38.4149,57.2861],[38.5195,57.2908],[38.7546,57.2719],[38.8684,57.2819],[38.9553,57.2458],[39.0205,57.2448],[39.1501,57.2711],[39.2798,57.2739],[39.363,57.2612],[39.3788,57.1857]]}},{"type":"Feature","properties":{"name":null,"rank":10},"geometry":{"type":"LineString","coordinates":[[39.4888,57.2131],[39.537,57.2423],[39.6409,57.2653],[39.7666,57.3107],[39.866,57.3275],[39.8823,57.3481],[39.8381,57.4045],[39.7627,57.4709],[39.7376,57.5114],[39.6868,57.53],[39.6973,57.6127],[39.7722,57.6405],[39.9132,57.6105],[39.9133,57.6104]]}},{"type":"Feature","properties":{"name":"Pronia","rank":11},"geometry":{"type":"LineString","coordinates":[[30.7433,54.3747],[30.8589,54.3603],[30.8984,54.3181],[31.0122,54.2398],[31.0633,54.1415],[31.0583,54.0334],[31.1092,53.9062],[31.0808,53.821],[30.9929,53.7626],[30.9759,53.6962],[30.9341,53.641],[30.9404,53.6023],[31.0046,53.5656],[31.0199,53.5149],[31.0712,53.4542],[31.073,53.4523]]}},{"type":"Feature","properties":{"name":null,"rank":12},"geometry":{"type":"LineString","coordinates":[[38.6177,56.9528],[38.7922,56.9522],[38.8513,56.8711],[38.9114,56.8383],[38.994,56.8564],[39.0972,56.8488],[39.2136,56.8529],[39.2643,56.8425],[39.4285,56.7669],[39.4844,56.7589],[39.5415,56.7954],[39.6331,56.8192],[39.708,56.8149],[39.8203,56.7741],[39.9365,56.7904],[40.0313,56.7688],[40.1209,56.7673],[40.2598,56.7375],[40.3457,56.6521],[40.3678,56.5922],[40.4653,56.4757],[40.5606,56.4094],[40.5394,56.3564],[40.6419,56.34],[40.543,56.2768],[40.5693,56.1969]]}},{"type":"Feature","properties":{"name":null,"rank":11},"geometry":{"type":"LineString","coordinates":[[43,53.6926],[42.9365,53.6956],[42.7688,53.789],[42.7615,53.8303],[42.7152,53.8698],[42.6719,54.0268],[42.6008,54.1602],[42.6118,54.2544],[42.6437,54.281],[42.6795,54.4462],[42.6323,54.488],[42.6048,54.5387],[42.5414,54.5281]]}},{"type":"Feature","properties":{"name":"Shosha","rank":12},"geometry":{"type":"LineString","coordinates":[[35.2168,56.1132],[35.1453,56.1874],[35.3296,56.2571],[35.4539,56.3368],[35.3758,56.3597],[35.3643,56.4196],[35.4631,56.4589],[35.645,56.4741],[35.6911,56.4684],[35.9793,56.5079],[36.0401,56.5041],[36.0964,56.5553],[36.1501,56.5481]]}},{"type":"Feature","properties":{"name":null,"rank":10},"geometry":{"type":"LineString","coordinates":[[34.937,60.0366],[35.0454,60.0389],[35.238,59.9855],[35.2925,59.9846],[35.3679,59.9359],[35.4406,59.9242],[35.5498,59.9372],[35.596,59.8971],[35.6986,59.8442],[35.7109,59.7773],[35.6812,59.7424],[35.5945,59.7109],[35.465,59.6945],[35.4162,59.7043],[35.3494,59.6221],[35.3381,59.5813],[35.4699,59.5283],[35.6646,59.4987],[35.8355,59.4578],[35.8826,59.4208],[35.9885,59.3968],[36.0625,59.4087],[36.2028,59.3708],[36.3109,59.2817],[36.45,59.2604],[36.445,59.1991],[36.4841,59.1564],[36.5308,59.1435],[36.6536,59.0644],[36.7036,59.0173],[36.7179,58.9637],[36.7899,58.9299]]}},{"type":"Feature","properties":{"name":null,"rank":11},"geometry":{"type":"LineString","coordinates":[[35.1362,57.5104],[35.3762,57.3957],[35.4937,57.3795],[35.5428,57.3955],[35.5864,57.4421],[35.6567,57.3932],[35.7305,57.3881],[35.8084,57.3608],[35.8989,57.2655],[35.9451,57.2575],[36.0003,57.301],[36.0569,57.2877],[36.2331,57.1997],[36.3171,57.184],[36.3758,57.2014],[36.5808,57.2001],[36.6691,57.2195],[36.7419,57.2676],[36.7864,57.3227],[36.8303,57.3354],[36.9486,57.3317],[37.0741,57.2805],[37.1616,57.2665],[37.1921,57.2332],[37.257,57.2402],[37.3911,57.2793],[37.4373,57.2369],[37.3928,57.2023],[37.4159,57.1687],[37.5205,57.0821]]}},{"type":"Feature","properties":{"name":null,"rank":12},"geometry":{"type":"LineString","coordinates":[[34.8108,59.708],[34.867,59.7258],[34.8906,59.667],[35.0121,59.5992],[35.1047,59.5877],[35.1924,59.529],[35.161,59.4965],[35.0855,59.4736],[35.0939,59.4062],[35.0537,59.3675],[35.0571,59.2939],[35.1751,59.2378],[35.201,59.1809],[35.2903,59.1643],[35.45,59.1752],[35.6048,59.1474],[35.682,59.1113],[35.8388,59.0681],[35.8391,59.0676]]}},{"type":"Feature","properties":{"name":null,"rank":12},"geometry":{"type":"LineString","coordinates":[[38.7385,50.1565],[38.7449,50.1369],[38.8239,50.1168],[38.9048,50.0776],[38.9212,49.9838],[38.9022,49.9162],[38.9139,49.8356],[38.9636,49.7551],[39.0198,49.7227],[39.032,49.6309],[39.0794,49.5835],[39.0774,49.5283],[39.0357,49.5102],[38.9592,49.4453],[38.9525,49.4043],[38.89,49.2861],[38.9026,49.2419],[38.8994,49.154],[38.8858,49.1195],[38.9741,49]]}},{"type":"Feature","properties":{"name":null,"rank":10},"geometry":{"type":"LineString","coordinates":[[41.3993,50.8275],[41.384,50.768],[41.2992,50.7324],[41.238,50.7241],[41.1616,50.6844],[41.1411,50.6321],[41.1682,50.5211],[41.1633,50.4872],[41.1099,50.4421],[41.0047,50.4055],[40.9722,50.3463],[40.918,50.3142],[40.8558,50.258],[40.8464,50.1905],[40.8661,50.1136],[40.8152,50.0456],[40.8047,49.9815]]}},{"type":"Feature","properties":{"name":"Velikaya","rank":10},"geometry":{"type":"LineString","coordinates":[[29.3122,56.8637],[29.4255,56.8161],[29.4038,56.7858],[29.3015,56.7678],[29.3064,56.7207],[29.354,56.6665],[29.2375,56.6501],[29.1987,56.6077],[29.1913,56.5669],[29.1499,56.5308],[29.1072,56.4348]]}},{"type":"Feature","properties":{"name":"Kymi","rank":10},"geometry":{"type":"LineString","coordinates":[[26.885,60.5],[26.9097,60.4736]]}},{"type":"Feature","properties":{"name":"Pissa","rank":10},"geometry":{"type":"LineString","coordinates":[[22.3919,54.1796],[22.45,54.2258],[22.4485,54.2718],[22.3955,54.3095],[22.323,54.3264],[22.2352,54.3179],[22.166,54.2807],[22.1579,54.2437],[22.1139,54.2409],[22.0017,54.2597],[21.9197,54.2596],[21.8788,54.2797],[21.9024,54.3242],[21.9668,54.3285],[21.9738,54.3603],[22.0851,54.5024],[22.0972,54.5729],[22.0116,54.6082],[21.9439,54.6192],[21.8802,54.6477],[21.742,54.6553],[21.5501,54.6378],[21.4229,54.6598],[21.2743,54.633],[21.2046,54.6301]]}},{"type":"Feature","properties":{"name":null,"rank":12},"geometry":{"type":"LineString","coordinates":[[34.0593,50.7449],[34.002,50.7543],[33.9436,50.7353],[33.9331,50.6828],[33.8633,50.6747],[33.8193,50.6384],[33.7897,50.5519],[33.7492,50.5217],[33.7273,50.4524],[33.7656,50.4284],[33.7715,50.3733],[33.7404,50.3213],[33.736,50.2512],[33.7609,50.2228],[33.72,50.1547],[33.7315,50.1151],[33.6882,50.0661],[33.6607,50.0093],[33.4592,49.8674],[33.3894,49.8048],[33.3156,49.78],[33.2835,49.7212],[33.2781,49.6356],[33.3528,49.5913],[33.4002,49.5905],[33.466,49.5659],[33.5234,49.5664],[33.6081,49.5233],[33.6506,49.4758],[33.7971,49.487]]}},{"type":"Feature","properties":{"name":null,"rank":11},"geometry":{"type":"LineString","coordinates":[[36.4487,50.9357],[36.4513,50.8878],[36.4116,50.8063],[36.2327,50.7073],[36.1956,50.6767],[35.9759,50.6052],[35.884,50.5978],[35.8237,50.5705],[35.7637,50.5622],[35.7391,50.5381],[35.5823,50.4613],[35.4856,50.4398],[35.4286,50.414],[35.3994,50.4279],[35.3435,50.3915],[35.2586,50.3629],[35.2165,50.3759],[35.0672,50.39],[34.9656,50.4088],[34.8567,50.3723],[34.8313,50.3129],[34.6975,50.1523],[34.6931,50.0268],[34.6668,50.0011],[34.6571,49.9433],[34.6885,49.8913],[34.6221,49.8063],[34.5835,49.6265],[34.6043,49.5207],[34.5613,49.4298],[34.4616,49.4133],[34.2879,49.3231],[34.2861,49.2422],[34.2593,49.2055],[34.2787,49.1231],[34.3233,49.0646],[34.288,49]]}},{"type":"Feature","properties":{"name":"Styr","rank":11},"geometry":{"type":"LineString","coordinates":[[25.2149,49.9827],[25.3469,49.9779],[25.4266,49.956],[25.561,49.956],[25.6204,50.0031],[25.6314,50.0329],[25.6043,50.0952],[25.719,50.1803],[25.6388,50.2733],[25.6538,50.3086],[25.7399,50.3696],[25.7498,50.4396],[25.6743,50.498],[25.5879,50.5192],[25.5022,50.5153],[25.4001,50.5603],[25.3914,50.6213],[25.3693,50.6495],[25.3708,50.7311],[25.3233,50.7458],[25.2927,50.791],[25.2732,50.8595],[25.2791,50.92],[25.3533,51.045],[25.3955,51.0732],[25.4768,51.0731],[25.6322,51.1212],[25.6926,51.1168],[25.7625,51.1408],[25.8164,51.205],[25.9453,51.2516],[25.9321,51.2788],[25.8496,51.3437],[25.8584,51.3874],[25.9495,51.4228],[26.006,51.4736],[26.0774,51.5011],[26.1301,51.5483],[26.125,51.5823],[26.1947,51.667],[26.241,51.7064],[26.2733,51.7807],[26.1992,51.9221],[26.1443,51.9474],[26.2061,52.0594],[26.3203,52.1054]]}},{"type":"Feature","properties":{"name":null,"rank":10},"geometry":{"type":"LineString","coordinates":[[43,54.7929],[42.7516,54.773],[42.679,54.7034],[42.6314,54.692],[42.5565,54.7043],[42.4888,54.6405],[42.5007,54.5718],[42.5414,54.5281],[42.4959,54.4534],[42.4481,54.4238],[42.3444,54.4118],[42.1423,54.4545],[42.0277,54.461]]}},{"type":"Feature","properties":{"name":null,"rank":11},"geometry":{"type":"LineString","coordinates":[[39.029,56.6273],[38.992,56.6164],[38.9116,56.648],[38.9087,56.7138],[38.8276,56.7436]]}},{"type":"Feature","properties":{"name":null,"rank":11},"geometry":{"type":"LineString","coordinates":[[38.7383,56.8037],[38.624,56.8642],[38.5228,56.875],[38.4518,56.851],[38.4806,56.8098],[38.44,56.7808],[38.3071,56.7493],[38.2903,56.7167],[38.2127,56.7016],[38.041,56.6911],[37.875,56.7106],[37.8596,56.7302],[37.7736,56.7342],[37.7918,56.778],[37.7739,56.8564],[37.6653,56.8664],[37.5833,56.8869],[37.5779,56.9619],[37.4855,56.9782]]}},{"type":"Feature","properties":{"name":"Pärnu","rank":10},"geometry":{"type":"LineString","coordinates":[[25.8976,59.0804],[25.843,59.0336],[25.8718,58.9749],[25.7437,58.8949],[25.7088,58.8605],[25.5985,58.8253],[25.4905,58.8111],[25.2727,58.7443],[25.2483,58.6696],[25.0147,58.5923],[24.8987,58.5134],[24.8484,58.511],[24.7214,58.4394],[24.5879,58.3861],[24.4898,58.3935],[24.466,58.377]]}},{"type":"Feature","properties":{"name":null,"rank":10},"geometry":{"type":"LineString","coordinates":[[38.6008,50.4819],[38.6331,50.4374],[38.7378,50.3856],[38.8137,50.3848],[38.9468,50.3437],[39.0846,50.3128],[39.168,50.3105],[39.2424,50.2875],[39.3547,50.2729],[39.4392,50.2165],[39.5408,50.1977],[39.6374,50.1637],[39.689,50.133],[39.7776,50.113],[39.9056,50.116],[39.9994,50.0895]]}},{"type":"Feature","properties":{"name":null,"rank":10},"geometry":{"type":"LineString","coordinates":[[32.4585,50.906],[32.4505,50.9596],[32.2848,50.9607],[32.1851,50.944],[32.153,50.9255],[32.1945,50.7958],[32.2622,50.6841],[32.3871,50.615],[32.4717,50.6282],[32.4981,50.6572],[32.6182,50.6408],[32.6748,50.65],[32.7082,50.632],[32.7139,50.5344],[32.6817,50.5122],[32.6123,50.519],[32.5285,50.4799],[32.4905,50.4416],[32.5003,50.3473],[32.529,50.2685],[32.5902,50.1918],[32.6711,50.1962],[32.7197,50.1713],[32.8044,50.2002],[32.823,50.1826],[32.9362,50.1594],[33.0564,50.1613],[33.1284,50.1061],[33.0962,50.0537],[33.0257,50.0047],[33.0171,49.9622],[32.979,49.9338],[32.9678,49.8724],[32.9181,49.8398],[32.8899,49.7707],[32.7489,49.7505],[32.6912,49.6784],[32.7274,49.609],[32.7171,49.5703]]}},{"type":"Feature","properties":{"name":null,"rank":11},"geometry":{"type":"LineString","coordinates":[[32.5443,51.1625],[32.4569,51.1913],[32.3005,51.1276],[32.2129,51.1302],[32.1726,51.1143],[32.1839,51.076],[32.1304,51.0381],[32.0575,51.0314],[32.0252,51.0112],[31.9224,50.9838],[31.8156,50.9966],[31.7935,51.0222],[31.6345,51.0607],[31.4978,51.0198],[31.386,50.9752],[31.3557,50.995],[31.2532,50.9716],[31.207,50.9102],[31.2739,50.8715],[31.18,50.7895],[31.1489,50.6865],[31.169,50.6347],[31.1604,50.5942],[31.1814,50.525],[31.1726,50.4729],[31.2039,50.4433],[31.3267,50.3864],[31.381,50.2874],[31.508,50.2047],[31.5176,50.1667],[31.487,50.1321],[31.4709,50.0773],[31.4351,50.0391],[31.4407,50.0144]]}},{"type":"Feature","properties":{"name":null,"rank":11},"geometry":{"type":"LineString","coordinates":[[27.3978,53.9669],[27.4824,53.958],[27.5481,53.9299],[27.5868,53.8684],[27.6567,53.8557],[27.6667,53.8149],[27.716,53.8065],[27.7341,53.7704],[27.7902,53.7213],[27.8176,53.6489],[27.8689,53.6405],[27.9424,53.671],[28.0967,53.6633],[28.189,53.6145],[28.3005,53.5764],[28.3025,53.4995],[28.3508,53.3999],[28.5232,53.4276],[28.6099,53.3988],[28.6374,53.3763],[28.7064,53.3681],[28.8327,53.4168],[28.9634,53.4492]]}},{"type":"Feature","properties":{"name":null,"rank":11},"geometry":{"type":"LineString","coordinates":[[27.7124,54.1955],[27.6414,54.1758],[27.6038,54.1493],[27.6023,54.0959],[27.5682,54.0542],[27.4421,54.0071]]}},{"type":"Feature","properties":{"name":null,"rank":11},"geometry":{"type":"LineString","coordinates":[[33.4889,51.1328],[33.5623,51.1315],[33.6996,51.0762],[33.8289,51.0717],[33.9526,51.0164],[34.0322,50.8937],[34.0205,50.8409],[33.8218,50.8552],[33.7468,50.8266],[33.6304,50.8137],[33.565,50.79],[33.4758,50.7209],[33.468,50.6952],[33.3701,50.668],[33.3913,50.6332],[33.3565,50.5944],[33.2905,50.5805],[33.2424,50.5323],[33.2567,50.4784],[33.3013,50.4001],[33.4104,50.3817],[33.3845,50.3346],[33.4006,50.3051],[33.349,50.2646],[33.3482,50.2051],[33.3023,50.1968],[33.2459,50.1291],[33.181,50.1012],[33.1284,50.1061]]}},{"type":"Feature","properties":{"name":"Iput","rank":11},"geometry":{"type":"LineString","coordinates":[[32.2528,53.624],[32.2268,53.666],[32.2427,53.6951],[32.4285,53.6828],[32.4909,53.695],[32.5151,53.7407],[32.5746,53.765],[32.6551,53.7571],[32.7886,53.7067],[32.7869,53.6349],[32.8584,53.5903],[32.8989,53.5447],[32.863,53.5143],[32.8909,53.4164],[32.9182,53.3679],[32.8464,53.2902],[32.7459,53.2419],[32.6574,53.2468],[32.5944,53.1623],[32.5905,53.0998],[32.5593,53.0639],[32.3486,52.9924],[32.2634,52.9827],[32.2157,52.9447],[32.0896,52.943],[31.9675,52.9004],[31.8936,52.8438],[31.9099,52.724],[31.891,52.7013],[31.7827,52.6742],[31.749,52.6116],[31.7703,52.5519],[31.7966,52.5313],[31.7683,52.494],[31.6814,52.4999],[31.5657,52.5422],[31.4409,52.5172],[31.3817,52.4873],[31.3231,52.4262],[31.2786,52.4119],[31.1709,52.427],[31.1055,52.4225],[31.0529,52.441],[31.0529,52.4411]]}},{"type":"Feature","properties":{"name":"Daugava","rank":10},"geometry":{"type":"LineString","coordinates":[[31.7578,56.9358],[31.8452,56.9496],[31.924,56.8878],[32.0514,56.8685]]}},{"type":"Feature","properties":{"name":null,"rank":10},"geometry":{"type":"LineString","coordinates":[[28.0391,52.3961],[28.0464,52.3483],[27.9875,52.2829],[27.9837,52.2324],[28.0193,52.1596],[27.9348,52.1208],[27.9212,52.0784]]}},{"type":"Feature","properties":{"name":null,"rank":10},"geometry":{"type":"LineString","coordinates":[[26.7393,53.1492],[26.6584,53.1449],[26.6198,53.1154],[26.6248,53.0418],[26.6482,53.0109],[26.698,52.9975],[26.7473,52.926],[26.6922,52.88],[26.7855,52.7799],[27.02,52.7226],[27.0812,52.697],[27.1282,52.7167],[27.1965,52.7191],[27.2615,52.7043],[27.3633,52.6614],[27.403,52.6254],[27.5081,52.5891],[27.5741,52.591],[27.6218,52.5683],[27.6379,52.494],[27.7152,52.4853],[27.8074,52.4436],[27.8947,52.4238]]}},{"type":"Feature","properties":{"name":"Mūša","rank":10},"geometry":{"type":"LineString","coordinates":[[25.2827,55.9584],[25.1804,55.9944],[25.0744,55.9809],[24.9578,55.8561],[24.8747,55.8103],[24.8159,55.7951],[24.6126,55.7958],[24.5397,55.8051],[24.3716,55.793],[24.291,55.8073],[24.2678,55.852],[24.3025,55.9992],[24.3242,56.0334],[24.4238,56.0856],[24.449,56.1513],[24.4107,56.2173],[24.3971,56.2727],[24.2713,56.3284],[24.237,56.3994],[24.166,56.413],[24.0581,56.449],[24.0418,56.5097],[23.9977,56.5363],[23.9338,56.6162],[23.7567,56.6579],[23.6614,56.7338],[23.6333,56.7954],[23.5828,56.8555],[23.6307,56.9318],[23.7356,56.9422],[23.929,56.9872],[23.9377,57.0092]]}},{"type":"Feature","properties":{"name":"Ubort","rank":11},"geometry":{"type":"LineString","coordinates":[[27.9456,50.8095],[27.8415,50.8229],[27.7962,50.8572],[27.7935,50.9174],[27.6826,50.9694],[27.6981,51.0285],[27.6327,51.0825],[27.5693,51.1068],[27.5562,51.1328],[27.5897,51.1717],[27.5949,51.2214],[27.6668,51.2394],[27.7232,51.2866],[27.8301,51.3533],[27.8953,51.4455],[27.8926,51.4853],[27.8296,51.6078],[27.8928,51.6251],[27.98,51.675],[28.0999,51.7158],[28.1433,51.6973],[28.2918,51.7327],[28.3888,51.7965],[28.408,51.841],[28.4579,51.8877],[28.4912,51.9472],[28.4434,52.002],[28.509,52.0531],[28.5972,52.0689],[28.6448,52.0949],[28.647,52.1366]]}},{"type":"Feature","properties":{"name":null,"rank":11},"geometry":{"type":"LineString","coordinates":[[28.7832,58.1518],[28.8779,58.1566],[29.0064,58.1916],[29.0625,58.2201],[29.1455,58.2163],[29.2585,58.2695],[29.3023,58.311],[29.3677,58.3266],[29.3579,58.3818],[29.4162,58.4153],[29.3731,58.4639],[29.3929,58.5093],[29.3208,58.5342],[29.2443,58.5355],[29.1243,58.5849],[29.0501,58.6023],[28.9978,58.6325],[28.8446,58.6352],[28.8023,58.6255],[28.7927,58.5837],[28.6893,58.5705],[28.5337,58.6364],[28.4255,58.6516],[28.3083,58.6113],[28.2727,58.632],[28.2547,58.6911],[28.1641,58.7856],[28.0437,58.8512],[28.0012,58.9066],[28.0666,59.0986],[28.0691,59.1484]]}},{"type":"Feature","properties":{"name":"Gauja","rank":10},"geometry":{"type":"LineString","coordinates":[[25.6717,57.0768],[25.6693,57.1635],[25.8748,57.1908],[25.9878,57.1798],[26.0741,57.226],[26.1616,57.2519],[26.2739,57.2583],[26.4582,57.2483],[26.5415,57.2674],[26.5686,57.3122],[26.4685,57.3971],[26.3508,57.4441],[26.3931,57.5294],[26.3789,57.5697],[26.2625,57.621],[26.168,57.7043],[26.0814,57.7104],[25.9951,57.6776],[25.9575,57.6394],[25.8972,57.6243],[25.7254,57.6304],[25.6371,57.6231],[25.5314,57.5893],[25.398,57.5287],[25.4015,57.4606],[25.3869,57.3861],[25.2595,57.372],[25.2088,57.3059],[25.0369,57.2602],[24.9402,57.2516],[24.8856,57.1994],[24.8181,57.1632],[24.662,57.1391],[24.5721,57.1377],[24.4653,57.0993],[24.3489,57.0911],[24.2786,57.161]]}},{"type":"Feature","properties":{"name":"Aiviekste","rank":10},"geometry":{"type":"LineString","coordinates":[[27.4136,56.164],[27.3079,56.1977],[27.2254,56.2835],[27.2429,56.3193],[27.1109,56.4042],[27.0484,56.4025],[26.9429,56.4363],[26.9334,56.4572],[26.9608,56.5245],[26.9264,56.561],[26.9373,56.6162],[26.9258,56.6844],[26.8721,56.7382]]}},{"type":"Feature","properties":{"name":"Aiviekste","rank":10},"geometry":{"type":"LineString","coordinates":[[26.9237,56.8257],[26.9851,56.8782],[26.9539,56.9207],[26.8511,56.9395],[26.7146,56.9084],[26.584,56.8142],[26.5105,56.7842],[26.4489,56.7783],[26.2109,56.7218],[26.0237,56.684],[25.9321,56.6378],[25.7604,56.6055]]}},{"type":"Feature","properties":{"name":null,"rank":12},"geometry":{"type":"LineString","coordinates":[[34.4865,54.4308],[34.5559,54.4384],[34.6374,54.362],[34.6172,54.2988],[34.645,54.2379],[34.5916,54.1708],[34.4912,54.1398],[34.3657,54.1276]]}},{"type":"Feature","properties":{"name":"Voronezh","rank":10},"geometry":{"type":"LineString","coordinates":[[39.1406,51.5499],[39.0746,51.5221],[39.0746,51.522]]}},{"type":"Feature","properties":{"name":"Voronezh","rank":10},"geometry":{"type":"LineString","coordinates":[[40.6128,53.6781],[40.5767,53.5631],[40.6113,53.5124],[40.6421,53.4264],[40.7268,53.3017],[40.676,53.1596],[40.6641,53.0866],[40.5804,53.0005],[40.5804,52.9442],[40.5495,52.8976],[40.5012,52.873],[40.4004,52.8496],[40.2131,52.8523],[40.1638,52.8932],[40.0588,52.9084],[40.0093,52.9599],[39.8993,53.0193],[39.8405,52.9949],[39.8192,52.864],[39.76,52.7928],[39.7268,52.7763],[39.6926,52.7163],[39.7106,52.6742],[39.6888,52.6232],[39.5994,52.5974],[39.5479,52.5581],[39.5475,52.4879],[39.527,52.4631],[39.4562,52.4379],[39.47,52.4011],[39.4315,52.3764],[39.4356,52.3164],[39.354,52.2526],[39.3788,52.2078],[39.3538,52.1372],[39.377,51.9556],[39.3518,51.8796],[39.2966,51.8404],[39.2825,51.7895]]}},{"type":"Feature","properties":{"name":"Tikhaya Sosna","rank":12},"geometry":{"type":"LineString","coordinates":[[37.9974,50.9123],[38.1245,50.8937],[38.2552,50.8459],[38.323,50.8334],[38.4536,50.7776],[38.4852,50.7399],[38.4972,50.6921],[38.572,50.6564],[38.6768,50.6396],[38.738,50.6403],[38.8386,50.6731],[38.9045,50.7663],[39.0156,50.8052],[39.094,50.8601],[39.1546,50.8847],[39.1848,50.9347],[39.2331,50.9782]]}},{"type":"Feature","properties":{"name":"Dunajec","rank":10},"geometry":{"type":"LineString","coordinates":[[20.0417,49.1706],[20.0877,49.071],[20.1179,49.0647],[20.2869,49.0654],[20.4456,49.1621],[20.5125,49.2462],[20.5594,49.2793],[20.638,49.3095],[20.7007,49.3112],[20.778,49.2973],[20.8255,49.2692],[20.9128,49.31],[20.8833,49.3493],[20.8265,49.35],[20.7683,49.385],[20.7176,49.441],[20.658,49.5277],[20.6553,49.5947],[20.6856,49.6466],[20.669,49.7243],[20.6808,49.7978],[20.7053,49.8523],[20.8153,49.8759],[20.8684,49.9626],[20.9108,50.0542],[20.8595,50.1411],[20.8023,50.1899],[20.7259,50.2366]]}},{"type":"Feature","properties":{"name":null,"rank":12},"geometry":{"type":"LineString","coordinates":[[32.944,57.7351],[32.9035,57.7917],[32.9221,57.823],[32.9959,57.8475],[32.9727,57.9411],[33.044,57.9718],[33.0114,58.0155],[32.9028,58.0622],[32.7433,58.0696],[32.6268,58.0185],[32.5137,58.0065],[32.4724,57.9553],[32.4172,57.9199],[32.3909,57.8794],[32.2957,57.8117],[32.238,57.7245],[32.1602,57.6821],[32.0723,57.6987],[31.9751,57.7372],[31.8338,57.8547],[31.7871,58.0119],[31.7048,58.0278],[31.5835,58.08]]}},{"type":"Feature","properties":{"name":null,"rank":10},"geometry":{"type":"LineString","coordinates":[[23.4307,54.223],[23.4905,54.2184],[23.5194,54.2443],[23.5151,54.298],[23.4641,54.3439],[23.4133,54.3608],[23.3269,54.3561],[23.2918,54.3715],[23.3117,54.4258],[23.3869,54.4672],[23.3342,54.5442],[23.3948,54.6396],[23.3396,54.6953],[23.1418,54.749],[23.0379,54.7676],[22.9409,54.7673],[22.8998,54.7952],[22.8688,54.8529],[22.8084,54.894],[22.7488,54.9101],[22.7151,54.9516],[22.6494,54.9532],[22.5765,54.978],[22.5227,54.9556],[22.4719,54.9651],[22.4175,54.9984],[22.3306,54.997],[22.2811,55.0141],[22.1999,55.0093],[22.197,55.0631]]}},{"type":"Feature","properties":{"name":null,"rank":12},"geometry":{"type":"LineString","coordinates":[[42.1372,60.4744],[42.093,60.4364],[42.1026,60.4101],[42.072,60.3413],[41.991,60.3334],[41.8954,60.3569],[41.8289,60.3392],[41.7659,60.2738],[41.6857,60.2527],[41.6582,60.2692],[41.6566,60.3317],[41.6948,60.3878],[41.7013,60.4328],[41.7551,60.467],[41.7662,60.5]]}},{"type":"Feature","properties":{"name":"Narew","rank":10},"geometry":{"type":"LineString","coordinates":[[24.3064,52.8513],[24.2703,52.8595],[24.0891,52.8497],[24.0222,52.8544],[23.9523,52.9001],[23.8748,52.9164]]}},{"type":"Feature","properties":{"name":"Narew","rank":10},"geometry":{"type":"LineString","coordinates":[[23.7617,52.9463],[23.7121,52.9521],[23.5208,52.9245],[23.3413,52.9057],[23.1004,52.9209],[23.052,52.9121],[22.9702,52.9343],[22.9266,52.9768],[22.8965,53.0364],[22.9404,53.0664],[22.8418,53.0963],[22.8137,53.1322],[22.9297,53.1702],[22.9378,53.1942],[22.8889,53.2314],[22.7922,53.2213],[22.6139,53.2157],[22.4566,53.2244],[22.4072,53.2117],[22.3567,53.1622],[22.2727,53.1365],[22.1509,53.1498],[22.0969,53.1855],[22.0373,53.2462],[21.9546,53.2557],[21.8733,53.2402],[21.7136,53.1776],[21.6651,53.138],[21.5523,53.0787],[21.4641,52.9584],[21.4203,52.9334],[21.417,52.8879],[21.4631,52.8196],[21.4387,52.7893],[21.3657,52.7993],[21.1233,52.7657],[21.0884,52.6801],[21.115,52.6098],[21.082,52.5364],[21.0877,52.5135]]}},{"type":"Feature","properties":{"name":null,"rank":11},"geometry":{"type":"LineString","coordinates":[[43,52.9481],[42.995,52.9193],[42.9287,52.8926],[42.928,52.8401],[42.8758,52.8139],[42.8713,52.7685],[42.8211,52.7194],[42.8441,52.6777],[42.8045,52.6477],[42.6683,52.6206],[42.6237,52.6205],[42.573,52.5661],[42.6206,52.4013],[42.5059,52.3087],[42.4456,52.2931],[42.4197,52.2519],[42.3577,52.2417],[42.2948,52.1679],[42.2747,52.0903],[42.2831,51.9889],[42.3197,51.9481],[42.3709,51.944],[42.3909,51.9101],[42.3534,51.8622],[42.3923,51.8275],[42.3845,51.799],[42.3216,51.7819],[42.3169,51.755],[42.3762,51.727],[42.3101,51.71],[42.2656,51.6573],[42.2503,51.5659],[42.3664,51.5519],[42.3031,51.5115],[42.1322,51.4907],[42.1247,51.4605],[42.0142,51.3364]]}},{"type":"Feature","properties":{"name":"Servač","rank":11},"geometry":{"type":"LineString","coordinates":[[27.5926,54.9661],[27.6123,55.0202],[27.5237,55.0154],[27.4617,54.9768],[27.4841,54.9006],[27.4534,54.8691],[27.4642,54.8201],[27.419,54.7812],[27.2969,54.716],[27.3109,54.6728],[27.2795,54.6073],[27.2927,54.5508]]}},{"type":"Feature","properties":{"name":"Luga","rank":10},"geometry":{"type":"LineString","coordinates":[[29.6896,59.5256],[29.5666,59.5065],[29.5408,59.4795],[29.6084,59.4626],[29.6738,59.4053],[29.7752,59.3915],[29.8172,59.3464],[29.9041,59.3326],[30.0505,59.3523],[30.0964,59.3703],[30.1952,59.3502],[30.2593,59.3603],[30.2997,59.4074],[30.3733,59.4291],[30.4797,59.3138],[30.4785,59.2609],[30.5471,59.214],[30.5567,59.1584],[30.5181,59.0915],[30.5254,59.0427],[30.5769,58.9796],[30.5874,58.9294],[30.5608,58.9055],[30.4124,58.8669],[30.2488,58.8365],[29.9859,58.8258],[29.9502,58.8312],[29.823,58.8966],[29.7976,58.9499],[29.6687,58.9896],[29.6063,59.0311],[29.2935,59.1148],[29.1996,59.1008],[29.1069,59.1119],[29.0051,59.1454],[28.8977,59.196],[28.8294,59.2723],[28.7356,59.3074],[28.6504,59.3151],[28.5718,59.4047],[28.4822,59.433],[28.3143,59.441],[28.2634,59.4948],[28.1859,59.6412],[28.286,59.6784]]}},{"type":"Feature","properties":{"name":null,"rank":12},"geometry":{"type":"LineString","coordinates":[[22.7544,54.275],[22.7012,54.251],[22.6872,54.1638],[22.6416,54.1335],[22.6532,54.0963],[22.7357,54.0329],[22.905,53.9413],[22.9776,53.8783],[22.981,53.8306],[22.933,53.7878],[22.9273,53.7053],[22.8958,53.664],[22.9268,53.6135],[22.9139,53.5716],[22.7637,53.5126],[22.6548,53.4926],[22.5545,53.4507],[22.4758,53.3312],[22.43,53.2265]]}},{"type":"Feature","properties":{"name":"Donets","rank":12},"geometry":{"type":"LineString","coordinates":[[37.2459,51.0989],[37.2893,51.007],[37.2595,50.9025],[37.1931,50.7994],[37.1091,50.6881],[37.0713,50.6514],[37.0116,50.5662],[37.0026,50.4969],[36.9724,50.4438],[36.884,50.4228],[36.7995,50.3733]]}},{"type":"Feature","properties":{"name":null,"rank":12},"geometry":{"type":"LineString","coordinates":[[40.0975,49.601],[40.0693,49.4765],[40.0838,49.4398],[40.1489,49.4101],[40.2639,49.3847],[40.3758,49.2548],[40.5303,49.2117],[40.6428,49.1704],[40.6782,49.1332],[40.6862,49.04],[40.6686,49]]}},{"type":"Feature","properties":{"name":"Nemunėlis","rank":11},"geometry":{"type":"LineString","coordinates":[[25.8552,56.0379],[25.8264,56.0744],[25.8176,56.136],[25.6686,56.2128],[25.5933,56.2255],[25.4219,56.2326],[25.3035,56.2112],[25.2449,56.251],[25.1282,56.2915],[25.0436,56.3661],[24.9097,56.4223],[24.8566,56.4357],[24.8052,56.4088],[24.6782,56.3775],[24.5422,56.3278],[24.4666,56.339],[24.3743,56.3784],[24.3164,56.4211],[24.2259,56.427],[24.166,56.413],[24.1633,56.4121]]}},{"type":"Feature","properties":{"name":"Medveditsa","rank":10},"geometry":{"type":"LineString","coordinates":[[43,49.8545],[42.9603,49.8417],[42.902,49.792],[42.7573,49.689],[42.6782,49.6626],[42.6943,49.6187],[42.7488,49.5895]]}},{"type":"Feature","properties":{"name":null,"rank":11},"geometry":{"type":"LineString","coordinates":[[39.012,53.9633],[39.054,54.0103],[39.0408,54.0398],[38.9483,54.0666],[38.8856,54.049],[38.8615,54.0185],[38.7627,54.0396],[38.6994,54.088],[38.6724,54.1824],[38.7206,54.239],[38.7598,54.258],[38.8368,54.2595],[38.9531,54.2414],[39.1082,54.227],[39.2478,54.2325],[39.3595,54.2572],[39.5383,54.1701],[39.5492,54.1355],[39.6253,54.0937],[39.7022,54.0917],[39.7622,54.0544],[39.9373,54.008],[40.0008,54.0117],[40.0939,54.0419],[40.1316,54.0698],[40.1397,54.1088],[40.2246,54.141],[40.2354,54.1968],[40.2093,54.2904],[40.2581,54.3281],[40.3303,54.32],[40.3976,54.3677]]}},{"type":"Feature","properties":{"name":"Prypiat","rank":12},"geometry":{"type":"LineString","coordinates":[[24.8407,50.7586],[24.8366,50.7838],[24.7809,50.8066],[24.6563,50.8762],[24.4904,50.9384],[24.4277,50.9553],[24.3201,51.0024],[24.3123,51.0464],[24.3445,51.083],[24.4671,51.0932],[24.611,51.126],[24.7512,51.2733],[24.8231,51.3721],[24.823,51.4214],[24.7537,51.479],[24.7827,51.6032],[24.8084,51.6398],[24.8423,51.7705],[24.9365,51.8393],[25.0144,51.8672],[25.0935,51.8796],[25.2559,51.8627],[25.3828,51.8585],[25.49,51.8435],[25.6668,51.8731],[25.7932,51.9057],[25.9026,51.9107],[26.0186,51.94],[26.0689,51.955],[26.1071,52.0229],[26.1515,52.0646],[26.1445,52.116]]}},{"type":"Feature","properties":{"name":"Desna","rank":10},"geometry":{"type":"LineString","coordinates":[[33.2957,54.1673],[33.3665,54.1034],[33.4397,54.0659],[33.4402,54.0374],[33.6292,53.9669],[33.698,53.8678],[33.772,53.8244],[33.7788,53.7741],[33.6648,53.7221],[33.6448,53.6867],[33.6887,53.6448],[33.6589,53.6103],[33.675,53.5133],[33.7555,53.4511],[33.8931,53.4145],[34.0238,53.3682],[34.19,53.3411],[34.2809,53.3088],[34.3313,53.3096]]}},{"type":"Feature","properties":{"name":"Desna","rank":10},"geometry":{"type":"LineString","coordinates":[[33.1133,54.2869],[33.1362,54.2805]]}},{"type":"Feature","properties":{"name":"Desna","rank":10},"geometry":{"type":"LineString","coordinates":[[33.0803,54.2975],[33.0954,54.2918]]}},{"type":"Feature","properties":{"name":"Desna","rank":10},"geometry":{"type":"LineString","coordinates":[[33.278,54.5336],[33.1465,54.5443],[33.1099,54.5119],[33.1035,54.4748],[33.1245,54.4201],[33.0691,54.3492],[33.0666,54.3065]]}},{"type":"Feature","properties":{"name":"Ščara","rank":11},"geometry":{"type":"LineString","coordinates":[[25.9632,53.1958],[26.0359,53.1889],[26.1128,53.2196],[26.1672,53.1968],[26.1826,53.1466],[26.153,53.0753],[26.2352,52.9933],[26.2373,52.9228],[26.2013,52.8581],[26.0313,52.8068],[25.9103,52.7441],[25.8532,52.7717],[25.8367,52.8068],[25.7542,52.82],[25.6538,52.7951],[25.5537,52.8126],[25.5208,52.9023],[25.5955,52.9455],[25.5054,52.9862],[25.429,52.9853],[25.3909,53.0166],[25.3618,53.0704],[25.2961,53.1402],[25.2689,53.2011],[25.2101,53.2531],[25.0641,53.3196],[24.9992,53.3993],[24.7739,53.4513]]}},{"type":"Feature","properties":{"name":"Ros","rank":11},"geometry":{"type":"LineString","coordinates":[[29.0672,49.4579],[29.0825,49.4306],[29.1843,49.4229],[29.2147,49.4334],[29.2622,49.5003],[29.3158,49.5188],[29.3911,49.5093],[29.4536,49.4765],[29.5121,49.4749],[29.5501,49.4971],[29.6403,49.4955],[29.7298,49.477],[29.8078,49.4796],[29.9016,49.5109],[29.9312,49.5417],[29.9242,49.5902],[29.9507,49.6191],[29.972,49.6984],[30.0052,49.721],[30.0329,49.7865],[30.1047,49.8024],[30.2031,49.7505],[30.2918,49.7448],[30.3855,49.7001],[30.595,49.6519],[30.6314,49.6052],[30.7278,49.581],[30.7604,49.5507],[30.8318,49.5565],[30.9167,49.5366],[31.0017,49.5338],[31.0291,49.4848],[31.1017,49.4228],[31.1312,49.4308],[31.2398,49.4132],[31.3074,49.4204],[31.3623,49.4446],[31.4456,49.4611],[31.4688,49.5149],[31.5139,49.5104],[31.5241,49.4676],[31.5935,49.4489],[31.6699,49.4724],[31.7621,49.528],[31.7852,49.5926]]}},{"type":"Feature","properties":{"name":null,"rank":10},"geometry":{"type":"LineString","coordinates":[[32.2061,49],[32.0274,49.0622],[31.9712,49.1002],[31.9045,49.2292],[31.9072,49.2551],[31.9865,49.3046],[32.057,49.3023],[32.2316,49.2366],[32.4004,49.1923],[32.4662,49.1682],[32.5381,49.1222],[32.6248,49.0884],[32.7891,49.0812]]}},{"type":"Feature","properties":{"name":"Teteriv","rank":10},"geometry":{"type":"LineString","coordinates":[[28.8403,49.7441],[28.89,49.7925],[28.9124,49.8735],[28.9973,49.9259],[29.0335,50.0344],[29.0154,50.0619],[28.93,50.1208],[28.8113,50.1847],[28.659,50.2091],[28.6639,50.2472],[28.7742,50.2265],[28.8245,50.2392],[28.8762,50.2768],[29.0681,50.3223],[29.0894,50.3588],[29.1738,50.3828],[29.2278,50.4231],[29.2544,50.5089],[29.3498,50.5397],[29.3933,50.5731],[29.4193,50.6239],[29.4637,50.6623],[29.575,50.6837],[29.5923,50.7111],[29.5703,50.7693],[29.5889,50.8026],[29.6502,50.8334],[29.7854,50.8569],[29.8571,50.8843],[30.0164,51.0002],[30.0998,51.0361],[30.1709,51.0437],[30.2542,51.0341]]}},{"type":"Feature","properties":{"name":"Pilica","rank":10},"geometry":{"type":"LineString","coordinates":[[19.6017,50.4374],[19.7014,50.4835],[19.8291,50.4846],[19.8513,50.5026],[19.8439,50.6296],[19.7681,50.6936],[19.7097,50.7263],[19.6902,50.8046],[19.7489,50.8778],[19.8306,50.9309],[19.8357,50.9761],[19.8678,51.0364],[19.8778,51.0954],[19.9113,51.1313],[19.918,51.1919],[19.8993,51.3352],[19.8642,51.3945]]}},{"type":"Feature","properties":{"name":"Pilica","rank":10},"geometry":{"type":"LineString","coordinates":[[19.9872,51.4756],[20.0559,51.5431],[20.1859,51.5334],[20.2622,51.5429],[20.3228,51.5762],[20.4588,51.6191],[20.6076,51.6206],[20.7599,51.6364],[20.887,51.6698],[20.9675,51.6689],[21.105,51.7383],[21.1623,51.7769],[21.2726,51.8271],[21.2809,51.8572]]}},{"type":"Feature","properties":{"name":"Bityog","rank":10},"geometry":{"type":"LineString","coordinates":[[41.2678,52.0605],[41.2944,52.1277],[41.218,52.1498],[41.0861,52.1293],[41.0261,52.1382],[40.916,52.1351],[40.8353,52.1442],[40.6641,52.038],[40.5602,52.0273],[40.5418,51.9699],[40.4626,51.8859],[40.4811,51.8175],[40.5122,51.7651],[40.5195,51.7099],[40.4468,51.5712],[40.4783,51.5236],[40.5046,51.435],[40.4681,51.4234],[40.4596,51.3756],[40.4031,51.272],[40.3377,51.2746],[40.2326,51.2575],[40.159,51.1994],[40.1105,51.1782],[40.0776,51.1404],[40.0564,51.0784],[40.0068,51.0092],[40.0447,50.9323],[40.1198,50.8641],[40.0583,50.8041],[40.0037,50.774],[40.0182,50.7131],[40.0099,50.6596],[39.9219,50.6289]]}},{"type":"Feature","properties":{"name":"Emajõgi","rank":10},"geometry":{"type":"LineString","coordinates":[[26.3672,59.1853],[26.3278,59.1491],[26.2568,59.1291],[26.2481,59.0583],[26.207,58.9958],[26.2124,58.9585],[26.1599,58.9171],[26.1138,58.8354],[26.031,58.8318],[25.9655,58.8105],[25.9273,58.7615],[25.9235,58.7043],[25.9836,58.6501],[25.9607,58.5964],[26.0643,58.5136],[26.1315,58.4847],[26.1987,58.4256],[26.4035,58.4081],[26.4767,58.4208],[26.5907,58.4621],[26.6468,58.4468],[26.7621,58.3553],[26.8067,58.3468],[26.9697,58.3835],[27.1267,58.3935],[27.2317,58.4396]]}},{"type":"Feature","properties":{"name":"Oskol","rank":11},"geometry":{"type":"LineString","coordinates":[[37.5151,49.2128],[37.4214,49.1662],[37.406,49.1457],[37.4017,49.1157]]}},{"type":"Feature","properties":{"name":"Oskol","rank":11},"geometry":{"type":"LineString","coordinates":[[37.786,51.3852],[37.8631,51.2889],[37.8783,51.2355],[37.876,51.1381],[37.8402,51.0483],[37.8019,50.9856],[37.7678,50.8662],[37.8303,50.8146],[37.8538,50.757],[37.7707,50.6749],[37.8057,50.6363],[37.7868,50.5974],[37.8039,50.5548],[37.7923,50.5201],[37.8316,50.4965],[37.8391,50.4612],[37.82,50.3929],[37.9035,50.3186],[38.0685,50.1952],[38.0838,50.1633],[37.9883,50.0597],[37.948,50.028],[37.8186,49.9692],[37.743,49.8909],[37.6935,49.8567],[37.6531,49.7948],[37.6262,49.7102],[37.636,49.655],[37.677,49.564]]}},{"type":"Feature","properties":{"name":"Oskol","rank":11},"geometry":{"type":"LineString","coordinates":[[37.1971,51.5081],[37.2214,51.5349],[37.3329,51.5529],[37.4138,51.5395],[37.5358,51.4702],[37.6465,51.4366],[37.742,51.4195]]}},{"type":"Feature","properties":{"name":null,"rank":11},"geometry":{"type":"LineString","coordinates":[[21.7855,53.6801],[21.8133,53.6622],[21.8122,53.6179],[21.8648,53.4921],[21.8473,53.4535],[21.7986,53.4242],[21.7808,53.3898],[21.7949,53.3522],[21.8752,53.2755],[21.8733,53.2402],[21.8724,53.2382]]}},{"type":"Feature","properties":{"name":null,"rank":11},"geometry":{"type":"LineString","coordinates":[[21.1409,53.6802],[21.0991,53.7772],[21.1834,53.8196],[21.2363,53.7794],[21.2484,53.7041],[21.3313,53.6304],[21.3695,53.6352],[21.3914,53.6943],[21.4548,53.6697],[21.5003,53.6925],[21.5212,53.7467],[21.5682,53.7483]]}},{"type":"Feature","properties":{"name":"Noteć","rank":10},"geometry":{"type":"LineString","coordinates":[[19.0049,52.3572],[19,52.36]]}},{"type":"Feature","properties":{"name":"Ptsich","rank":12},"geometry":{"type":"LineString","coordinates":[[28.2424,53.1396],[28.1844,53.115],[28.138,53.1454],[28.0957,53.1418],[28.0436,53.0849],[28.0659,52.967],[28.0315,52.9355],[28.0331,52.8525],[28.0115,52.788],[28.0207,52.7288],[28.0645,52.6997],[28.139,52.7192],[28.172,52.706],[28.1706,52.6262],[28.2024,52.5998],[28.2949,52.5804],[28.446,52.5015],[28.5065,52.5178],[28.5772,52.5045],[28.6738,52.5197],[28.7334,52.5422],[28.7953,52.5192],[28.8186,52.4618],[28.7937,52.395],[28.833,52.3405],[28.8015,52.2432],[28.8582,52.1584],[28.8489,52.1367]]}},{"type":"Feature","properties":{"name":"Jasieĺda","rank":11},"geometry":{"type":"LineString","coordinates":[[24.9746,52.5791],[25.0125,52.5016],[25.0923,52.4091],[25.1789,52.3628],[25.3135,52.3726],[25.4343,52.3493],[25.4758,52.3606],[25.6824,52.3211],[25.7298,52.3275],[25.9451,52.2746],[26.118,52.2152],[26.1921,52.205],[26.2365,52.1623],[26.355,52.1521],[26.4059,52.1615],[26.4562,52.1231]]}},{"type":"Feature","properties":{"name":"Jasieĺda","rank":11},"geometry":{"type":"LineString","coordinates":[[24.1145,52.81],[24.2289,52.7567],[24.3438,52.7443],[24.4517,52.7553],[24.5183,52.7357],[24.6467,52.6477],[24.7949,52.6345]]}},{"type":"Feature","properties":{"name":"Chir","rank":10},"geometry":{"type":"LineString","coordinates":[[41.1047,49.3816],[41.145,49.3948],[41.2879,49.4101],[41.3977,49.4452],[41.4592,49.4484],[41.5223,49.4267],[41.6193,49.3747],[41.7445,49.3312],[41.8775,49.2189],[42.0354,49.1345],[42.0623,49.0776],[42.1397,49.0264],[42.2059,49]]}},{"type":"Feature","properties":{"name":null,"rank":10},"geometry":{"type":"LineString","coordinates":[[41.0813,58.6203],[40.9761,58.6182],[40.9868,58.7391],[40.9663,58.8291],[40.9138,58.8673],[40.8049,58.9009],[40.61,58.9848],[40.4202,59.0964],[40.2634,59.1386],[40.1611,59.1387],[40.0558,59.1758],[40.0075,59.2249],[40.0822,59.3115],[40.1489,59.331],[40.2423,59.303],[40.2424,59.303]]}},{"type":"Feature","properties":{"name":"Dnieper","rank":10},"geometry":{"type":"LineString","coordinates":[[34.197,55.4591],[34.1891,55.4023],[34.2551,55.3866],[34.3093,55.2995],[34.2847,55.1954],[34.179,55.2179],[33.9924,55.2073],[33.8547,55.2353],[33.7815,55.3032],[33.772,55.3786],[33.7227,55.4321],[33.5579,55.4827]]}},{"type":"Feature","properties":{"name":null,"rank":11},"geometry":{"type":"LineString","coordinates":[[41.994,52.283],[41.9627,52.2438],[41.9564,52.1537],[41.7752,52.0593],[41.7704,52.0332],[41.7064,51.9836],[41.6358,51.9468],[41.5173,51.921],[41.4671,51.8271],[41.4616,51.7729],[41.4849,51.7289],[41.5,51.558],[41.4724,51.5057],[41.4831,51.4516],[41.5217,51.3591],[41.471,51.2744],[41.4603,51.1413],[41.5178,51.0865],[41.5149,51.0369],[41.5578,51.0312],[41.6033,51.0648],[41.646,51.0521]]}},{"type":"Feature","properties":{"name":null,"rank":10},"geometry":{"type":"LineString","coordinates":[[35.3166,52.476],[35.1898,52.4333],[35.1167,52.4479],[35.0521,52.5106],[34.8478,52.5174],[34.6628,52.5361],[34.5674,52.5145],[34.5017,52.5114],[34.3523,52.4833],[34.154,52.403],[34.0497,52.4214],[33.9762,52.4485],[33.9119,52.4379],[33.8211,52.4897],[33.8301,52.5882]]}},{"type":"Feature","properties":{"name":"Sluch","rank":12},"geometry":{"type":"LineString","coordinates":[[26.3916,49.6752],[26.4346,49.6781],[26.4705,49.7208],[26.5164,49.7189],[26.7214,49.6879],[26.8358,49.6803],[26.9909,49.6877],[27.1773,49.7379],[27.2585,49.7756],[27.3996,49.7746],[27.457,49.7922],[27.5281,49.796],[27.618,49.8488],[27.7097,49.884],[27.7608,49.9312],[27.7443,49.9911],[27.679,50.06],[27.6851,50.1211],[27.6526,50.2572],[27.7227,50.3358],[27.738,50.4121],[27.7254,50.4551],[27.7537,50.4862],[27.6987,50.5649],[27.6453,50.5876],[27.6201,50.6179],[27.6071,50.6937],[27.5036,50.7609],[27.387,50.7724],[27.3026,50.8112],[27.24,50.8075],[27.1159,50.8201],[26.9807,50.8458],[26.9282,50.8977],[26.7905,50.9895],[26.7634,51.0229],[26.75,51.0917],[26.7876,51.1679],[26.6567,51.2924],[26.6576,51.3781],[26.6877,51.4084],[26.6869,51.4516],[26.6559,51.4855],[26.6458,51.5324],[26.6512,51.6374]]}},{"type":"Feature","properties":{"name":"Zakhidnyy Buh","rank":10},"geometry":{"type":"LineString","coordinates":[[23.8919,49.9858],[23.9151,49.9515],[24.0896,49.9472],[24.1724,49.9198],[24.2629,49.9071],[24.3187,49.9152],[24.459,49.9047],[24.5327,49.9169],[24.6242,49.9503]]}},{"type":"Feature","properties":{"name":null,"rank":10},"geometry":{"type":"LineString","coordinates":[[43,50.7394],[42.919,50.7269],[42.8406,50.6701],[42.7806,50.6689],[42.6885,50.6118],[42.7007,50.5646],[42.6089,50.517],[42.4795,50.4831],[42.4247,50.4875],[42.355,50.4735],[42.2601,50.492],[42.2199,50.4703],[42.2039,50.4274],[42.2097,50.3686],[42.157,50.2857],[42.1792,50.198]]}},{"type":"Feature","properties":{"name":"Bystraya Sosna","rank":10},"geometry":{"type":"LineString","coordinates":[[37.1546,51.5759],[37.0991,51.6474],[37.0938,51.6872],[37.2759,51.8044],[37.3179,51.8751],[37.2878,51.9656],[37.3,51.9989],[37.3577,52.0703],[37.3529,52.1489],[37.3719,52.2223],[37.3568,52.2693],[37.3789,52.3307],[37.429,52.3882],[37.5071,52.4313],[37.5549,52.4076],[37.6214,52.4175],[37.7105,52.3959],[37.7632,52.3684],[37.9299,52.3887],[38.0355,52.4503],[38.0855,52.5026],[38.281,52.4966],[38.4183,52.528],[38.5112,52.598],[38.5205,52.6237],[38.613,52.6669],[38.7375,52.7104],[38.785,52.7012],[38.895,52.7068]]}},{"type":"Feature","properties":{"name":"Váh","rank":10},"geometry":{"type":"LineString","coordinates":[[19.5453,49.3884],[19.5444,49.3269],[19.4901,49.3156],[19.4336,49.2671],[19.3748,49.2703],[19.2713,49.2174],[19.1566,49.1852],[19.062,49.1182],[19,49.1172]]}},{"type":"Feature","properties":{"name":"Váh","rank":10},"geometry":{"type":"LineString","coordinates":[[19.1787,49.3307],[19.1643,49.3593],[19.252,49.3879],[19.3119,49.3771],[19.4183,49.3874],[19.4888,49.4118]]}},{"type":"Feature","properties":{"name":"Berezina","rank":10},"geometry":{"type":"LineString","coordinates":[[28.1873,55.2471],[28.2067,55.1979],[28.1566,55.1215],[28.072,55.0766],[28.1087,55.0313],[28.1267,54.9665],[28.2044,54.8796],[28.2181,54.8257],[28.1813,54.73],[28.2342,54.6478],[28.3552,54.5618],[28.4212,54.5511],[28.4168,54.5224],[28.321,54.4064],[28.333,54.3494],[28.4137,54.271],[28.471,54.2615],[28.604,54.1697],[28.8237,54.0679],[28.9339,53.9755],[28.9901,53.8681],[28.9856,53.8222],[28.9382,53.7603],[28.9606,53.706],[28.9325,53.6584],[28.9325,53.6035],[28.9639,53.5595],[28.9528,53.4704],[29.0132,53.4046],[29.0174,53.3659],[29.0576,53.2947],[29.1019,53.2654],[29.1913,53.235],[29.2608,53.1606],[29.2518,53.0722],[29.2686,53.0045],[29.3731,52.9573],[29.3333,52.9149],[29.3562,52.8693],[29.5857,52.7402],[29.6058,52.7148],[29.7236,52.6559],[29.9046,52.6264],[30.0267,52.5732],[30.0949,52.5637],[30.1799,52.5775],[30.2474,52.5552]]}},{"type":"Feature","properties":{"name":null,"rank":12},"geometry":{"type":"LineString","coordinates":[[39.242,53.9092],[39.1833,53.8764],[39.2246,53.852],[39.3864,53.8673],[39.4377,53.8637],[39.522,53.8281],[39.596,53.7578],[39.8582,53.7179],[39.9741,53.7492],[40.052,53.7544],[40.105,53.7772],[40.1094,53.8397],[40.166,53.9152],[40.1408,53.9695],[40.1974,54.0098],[40.2461,54.0829],[40.2332,54.133]]}},{"type":"Feature","properties":{"name":null,"rank":10},"geometry":{"type":"LineString","coordinates":[[35.042,60.1436],[35.0308,60.1711],[34.9367,60.1677],[34.7876,60.1906],[34.7342,60.2207],[34.6279,60.2371],[34.5482,60.2282],[34.367,60.2258],[34.1433,60.2545],[33.9689,60.248],[33.9295,60.2189],[33.8428,60.2031],[33.8695,60.1383],[33.9443,60.093],[33.8799,59.9892],[33.7915,59.9057],[33.5393,59.8432],[33.3596,59.8249],[33.2586,59.8588],[33.1692,59.84],[33.0612,59.801],[33.0812,59.7424],[33.0696,59.7099],[32.9865,59.7244],[32.9644,59.782],[32.8879,59.8674],[32.7611,59.9174],[32.7049,60],[32.6609,60.0212],[32.574,60.0233],[32.5778,60.0944],[32.5095,60.1695]]}},{"type":"Feature","properties":{"name":"Dysna","rank":10},"geometry":{"type":"LineString","coordinates":[[26.6375,55.0467],[26.6234,54.9971],[26.5848,54.9858],[26.4754,55.0203],[26.4609,55.0691],[26.5269,55.1348],[26.5952,55.1652],[26.6668,55.1799],[26.6629,55.2926],[26.7048,55.3118],[26.8223,55.2908],[26.9922,55.2863],[27.1521,55.3149],[27.2756,55.3237],[27.3977,55.3464],[27.4715,55.3693],[27.6823,55.4012],[27.8296,55.4596],[27.9409,55.4713],[28.0088,55.4925],[28.1014,55.538],[28.1638,55.5401],[28.2117,55.5709]]}},{"type":"Feature","properties":{"name":"Sukhona","rank":10},"geometry":{"type":"LineString","coordinates":[[38.9709,60.4097],[39.0794,60.4006]]}},{"type":"Feature","properties":{"name":"Sukhona","rank":10},"geometry":{"type":"LineString","coordinates":[[39.3395,59.7777],[39.4035,59.6725]]}},{"type":"Feature","properties":{"name":null,"rank":11},"geometry":{"type":"LineString","coordinates":[[39.0807,58.3328],[38.9651,58.3773],[38.8027,58.4077],[38.5181,58.4774]]}},{"type":"Feature","properties":{"name":null,"rank":11},"geometry":{"type":"LineString","coordinates":[[38.5181,58.4774],[38.3061,58.5424],[38.306,58.5425]]}},{"type":"Feature","properties":{"name":null,"rank":11},"geometry":{"type":"LineString","coordinates":[[39.0746,58.5048],[38.9395,58.4844],[38.5181,58.4774]]}},{"type":"Feature","properties":{"name":null,"rank":11},"geometry":{"type":"LineString","coordinates":[[39.8213,59.6419],[39.6857,59.6152],[39.6317,59.5669],[39.6489,59.5316]]}},{"type":"Feature","properties":{"name":null,"rank":10},"geometry":{"type":"LineString","coordinates":[[40.8267,58.0184],[40.8599,57.9593],[40.8218,57.9301],[40.6953,57.92],[40.6445,57.89],[40.6367,57.8555],[40.7033,57.8052]]}},{"type":"Feature","properties":{"name":"Msta","rank":10},"geometry":{"type":"LineString","coordinates":[[32.3443,60.1419],[32.3123,60.2215],[32.2648,60.2435],[32.0178,60.454],[31.9702,60.4871]]}},{"type":"Feature","properties":{"name":"Msta","rank":10},"geometry":{"type":"LineString","coordinates":[[31.9702,60.4871],[31.918,60.5]]}},{"type":"Feature","properties":{"name":null,"rank":12},"geometry":{"type":"LineString","coordinates":[[39.1436,60.5],[39.0794,60.4006]]}},{"type":"Feature","properties":{"name":"Uša","rank":10},"geometry":{"type":"LineString","coordinates":[[24.133,54.7835],[24.1289,54.8067],[24.2173,54.8379],[24.0814,54.9048],[23.9935,54.8786]]}},{"type":"Feature","properties":{"name":"Mologa","rank":10},"geometry":{"type":"LineString","coordinates":[[37.4986,58.5799],[37.5398,58.5397],[37.6262,58.4902],[37.7214,58.4639],[38.0593,58.3933],[38.1946,58.3542],[38.3171,58.3066],[38.406,58.2487]]}},{"type":"Feature","properties":{"name":"Mologa","rank":10},"geometry":{"type":"LineString","coordinates":[[37.1751,58.8263],[37.1875,58.7708],[37.3765,58.6347]]}},{"type":"Feature","properties":{"name":"Shelon","rank":11},"geometry":{"type":"LineString","coordinates":[[30.8542,58.2283],[30.9207,58.2375],[31.2002,58.295],[31.3704,58.3478]]}},{"type":"Feature","properties":{"name":"Shosha","rank":12},"geometry":{"type":"LineString","coordinates":[[36.1501,56.5481],[36.2605,56.5583],[36.4736,56.6085],[36.5473,56.6321],[36.5484,56.6326]]}},{"type":"Feature","properties":{"name":null,"rank":10},"geometry":{"type":"LineString","coordinates":[[32.7171,49.5703],[32.7049,49.5168],[32.676,49.4819],[32.7476,49.4062],[32.7893,49.3339],[32.7887,49.2618]]}},{"type":"Feature","properties":{"name":null,"rank":11},"geometry":{"type":"LineString","coordinates":[[31.4407,50.0144],[31.4691,49.9794]]}},{"type":"Feature","properties":{"name":null,"rank":11},"geometry":{"type":"LineString","coordinates":[[28.0691,59.1484],[28.1279,59.1977],[28.1455,59.314]]}},{"type":"Feature","properties":{"name":"Aiviekste","rank":10},"geometry":{"type":"LineString","coordinates":[[26.8721,56.7382],[26.9237,56.8257]]}},{"type":"Feature","properties":{"name":null,"rank":10},"geometry":{"type":"LineString","coordinates":[[32.7891,49.0812],[32.8908,49.1356],[32.9981,49.1583],[33.0379,49.1818]]}},{"type":"Feature","properties":{"name":"Teteriv","rank":10},"geometry":{"type":"LineString","coordinates":[[30.2542,51.0341],[30.3692,51.0372],[30.5057,51.0498]]}},{"type":"Feature","properties":{"name":"Emajõgi","rank":10},"geometry":{"type":"LineString","coordinates":[[27.2317,58.4396],[27.4016,58.509],[27.4408,58.5508],[27.4487,58.6588]]}},{"type":"Feature","properties":{"name":null,"rank":11},"geometry":{"type":"LineString","coordinates":[[21.5682,53.7483],[21.6406,53.7696],[21.7855,53.6801]]}},{"type":"Feature","properties":{"name":null,"rank":10},"geometry":{"type":"LineString","coordinates":[[31.5691,60.5],[31.5169,60.4545],[31.5108,60.3706]]}},{"type":"Feature","properties":{"name":null,"rank":10},"geometry":{"type":"LineString","coordinates":[[32.5095,60.1695],[32.4671,60.2019],[32.2903,60.3872],[32.1172,60.4508],[31.9702,60.4871]]}},{"type":"Feature","properties":{"name":null,"rank":11},"geometry":{"type":"LineString","coordinates":[[40.1322,55.244],[40.1447,55.2243]]}},{"type":"Feature","properties":{"name":"Volga","rank":11},"geometry":{"type":"LineString","coordinates":[[32.7617,56.9022],[32.7606,56.905]]}},{"type":"Feature","properties":{"name":"Vazuza","rank":11},"geometry":{"type":"LineString","coordinates":[[34.7121,55.8267],[34.7134,55.873],[34.6313,55.8808]]}},{"type":"Feature","properties":{"name":"Vazuza","rank":11},"geometry":{"type":"LineString","coordinates":[[34.5998,55.876],[34.5379,55.8921],[34.541,55.9259],[34.4835,55.9754]]}},{"type":"Feature","properties":{"name":"Vazuza","rank":11},"geometry":{"type":"LineString","coordinates":[[34.4806,55.9768],[34.4761,55.9798]]}},{"type":"Feature","properties":{"name":"Vazuza","rank":11},"geometry":{"type":"LineString","coordinates":[[34.4736,56.0278],[34.5172,56.0883]]}},{"type":"Feature","properties":{"name":"Vazuza","rank":11},"geometry":{"type":"LineString","coordinates":[[34.5243,56.1016],[34.5291,56.155]]}},{"type":"Feature","properties":{"name":null,"rank":12},"geometry":{"type":"LineString","coordinates":[[39.8137,52.5631],[39.7068,52.6159]]}},{"type":"Feature","properties":{"name":"San","rank":10},"geometry":{"type":"LineString","coordinates":[[22.4881,49.366],[22.4543,49.4009]]}},{"type":"Feature","properties":{"name":"Drut","rank":12},"geometry":{"type":"LineString","coordinates":[[29.8349,53.5563],[29.8489,53.5264],[29.8495,53.4431]]}},{"type":"Feature","properties":{"name":null,"rank":10},"geometry":{"type":"LineString","coordinates":[[39.3788,57.1857],[39.4609,57.1837],[39.4888,57.2131]]}},{"type":"Feature","properties":{"name":null,"rank":11},"geometry":{"type":"LineString","coordinates":[[38.8276,56.7436],[38.7383,56.8037]]}},{"type":"Feature","properties":{"name":null,"rank":11},"geometry":{"type":"LineString","coordinates":[[27.4421,54.0071],[27.3978,53.9669]]}},{"type":"Feature","properties":{"name":null,"rank":10},"geometry":{"type":"LineString","coordinates":[[27.8947,52.4238],[27.9837,52.4149],[28.0391,52.3961]]}},{"type":"Feature","properties":{"name":"Voronezh","rank":10},"geometry":{"type":"LineString","coordinates":[[39.2825,51.7895],[39.2598,51.7637],[39.198,51.5908],[39.1406,51.5499]]}},{"type":"Feature","properties":{"name":"Narew","rank":10},"geometry":{"type":"LineString","coordinates":[[23.8748,52.9164],[23.7617,52.9463]]}},{"type":"Feature","properties":{"name":"Desna","rank":10},"geometry":{"type":"LineString","coordinates":[[33.1362,54.2805],[33.2957,54.1673]]}},{"type":"Feature","properties":{"name":"Desna","rank":10},"geometry":{"type":"LineString","coordinates":[[33.0954,54.2918],[33.1133,54.2869]]}},{"type":"Feature","properties":{"name":"Desna","rank":10},"geometry":{"type":"LineString","coordinates":[[33.0666,54.3065],[33.0803,54.2975]]}},{"type":"Feature","properties":{"name":"Pilica","rank":10},"geometry":{"type":"LineString","coordinates":[[19.8642,51.3945],[19.8755,51.4115],[19.9872,51.4756]]}},{"type":"Feature","properties":{"name":"Oskol","rank":11},"geometry":{"type":"LineString","coordinates":[[37.742,51.4195],[37.786,51.3852]]}},{"type":"Feature","properties":{"name":"Oskol","rank":11},"geometry":{"type":"LineString","coordinates":[[37.677,49.564],[37.686,49.5483],[37.6385,49.4778],[37.554,49.4175],[37.5447,49.3642],[37.5833,49.3122],[37.5181,49.2739],[37.5151,49.2128]]}},{"type":"Feature","properties":{"name":"Yasyelda","rank":11},"geometry":{"type":"LineString","coordinates":[[24.7949,52.6345],[24.8602,52.6359],[24.939,52.6073],[24.9746,52.5791]]}},{"type":"Feature","properties":{"name":"Váh","rank":10},"geometry":{"type":"LineString","coordinates":[[19.4888,49.4118],[19.5453,49.3884]]}},{"type":"Feature","properties":{"name":"Bengawan Solo","rank":1},"geometry":{"type":"LineString","coordinates":[[110.92,-7.95],[110.91,-7.88],[110.925,-7.814],[110.9,-7.75],[110.87,-7.68],[110.84,-7.63],[110.85,-7.58],[110.858,-7.562],[110.88,-7.53],[110.94,-7.48],[111.02,-7.43],[111.12,-7.4],[111.23,-7.41],[111.33,-7.39],[111.446,-7.404],[111.48,-7.36],[111.52,-7.28],[111.55,-7.2],[111.589,-7.15],[111.66,-7.14],[111.75,-7.16],[111.882,-7.151],[111.96,-7.13],[112.06,-7.11],[112.16,-7.11],[112.28,-7.05],[112.38,-7],[112.48,-6.95],[112.55,-6.87]]}},{"type":"Feature","properties":{"name":"Kali Madiun","rank":2},"geometry":{"type":"LineString","coordinates":[[111.45,-7.98],[111.467,-7.869],[111.48,-7.78],[111.5,-7.7],[111.524,-7.629],[111.51,-7.54],[111.48,-7.47],[111.446,-7.404]]}},{"type":"Feature","properties":{"name":"Kali Progo","rank":2},"geometry":{"type":"LineString","coordinates":[[110.15,-7.28],[110.174,-7.316],[110.2,-7.36],[110.23,-7.42],[110.22,-7.47],[110.21,-7.54],[110.2,-7.6],[110.21,-7.68],[110.23,-7.75],[110.235,-7.82],[110.23,-7.87],[110.22,-7.93],[110.2,-7.98]]}},{"type":"Feature","properties":{"name":"Kali Elo","rank":3},"geometry":{"type":"LineString","coordinates":[[110.37,-7.37],[110.32,-7.41],[110.27,-7.45],[110.24,-7.49],[110.22,-7.56],[110.2,-7.6]]}},{"type":"Feature","properties":{"name":"Kali Bogowonto","rank":2},"geometry":{"type":"LineString","coordinates":[[110.05,-7.47],[110.06,-7.52],[110.07,-7.58],[110.05,-7.64],[110.02,-7.7],[110.008,-7.715],[110.02,-7.76],[110.03,-7.81],[110.02,-7.86],[110.01,-7.9]]}},{"type":"Feature","properties":{"name":"Kali Opak","rank":3},"geometry":{"type":"LineString","coordinates":[[110.45,-7.58],[110.47,-7.66],[110.49,-7.75],[110.46,-7.82],[110.41,-7.87],[110.39,-7.91],[110.35,-7.95],[110.29,-7.99]]}},{"type":"Feature","properties":{"name":"Kali Code","rank":4},"geometry":{"type":"LineString","coordinates":[[110.42,-7.65],[110.4,-7.72],[110.37,-7.78],[110.37,-7.84],[110.38,-7.89],[110.39,-7.91]]}},{"type":"Feature","properties":{"name":"Kali Krasak","rank":4},"geometry":{"type":"LineString","coordinates":[[110.43,-7.56],[110.38,-7.59],[110.32,-7.64],[110.26,-7.68],[110.23,-7.75]]}},{"type":"Feature","properties":{"name":"Kali Serayu","rank":2},"geometry":{"type":"LineString","coordinates":[[109.91,-7.21],[109.9,-7.29],[109.901,-7.363],[109.8,-7.38],[109.697,-7.397],[109.55,-7.42],[109.43,-7.46],[109.34,-7.49],[109.294,-7.514],[109.21,-7.53],[109.15,-7.57],[109.12,-7.63],[109.11,-7.69]]}},{"type":"Feature","properties":{"name":"Kali Brantas","rank":1},"geometry":{"type":"LineString","coordinates":[[112.55,-7.76],[112.58,-7.86],[112.632,-7.979],[112.6,-8.07],[112.57,-8.14],[112.45,-8.15],[112.3,-8.12],[112.168,-8.098],[112.04,-8.08],[111.9,-8.07],[111.93,-7.98],[111.98,-7.9],[112.012,-7.817],[112.06,-7.7],[112.1,-7.59],[112.16,-7.56],[112.233,-7.546],[112.33,-7.5],[112.434,-7.472],[112.55,-7.4],[112.66,-7.33],[112.738,-7.246]]}},{"type":"Feature","properties":{"name":"Kali Porong","rank":2},"geometry":{"type":"LineString","coordinates":[[112.434,-7.472],[112.56,-7.51],[112.68,-7.54],[112.82,-7.54],[112.87,-7.54]]}},{"type":"Feature","properties":{"name":"Kali Tuntang","rank":3},"geometry":{"type":"LineString","coordinates":[[110.43,-7.26],[110.48,-7.23],[110.53,-7.18],[110.6,-7.14],[110.61,-7.06],[110.58,-6.98],[110.54,-6.92],[110.49,-6.86]]}},{"type":"Feature","properties":{"name":"Kali Bodri","rank":3},"geometry":{"type":"LineString","coordinates":[[110.05,-7.15],[110.1,-7.08],[110.15,-7],[110.19,-6.94],[110.18,-6.87]]}}]}